{"type":"FeatureCollection", "features": [
{"type":"Feature","geometry":{"type":"Polygon","coordinates":[[[103.00922,2.17959],[102.96138,2.20211],[102.90798,2.11747],[102.79938,1.95807],[102.77728,1.86589],[102.89443,1.82036],[102.88427,1.78463],[102.93926,1.73877],[103.0515,1.71503],[103.1875,1.62432],[103.22721,1.76649],[103.1883,1.7839],[103.18949,1.85827],[103.18575,1.93134],[103.25349,1.98833],[103.16742,2.15122],[103.00922,2.17959]]]},"properties":{"state":"Johor","district":"Batu Pahat","code_state":1,"code_district":1,"code_state_district":"1_1"}},
{"type":"Feature","geometry":{"type":"Polygon","coordinates":[[[103.54149,1.35411],[103.60755,1.28803],[103.71238,1.45721],[103.81093,1.47821],[103.89607,1.42771],[104.02908,1.44184],[104.02174,1.55084],[103.97496,1.6432],[103.9015,1.67069],[103.86702,1.59713],[103.76668,1.66863],[103.72573,1.66075],[103.73735,1.63971],[103.65207,1.59103],[103.63947,1.54079],[103.61352,1.56569],[103.59306,1.55671],[103.57893,1.55952],[103.54969,1.53575],[103.54478,1.52989],[103.54247,1.52168],[103.57624,1.52506],[103.57952,1.48596],[103.57946,1.47638],[103.55386,1.46836],[103.55432,1.46428],[103.54149,1.35411]]]},"properties":{"state":"Johor","district":"Johor Bahru","code_state":1,"code_district":2,"code_state_district":"1_2"}},
{"type":"Feature","geometry":{"type":"Polygon","coordinates":[[[103.56089,2.04413],[103.63261,2.27889],[103.6297,2.3744],[103.53619,2.33943],[103.42505,2.38729],[103.30156,2.30328],[103.15122,2.25061],[103.10556,2.21623],[103.10494,2.16711],[103.16742,2.15122],[103.25349,1.98833],[103.18575,1.93134],[103.18949,1.85827],[103.18885,1.78335],[103.23795,1.76245],[103.28416,1.74691],[103.36331,1.70991],[103.40343,1.76453],[103.43015,1.78743],[103.48286,1.80604],[103.51758,1.80393],[103.59267,1.80036],[103.62967,1.79491],[103.63877,1.79509],[103.63332,1.80792],[103.54944,1.9035],[103.56089,2.04413]]]},"properties":{"state":"Johor","district":"Kluang","code_state":1,"code_district":3,"code_state_district":"1_3"}},
{"type":"Feature","geometry":{"type":"Polygon","coordinates":[[[104.02908,1.44184],[104.11263,1.39847],[104.08757,1.36846],[104.20025,1.3358],[104.28341,1.36823],[104.29749,1.43316],[104.26358,1.60999],[104.16145,1.84654],[104.10863,1.88046],[104.13014,1.92732],[104.06406,2.04389],[103.56089,2.04413],[103.54944,1.9035],[103.63332,1.80792],[103.64718,1.79127],[103.66607,1.76002],[103.67852,1.7346],[103.72573,1.66075],[103.76668,1.66863],[103.86702,1.59713],[103.9015,1.67069],[103.97496,1.6432],[104.02174,1.55084],[104.02908,1.44184]]]},"properties":{"state":"Johor","district":"Kota Tinggi","code_state":1,"code_district":4,"code_state_district":"1_4"}},
{"type":"Feature","geometry":{"type":"MultiPolygon","coordinates":[[[[104.06406,2.04389],[103.96091,2.20447],[103.95907,2.31491],[103.83658,2.44427],[103.81361,2.58821],[103.75448,2.65041],[103.73229,2.63084],[103.65756,2.66477],[103.65096,2.65749],[103.63543,2.65977],[103.61739,2.65219],[103.614,2.65298],[103.60533,2.65995],[103.59695,2.66144],[103.59135,2.65895],[103.58735,2.65191],[103.59107,2.63727],[103.593,2.6337],[103.59991,2.63113],[103.60339,2.63364],[103.61069,2.65119],[103.61839,2.6303],[103.62458,2.60326],[103.62319,2.58612],[103.60994,2.58551],[103.60542,2.58462],[103.59768,2.56672],[103.60128,2.5647],[103.60954,2.57485],[103.61421,2.5724],[103.61276,2.55351],[103.609,2.5621],[103.59216,2.54708],[103.59518,2.54469],[103.59171,2.52733],[103.62341,2.5328],[103.63795,2.48738],[103.62877,2.46793],[103.62399,2.46307],[103.61435,2.46309],[103.61038,2.47003],[103.60865,2.47056],[103.60833,2.45784],[103.47171,2.52657],[103.3551,2.59039],[103.28889,2.57795],[103.38118,2.37948],[103.42505,2.38729],[103.53619,2.33943],[103.6297,2.3744],[103.63261,2.27889],[103.56089,2.04413],[104.06406,2.04389]]],[[[104.11254,2.31601],[104.09987,2.29533],[104.14458,2.28757],[104.11254,2.31601]]],[[[104.52273,2.4606],[104.49665,2.46174],[104.51947,2.42786],[104.52273,2.4606]]]]},"properties":{"state":"Johor","district":"Mersing","code_state":1,"code_district":5,"code_state_district":"1_5"}},
{"type":"Feature","geometry":{"type":"Polygon","coordinates":[[[102.88144,2.40927],[102.85863,2.41372],[102.83206,2.37776],[102.82897,2.36596],[102.82783,2.36089],[102.83069,2.35544],[102.82209,2.34397],[102.79779,2.30758],[102.80086,2.30332],[102.78801,2.29751],[102.79618,2.28091],[102.8126,2.27908],[102.79644,2.25331],[102.80936,2.24907],[102.80731,2.24412],[102.77155,2.22826],[102.78888,2.22599],[102.76984,2.19988],[102.71135,2.17352],[102.70333,2.2068],[102.66084,2.17211],[102.67676,2.14304],[102.64343,2.1592],[102.61507,2.11562],[102.60503,2.12979],[102.60882,2.15116],[102.59636,2.1468],[102.60203,2.10127],[102.59757,2.09087],[102.55345,2.08238],[102.56283,2.06608],[102.56408,2.06719],[102.56374,2.04562],[102.54895,2.02782],[102.68548,1.86821],[102.77728,1.86589],[102.79938,1.95807],[102.90798,2.11747],[103.02441,2.30341],[102.89876,2.39307],[102.89061,2.39889],[102.88144,2.40927]]]},"properties":{"state":"Johor","district":"Muar","code_state":1,"code_district":6,"code_state_district":"1_6"}},
{"type":"Feature","geometry":{"type":"Polygon","coordinates":[[[103.1875,1.62432],[103.36165,1.53657],[103.44132,1.32419],[103.50819,1.26378],[103.54149,1.35411],[103.55432,1.46428],[103.55386,1.46836],[103.57946,1.47638],[103.57952,1.48596],[103.57624,1.52506],[103.54125,1.52157],[103.46809,1.62059],[103.28416,1.74691],[103.23795,1.76245],[103.22721,1.76649],[103.1875,1.62432]]]},"properties":{"state":"Johor","district":"Pontian","code_state":1,"code_district":7,"code_state_district":"1_7"}},
{"type":"Feature","geometry":{"type":"Polygon","coordinates":[[[102.97169,2.59392],[102.79434,2.80348],[102.6997,2.83246],[102.62382,2.62517],[102.63344,2.60949],[102.63833,2.59993],[102.60634,2.48806],[102.61452,2.47571],[102.65305,2.40968],[102.67385,2.41974],[102.67952,2.39955],[102.68888,2.39939],[102.69891,2.41604],[102.71079,2.42637],[102.79381,2.39461],[102.79978,2.39534],[102.80547,2.38136],[102.80441,2.37626],[102.81644,2.3682],[102.83206,2.37776],[102.85863,2.41372],[102.88144,2.40927],[102.89061,2.39889],[102.89876,2.39307],[103.02441,2.30341],[102.96138,2.20211],[103.00922,2.17959],[103.10494,2.16711],[103.10556,2.21623],[103.15122,2.25061],[103.30156,2.30328],[103.38118,2.37948],[103.28889,2.57795],[103.1483,2.52028],[102.97169,2.59392]]]},"properties":{"state":"Johor","district":"Segamat","code_state":1,"code_district":8,"code_state_district":"1_8"}},
{"type":"Feature","geometry":{"type":"Polygon","coordinates":[[[103.51758,1.80393],[103.48286,1.80604],[103.43015,1.78743],[103.40343,1.76453],[103.36331,1.70991],[103.46809,1.62059],[103.54125,1.52157],[103.54247,1.52168],[103.54587,1.53188],[103.54969,1.53575],[103.57893,1.55952],[103.59306,1.55671],[103.61352,1.56569],[103.63947,1.54079],[103.65207,1.59103],[103.73735,1.63971],[103.72573,1.66075],[103.67852,1.7346],[103.66607,1.76002],[103.64718,1.79127],[103.63877,1.79509],[103.62967,1.79491],[103.59267,1.80036],[103.51758,1.80393]]]},"properties":{"state":"Johor","district":"Kulai","code_state":1,"code_district":9,"code_state_district":"1_9"}},
{"type":"Feature","geometry":{"type":"Polygon","coordinates":[[[102.65305,2.40968],[102.61452,2.47571],[102.6136,2.47331],[102.61475,2.46471],[102.60301,2.45562],[102.59356,2.4406],[102.59225,2.40541],[102.51133,2.34948],[102.47201,2.20634],[102.47549,2.18355],[102.53987,2.1397],[102.48895,2.09882],[102.56374,2.04562],[102.56408,2.06719],[102.56283,2.06608],[102.55345,2.08238],[102.59757,2.09087],[102.60203,2.10127],[102.59636,2.1468],[102.60882,2.15116],[102.60503,2.12979],[102.61507,2.11562],[102.64343,2.1592],[102.67676,2.14304],[102.66084,2.17211],[102.70333,2.2068],[102.71135,2.17352],[102.76984,2.19988],[102.78888,2.22599],[102.77155,2.22826],[102.80731,2.24412],[102.80936,2.24907],[102.79644,2.25331],[102.8126,2.27908],[102.79618,2.28091],[102.78801,2.29751],[102.80086,2.30332],[102.79779,2.30758],[102.82209,2.34397],[102.83069,2.35544],[102.82783,2.36089],[102.82897,2.36596],[102.81644,2.3682],[102.80441,2.37626],[102.80547,2.38136],[102.79978,2.39534],[102.79381,2.39461],[102.71079,2.42637],[102.69891,2.41604],[102.68888,2.39939],[102.67952,2.39955],[102.67385,2.41974],[102.65305,2.40968]]]},"properties":{"state":"Johor","district":"Tangkak","code_state":1,"code_district":10,"code_state_district":"1_10"}},
{"type":"Feature","geometry":{"type":"Polygon","coordinates":[[[100.98309,5.77593],[101.02821,5.91753],[101.08631,5.91743],[101.12207,5.98402],[101.10995,6.04508],[101.0558,6.04715],[100.96005,6.04051],[100.86583,5.98343],[100.89697,5.91566],[100.85828,5.76684],[100.88924,5.73374],[100.87433,5.69171],[100.80212,5.72233],[100.70869,5.69791],[100.70057,5.68711],[100.68731,5.69001],[100.67348,5.70594],[100.67332,5.71429],[100.669,5.71512],[100.66938,5.73416],[100.66776,5.73591],[100.65285,5.73559],[100.64819,5.70118],[100.65326,5.6967],[100.66365,5.63436],[100.60944,5.5775],[100.61296,5.56805],[100.60272,5.55146],[100.63865,5.56693],[100.64364,5.5647],[100.64897,5.55217],[100.66177,5.54985],[100.67867,5.54596],[100.6838,5.53662],[100.68196,5.53622],[100.68955,5.51554],[100.72922,5.41508],[100.7994,5.40617],[100.80818,5.39961],[100.83462,5.40532],[100.86703,5.42899],[100.86759,5.45714],[100.86861,5.47108],[100.9082,5.49511],[100.9178,5.49718],[100.93416,5.52748],[100.93951,5.54073],[100.93395,5.56988],[100.9245,5.6192],[100.96626,5.64937],[100.97777,5.71749],[100.9789,5.72435],[100.9711,5.72902],[100.95741,5.74013],[100.94254,5.76547],[100.98309,5.77593]]]},"properties":{"state":"Kedah","district":"Baling","code_state":2,"code_district":1,"code_state_district":"2_1"}},
{"type":"Feature","geometry":{"type":"Polygon","coordinates":[[[100.72164,5.33256],[100.71057,5.33722],[100.63211,5.23917],[100.5476,5.24946],[100.54414,5.25294],[100.54086,5.25045],[100.53935,5.24858],[100.55256,5.14372],[100.50796,5.1461],[100.49922,5.1277],[100.50519,5.11853],[100.555,5.07718],[100.61067,5.13403],[100.61988,5.13315],[100.62453,5.13562],[100.6289,5.1452],[100.72543,5.25957],[100.72951,5.2727],[100.73819,5.30388],[100.7276,5.31081],[100.72164,5.33256]]]},"properties":{"state":"Kedah","district":"Bandar Baharu","code_state":2,"code_district":2,"code_state_district":"2_2"}},
{"type":"Feature","geometry":{"type":"Polygon","coordinates":[[[100.375,6.21077],[100.3456,6.23236],[100.28734,6.2228],[100.25879,6.18362],[100.36199,5.97038],[100.3863,5.98014],[100.4015,5.97066],[100.41154,5.97266],[100.38852,6.04036],[100.46677,6.06628],[100.47002,6.07407],[100.47443,6.0768],[100.47116,6.08612],[100.4416,6.1071],[100.44847,6.15785],[100.46499,6.18139],[100.47178,6.18401],[100.45605,6.21367],[100.43646,6.21332],[100.43133,6.20651],[100.375,6.21077]]]},"properties":{"state":"Kedah","district":"Kota Setar","code_state":2,"code_district":3,"code_state_district":"2_3"}},
{"type":"Feature","geometry":{"type":"Polygon","coordinates":[[[100.47982,5.86295],[100.48027,5.89305],[100.4624,5.86535],[100.46449,5.84946],[100.46889,5.84214],[100.46599,5.83772],[100.3918,5.71836],[100.35214,5.71847],[100.38096,5.67764],[100.33303,5.66224],[100.3382,5.58043],[100.37082,5.58631],[100.3786,5.58102],[100.5219,5.55703],[100.5259,5.55375],[100.53744,5.56406],[100.56749,5.53138],[100.60272,5.55146],[100.61296,5.56805],[100.60944,5.5775],[100.66365,5.63436],[100.65326,5.6967],[100.64819,5.70118],[100.65285,5.73559],[100.65233,5.74653],[100.62428,5.8063],[100.62744,5.81897],[100.62562,5.82973],[100.60526,5.82621],[100.60335,5.83994],[100.47982,5.86295]]]},"properties":{"state":"Kedah","district":"Kuala Muda","code_state":2,"code_district":4,"code_state_district":"2_4"}},
{"type":"Feature","geometry":{"type":"Polygon","coordinates":[[[100.59453,6.45948],[100.49298,6.52339],[100.37136,6.53059],[100.36356,6.45365],[100.20377,6.2786],[100.203,6.2698],[100.19923,6.25713],[100.25879,6.18362],[100.28734,6.2228],[100.3456,6.23236],[100.375,6.21077],[100.43133,6.20651],[100.43646,6.21332],[100.45605,6.21367],[100.45903,6.21056],[100.46649,6.23251],[100.47305,6.23745],[100.50244,6.25474],[100.51058,6.25972],[100.5174,6.25874],[100.52183,6.26998],[100.50028,6.34771],[100.59453,6.45948]]]},"properties":{"state":"Kedah","district":"Kubang Pasu","code_state":2,"code_district":5,"code_state_district":"2_5"}},
{"type":"Feature","geometry":{"type":"Polygon","coordinates":[[[100.64364,5.5647],[100.63865,5.56693],[100.60272,5.55146],[100.56749,5.53138],[100.53744,5.56406],[100.52922,5.55645],[100.52516,5.36898],[100.53935,5.24858],[100.54315,5.25125],[100.54309,5.25306],[100.5476,5.24946],[100.63211,5.23917],[100.71057,5.33722],[100.72164,5.33256],[100.7276,5.31081],[100.75291,5.31614],[100.76179,5.31366],[100.84866,5.35106],[100.86703,5.42899],[100.83462,5.40532],[100.80818,5.39961],[100.7994,5.40617],[100.72922,5.41508],[100.68955,5.51554],[100.68196,5.53622],[100.6838,5.53662],[100.67867,5.54596],[100.66177,5.54985],[100.64897,5.55217],[100.64364,5.5647]]]},"properties":{"state":"Kedah","district":"Kulim","code_state":2,"code_district":6,"code_state_district":"2_6"}},
{"type":"Feature","geometry":{"type":"MultiPolygon","coordinates":[[[[99.8252,6.47703],[99.84487,6.44428],[99.74683,6.43022],[99.73018,6.39705],[99.73306,6.43071],[99.6409,6.43416],[99.65268,6.36216],[99.71751,6.35289],[99.72938,6.25762],[99.80741,6.31791],[99.84732,6.32342],[99.86392,6.2923],[99.91438,6.33327],[99.91003,6.39136],[99.88791,6.37839],[99.89653,6.40623],[99.8252,6.47703]]],[[[99.83392,6.29367],[99.76828,6.21611],[99.81431,6.16514],[99.8361,6.21392],[99.81519,6.21479],[99.83392,6.29367]]],[[[99.84843,6.26166],[99.82139,6.23194],[99.85386,6.21033],[99.84843,6.26166]]],[[[99.92668,6.32202],[99.88361,6.30823],[99.92186,6.29167],[99.92668,6.32202]]]]},"properties":{"state":"Kedah","district":"Langkawi","code_state":2,"code_district":7,"code_state_district":"2_7"}},
{"type":"Feature","geometry":{"type":"Polygon","coordinates":[[[100.85307,6.23294],[100.81219,6.44376],[100.75626,6.45588],[100.74059,6.50679],[100.65469,6.44346],[100.59453,6.45948],[100.50028,6.34771],[100.52183,6.26998],[100.5174,6.25874],[100.51058,6.25972],[100.50994,6.25719],[100.51694,6.23947],[100.54415,6.19214],[100.57626,6.22041],[100.58313,6.22785],[100.5865,6.21657],[100.63814,6.12753],[100.64064,6.11506],[100.64407,6.11395],[100.64608,6.06482],[100.68896,5.97995],[100.68947,5.96971],[100.7166,5.95816],[100.71605,5.9699],[100.72978,6.00673],[100.73332,6.01528],[100.81653,6.1547],[100.83176,6.15405],[100.84774,6.15482],[100.85707,6.1579],[100.85647,6.21096],[100.85307,6.23294]]]},"properties":{"state":"Kedah","district":"Padang Terap","code_state":2,"code_district":8,"code_state_district":"2_8"}},
{"type":"Feature","geometry":{"type":"Polygon","coordinates":[[[101.0558,6.04715],[101.09865,6.05194],[101.12267,6.09575],[101.05824,6.14187],[101.12562,6.19307],[101.11279,6.25144],[101.01868,6.24644],[100.96841,6.28424],[100.94574,6.24272],[100.89995,6.23341],[100.87373,6.2636],[100.85307,6.23294],[100.85647,6.21096],[100.85707,6.1579],[100.84774,6.15482],[100.83176,6.15405],[100.81653,6.1547],[100.73332,6.01528],[100.72978,6.00673],[100.71605,5.9699],[100.7166,5.95816],[100.68947,5.96971],[100.67554,5.97197],[100.60632,5.84557],[100.60526,5.82621],[100.62562,5.82973],[100.62744,5.81897],[100.62428,5.8063],[100.65233,5.74653],[100.66776,5.73591],[100.66938,5.73416],[100.669,5.71512],[100.67332,5.71429],[100.67348,5.70594],[100.68731,5.69001],[100.70057,5.68711],[100.70869,5.69791],[100.80212,5.72233],[100.87433,5.69171],[100.88924,5.73374],[100.85828,5.76684],[100.89697,5.91566],[100.86583,5.98343],[100.96005,6.04051],[101.0558,6.04715]]]},"properties":{"state":"Kedah","district":"Sik","code_state":2,"code_district":9,"code_state_district":"2_9"}},
{"type":"Feature","geometry":{"type":"Polygon","coordinates":[[[100.4015,5.97066],[100.3863,5.98014],[100.36199,5.97038],[100.35214,5.71847],[100.3918,5.71836],[100.46599,5.83772],[100.46889,5.84214],[100.46449,5.84946],[100.44961,5.89325],[100.44905,5.93254],[100.43765,5.95031],[100.42264,5.9701],[100.41154,5.97266],[100.4015,5.97066]]]},"properties":{"state":"Kedah","district":"Yan","code_state":2,"code_district":10,"code_state_district":"2_10"}},
{"type":"Feature","geometry":{"type":"Polygon","coordinates":[[[100.61976,6.11822],[100.60926,6.12366],[100.60398,6.11102],[100.47893,6.07993],[100.47443,6.0768],[100.47002,6.07407],[100.46677,6.06628],[100.38852,6.04036],[100.41154,5.97266],[100.42264,5.9701],[100.43765,5.95031],[100.44905,5.93254],[100.44961,5.89325],[100.4624,5.86535],[100.48027,5.89305],[100.47982,5.86295],[100.60335,5.83994],[100.60632,5.84557],[100.67554,5.97197],[100.68896,5.97995],[100.64608,6.06482],[100.64407,6.11395],[100.64064,6.11506],[100.61976,6.11822]]]},"properties":{"state":"Kedah","district":"Pendang","code_state":2,"code_district":11,"code_state_district":"2_11"}},
{"type":"Feature","geometry":{"type":"Polygon","coordinates":[[[100.51694,6.23947],[100.50994,6.25719],[100.50244,6.25474],[100.47305,6.23745],[100.46649,6.23251],[100.45903,6.21056],[100.47178,6.18401],[100.46499,6.18139],[100.44847,6.15785],[100.4416,6.1071],[100.47116,6.08612],[100.47893,6.07993],[100.60398,6.11102],[100.60926,6.12366],[100.61976,6.11822],[100.63814,6.12753],[100.5865,6.21657],[100.58313,6.22785],[100.57626,6.22041],[100.54415,6.19214],[100.51694,6.23947]]]},"properties":{"state":"Kedah","district":"Pokok Sena","code_state":2,"code_district":12,"code_state_district":"2_12"}},
{"type":"Feature","geometry":{"type":"Polygon","coordinates":[[[102.46838,5.91676],[102.37517,6.12398],[102.33124,6.15226],[102.33471,6.11258],[102.30794,6.10764],[102.31953,6.09291],[102.32369,6.08616],[102.33559,6.0804],[102.33301,6.00524],[102.32543,5.96976],[102.29317,5.95174],[102.28563,5.94095],[102.29289,5.94071],[102.29647,5.93695],[102.34506,5.94257],[102.40319,5.88491],[102.46838,5.91676]]]},"properties":{"state":"Kelantan","district":"Bachok","code_state":3,"code_district":1,"code_state_district":"3_1"}},
{"type":"Feature","geometry":{"type":"Polygon","coordinates":[[[102.33124,6.15226],[102.22364,6.21869],[102.23542,6.18644],[102.23715,6.16094],[102.21819,6.10048],[102.22056,6.06878],[102.17552,6.04392],[102.15465,6.04583],[102.15276,6.02543],[102.19974,5.98593],[102.19918,5.93627],[102.19654,5.91403],[102.23718,5.8894],[102.2472,5.8953],[102.25854,5.88785],[102.2636,5.8871],[102.26349,5.89738],[102.27533,5.93153],[102.29317,5.95174],[102.32543,5.96976],[102.33301,6.00524],[102.33559,6.0804],[102.32369,6.08616],[102.31953,6.09291],[102.30794,6.10764],[102.33471,6.11258],[102.33124,6.15226]]]},"properties":{"state":"Kelantan","district":"Kota Bharu","code_state":3,"code_district":2,"code_state_district":"3_2"}},
{"type":"Feature","geometry":{"type":"Polygon","coordinates":[[[102.4328,5.74881],[102.40982,5.74218],[102.40473,5.74495],[102.39947,5.77348],[102.374,5.74237],[102.31067,5.75894],[102.27514,5.86221],[102.27972,5.8717],[102.27498,5.88302],[102.2718,5.88286],[102.25854,5.88785],[102.2472,5.8953],[102.23718,5.8894],[102.19654,5.91403],[102.18157,5.88719],[102.17648,5.8527],[102.16873,5.79939],[102.15023,5.76906],[102.149,5.74482],[102.14287,5.72195],[102.14557,5.69279],[102.11307,5.69293],[102.1129,5.64111],[102.17943,5.63753],[102.19317,5.64273],[102.1925,5.66641],[102.20286,5.66887],[102.34225,5.66735],[102.36392,5.67531],[102.38134,5.68181],[102.42991,5.73814],[102.43645,5.74553],[102.4328,5.74881]]]},"properties":{"state":"Kelantan","district":"Machang","code_state":3,"code_district":3,"code_state_district":"3_3"}},
{"type":"Feature","geometry":{"type":"Polygon","coordinates":[[[102.10462,6.15104],[101.94722,5.99177],[101.93756,5.90674],[101.98089,5.93332],[102.00603,5.91557],[102.04964,5.89549],[102.16946,5.89359],[102.17418,5.88956],[102.18156,5.88858],[102.18157,5.88719],[102.19918,5.93627],[102.19974,5.98593],[102.15276,6.02543],[102.15465,6.04583],[102.17552,6.04392],[102.22056,6.06878],[102.2075,6.09053],[102.12546,6.14161],[102.1145,6.15245],[102.10462,6.15104]]]},"properties":{"state":"Kelantan","district":"Pasir Mas","code_state":3,"code_district":4,"code_state_district":"3_4"}},
{"type":"Feature","geometry":{"type":"Polygon","coordinates":[[[102.46838,5.91676],[102.40319,5.88491],[102.34506,5.94257],[102.29647,5.93695],[102.29289,5.94071],[102.28563,5.94095],[102.27533,5.93153],[102.26349,5.89738],[102.2636,5.8871],[102.2718,5.88286],[102.27498,5.88302],[102.27972,5.8717],[102.27514,5.86221],[102.31067,5.75894],[102.374,5.74237],[102.39947,5.77348],[102.40473,5.74495],[102.40982,5.74218],[102.4328,5.74881],[102.4341,5.74775],[102.53662,5.8473],[102.46838,5.91676]]]},"properties":{"state":"Kelantan","district":"Pasir Puteh","code_state":3,"code_district":5,"code_state_district":"3_5"}},
{"type":"Feature","geometry":{"type":"Polygon","coordinates":[[[102.04964,5.89549],[102.00603,5.91557],[101.98089,5.93332],[101.93756,5.90674],[101.88342,5.80484],[101.89781,5.77514],[101.90473,5.7545],[101.90724,5.75459],[101.91313,5.7547],[101.97023,5.72111],[101.94426,5.61071],[101.9691,5.55071],[101.97008,5.54026],[101.97346,5.53843],[101.99518,5.53134],[102.01697,5.51431],[102.02928,5.52488],[102.02855,5.53393],[102.03422,5.55249],[102.05288,5.58175],[102.06013,5.58605],[102.08653,5.59528],[102.09883,5.60265],[102.10179,5.62489],[102.10909,5.63836],[102.11307,5.69293],[102.14557,5.69279],[102.14287,5.72195],[102.149,5.74482],[102.15023,5.76906],[102.16873,5.79939],[102.17648,5.8527],[102.18156,5.88858],[102.17418,5.88956],[102.16946,5.89359],[102.04964,5.89549]]]},"properties":{"state":"Kelantan","district":"Tanah Merah","code_state":3,"code_district":6,"code_state_district":"3_6"}},
{"type":"Feature","geometry":{"type":"Polygon","coordinates":[[[102.22364,6.21869],[102.1606,6.20167],[102.08677,6.24397],[102.07847,6.17114],[102.10462,6.15104],[102.1145,6.15245],[102.12546,6.14161],[102.2075,6.09053],[102.21819,6.10048],[102.23715,6.16094],[102.23542,6.18644],[102.22364,6.21869]]]},"properties":{"state":"Kelantan","district":"Tumpat","code_state":3,"code_district":7,"code_state_district":"3_7"}},
{"type":"Feature","geometry":{"type":"Polygon","coordinates":[[[101.81941,4.75171],[101.81967,4.72313],[101.88863,4.67085],[101.90295,4.6086],[101.95054,4.72246],[101.94901,4.7449],[102.00058,4.76219],[102.04891,4.72478],[102.09461,4.75786],[102.12728,4.73778],[102.15973,4.69253],[102.21836,4.62871],[102.2335,4.63299],[102.27127,4.66276],[102.34488,4.63983],[102.36311,4.69577],[102.36743,4.70799],[102.449,4.7118],[102.50215,4.66747],[102.54902,4.70947],[102.60371,4.6871],[102.60081,4.76789],[102.60758,4.77228],[102.63544,4.76419],[102.65707,4.75898],[102.64976,4.84748],[102.50772,4.90103],[102.49883,5.07401],[102.52762,5.10395],[102.5193,5.11468],[102.49702,5.13377],[102.48454,5.1444],[102.41413,5.18218],[102.42416,5.21177],[102.41912,5.24008],[102.41758,5.27938],[102.41652,5.29045],[102.34884,5.29446],[102.29319,5.25552],[102.13186,5.25569],[102.14039,5.17482],[102.07571,5.17609],[101.82787,5.28659],[101.79067,5.36327],[101.74168,5.43875],[101.73993,5.43691],[101.74538,5.41309],[101.70245,5.36084],[101.64441,5.36754],[101.63715,5.36481],[101.61559,5.39102],[101.57081,5.29703],[101.52414,5.27777],[101.49205,5.08446],[101.4442,4.99691],[101.44132,4.99231],[101.57724,4.93736],[101.78167,4.9438],[101.76884,4.99734],[101.81465,4.98957],[101.79912,4.94246],[101.84238,4.89589],[101.81941,4.75171]]]},"properties":{"state":"Kelantan","district":"Gua Musang","code_state":3,"code_district":8,"code_state_district":"3_8"}},
{"type":"Feature","geometry":{"type":"Polygon","coordinates":[[[102.38501,5.67888],[102.38134,5.68181],[102.36392,5.67531],[102.34225,5.66735],[102.20286,5.66887],[102.1925,5.66641],[102.19317,5.64273],[102.17943,5.63753],[102.1129,5.64111],[102.10909,5.63836],[102.10179,5.62489],[102.09883,5.60265],[102.08653,5.59528],[102.06013,5.58605],[102.05288,5.58175],[102.03422,5.55249],[102.02855,5.53393],[102.02928,5.52488],[102.01697,5.51431],[101.99518,5.53134],[101.99123,5.51613],[101.99358,5.49145],[101.98938,5.47458],[101.99205,5.46257],[101.98663,5.45263],[101.90707,5.35039],[101.79067,5.36327],[101.82787,5.28659],[102.07571,5.17609],[102.14039,5.17482],[102.13186,5.25569],[102.29319,5.25552],[102.34884,5.29446],[102.42126,5.31661],[102.44203,5.36117],[102.44346,5.36025],[102.44478,5.36186],[102.44153,5.3685],[102.42795,5.37344],[102.42321,5.39065],[102.38781,5.41001],[102.38274,5.51698],[102.41063,5.54297],[102.38501,5.67888]]]},"properties":{"state":"Kelantan","district":"Kuala Krai","code_state":3,"code_district":9,"code_state_district":"3_9"}},
{"type":"Feature","geometry":{"type":"Polygon","coordinates":[[[101.88342,5.80484],[101.83863,5.79032],[101.82427,5.73355],[101.76014,5.79699],[101.67288,5.78528],[101.64303,5.64304],[101.67211,5.62761],[101.66988,5.60556],[101.64894,5.55495],[101.69308,5.53696],[101.70112,5.54746],[101.71968,5.5397],[101.72942,5.54526],[101.74341,5.54],[101.74432,5.51275],[101.74168,5.43875],[101.79067,5.36327],[101.90707,5.35039],[101.98663,5.45263],[101.99205,5.46257],[101.98938,5.47458],[101.99358,5.49145],[101.99123,5.51613],[101.99518,5.53134],[101.97346,5.53843],[101.97008,5.54026],[101.9691,5.55071],[101.94426,5.61071],[101.97023,5.72111],[101.91313,5.7547],[101.90724,5.75459],[101.90473,5.7545],[101.89781,5.77514],[101.88342,5.80484]]]},"properties":{"state":"Kelantan","district":"Jeli","code_state":3,"code_district":10,"code_state_district":"3_10"}},
{"type":"Feature","geometry":{"type":"Polygon","coordinates":[[[101.81941,4.75171],[101.84238,4.89589],[101.79912,4.94246],[101.81465,4.98957],[101.76884,4.99734],[101.78167,4.9438],[101.57724,4.93736],[101.44132,4.99231],[101.43925,4.98905],[101.42222,4.98443],[101.42587,4.97214],[101.44489,4.95765],[101.44351,4.94211],[101.44579,4.93596],[101.4455,4.85815],[101.41023,4.85437],[101.41252,4.8009],[101.37361,4.75888],[101.38672,4.71697],[101.33475,4.68108],[101.33964,4.67762],[101.35481,4.66021],[101.36409,4.63581],[101.36922,4.61834],[101.38442,4.61054],[101.41348,4.61468],[101.42582,4.60682],[101.44404,4.58925],[101.45225,4.57537],[101.4701,4.57381],[101.47733,4.57627],[101.50157,4.61389],[101.5591,4.5791],[101.57458,4.57092],[101.5776,4.56466],[101.58526,4.55689],[101.58981,4.5524],[101.59192,4.55682],[101.59489,4.55905],[101.61389,4.5606],[101.75225,4.61031],[101.77306,4.67345],[101.77134,4.69223],[101.77506,4.71652],[101.77396,4.74146],[101.81465,4.75934],[101.81941,4.75171]]]},"properties":{"state":"Kelantan","district":"Kecil Lojing","code_state":3,"code_district":11,"code_state_district":"3_11"}},
{"type":"Feature","geometry":{"type":"Polygon","coordinates":[[[102.22889,2.46478],[102.19317,2.48513],[102.06318,2.44086],[102.04727,2.42722],[102.04835,2.42012],[102.03536,2.43379],[102.02983,2.43921],[102.02683,2.42814],[101.98279,2.39546],[101.97659,2.36875],[102.05449,2.34183],[102.08796,2.28932],[102.09052,2.29003],[102.10183,2.28687],[102.11468,2.28674],[102.1217,2.28747],[102.20789,2.31646],[102.23616,2.29558],[102.23887,2.33715],[102.25039,2.33282],[102.26126,2.30436],[102.26073,2.29521],[102.25823,2.26936],[102.30335,2.28961],[102.31353,2.284],[102.33134,2.28207],[102.3344,2.28595],[102.34306,2.31459],[102.35126,2.35147],[102.33883,2.43079],[102.36535,2.45647],[102.35829,2.46364],[102.36046,2.46958],[102.35875,2.47136],[102.36154,2.48778],[102.31869,2.47865],[102.22889,2.46478]]]},"properties":{"state":"Melaka","district":"Alor Gajah","code_state":4,"code_district":1,"code_state_district":"4_1"}},
{"type":"Feature","geometry":{"type":"Polygon","coordinates":[[[102.42925,2.46369],[102.41744,2.46944],[102.36154,2.48778],[102.35875,2.47136],[102.36046,2.46958],[102.35829,2.46364],[102.36535,2.45647],[102.33883,2.43079],[102.35126,2.35147],[102.34306,2.31459],[102.3344,2.28595],[102.32853,2.27909],[102.31575,2.24289],[102.34114,2.23037],[102.39353,2.24159],[102.3917,2.22359],[102.36101,2.17474],[102.35785,2.18046],[102.34206,2.18043],[102.3387,2.1599],[102.33584,2.15548],[102.48895,2.09882],[102.53987,2.1397],[102.47549,2.18355],[102.47201,2.20634],[102.51133,2.34948],[102.59225,2.40541],[102.42925,2.46369]]]},"properties":{"state":"Melaka","district":"Jasin","code_state":4,"code_district":2,"code_state_district":"4_2"}},
{"type":"Feature","geometry":{"type":"Polygon","coordinates":[[[102.25039,2.33282],[102.23887,2.33715],[102.23616,2.29558],[102.20789,2.31646],[102.1217,2.28747],[102.11468,2.28674],[102.10183,2.28687],[102.09052,2.29003],[102.08796,2.28932],[102.15951,2.21423],[102.33584,2.15548],[102.3387,2.1599],[102.34206,2.18043],[102.35785,2.18046],[102.36101,2.17474],[102.3917,2.22359],[102.39353,2.24159],[102.34114,2.23037],[102.31575,2.24289],[102.32853,2.27909],[102.33134,2.28207],[102.31353,2.284],[102.30335,2.28961],[102.25823,2.26936],[102.26073,2.29521],[102.26126,2.30436],[102.25039,2.33282]]]},"properties":{"state":"Melaka","district":"Melaka Tengah","code_state":4,"code_district":3,"code_state_district":"4_3"}},
{"type":"Feature","geometry":{"type":"Polygon","coordinates":[[[101.95654,3.27342],[101.93304,3.27536],[101.92738,3.27013],[101.92297,3.26915],[101.91732,3.26339],[101.92258,3.2639],[101.97075,3.0325],[101.92949,2.98268],[101.92349,2.97003],[101.93186,2.96389],[101.98285,2.93054],[101.9963,2.85414],[102.00194,2.8504],[102.04014,2.83299],[102.05482,2.83652],[102.06511,2.84176],[102.06768,2.8339],[102.10577,2.86938],[102.12955,2.89622],[102.20361,2.91152],[102.24156,2.90785],[102.24757,2.92514],[102.35105,2.96111],[102.29251,3.13744],[102.14175,3.19837],[102.05792,3.16818],[102.04428,3.22627],[101.95654,3.27342]]]},"properties":{"state":"Negeri Sembilan","district":"Jelebu","code_state":5,"code_district":1,"code_state_district":"5_1"}},
{"type":"Feature","geometry":{"type":"Polygon","coordinates":[[[102.24411,2.89891],[102.20361,2.91152],[102.12955,2.89622],[102.10577,2.86938],[102.06768,2.8339],[102.06556,2.82587],[102.05281,2.80177],[102.05381,2.78479],[102.05162,2.71275],[102.05251,2.68904],[102.05906,2.68373],[102.06846,2.68624],[102.07957,2.69288],[102.08383,2.70061],[102.09047,2.70917],[102.10234,2.70417],[102.11859,2.70577],[102.12656,2.69933],[102.11594,2.64208],[102.19685,2.55591],[102.20875,2.54058],[102.32435,2.53745],[102.32004,2.56901],[102.34687,2.59851],[102.34664,2.64413],[102.33562,2.64496],[102.35312,2.69847],[102.35706,2.7038],[102.37272,2.715],[102.39857,2.76115],[102.3954,2.76492],[102.34791,2.76839],[102.24411,2.89891]]]},"properties":{"state":"Negeri Sembilan","district":"Kuala Pilah","code_state":5,"code_district":2,"code_state_district":"5_2"}},
{"type":"Feature","geometry":{"type":"Polygon","coordinates":[[[101.79435,2.67882],[101.78046,2.72207],[101.75986,2.72416],[101.76121,2.70694],[101.70974,2.60216],[101.79126,2.58113],[101.79279,2.51479],[101.83608,2.50182],[101.85993,2.41414],[101.98279,2.39546],[102.02683,2.42814],[102.03111,2.44117],[102.01169,2.57032],[101.96531,2.57123],[101.98109,2.55107],[101.93895,2.54413],[101.93711,2.56162],[101.86402,2.66925],[101.84832,2.646],[101.79435,2.67882]]]},"properties":{"state":"Negeri Sembilan","district":"Port Dickson","code_state":5,"code_district":3,"code_state_district":"5_3"}},
{"type":"Feature","geometry":{"type":"Polygon","coordinates":[[[102.10234,2.70417],[102.09047,2.70917],[102.08383,2.70061],[102.07957,2.69288],[102.06846,2.68624],[102.05906,2.68373],[102.05251,2.68904],[102.03121,2.57019],[102.01169,2.57032],[102.03111,2.44117],[102.02983,2.43921],[102.03536,2.43379],[102.04835,2.42012],[102.04727,2.42722],[102.06318,2.44086],[102.19317,2.48513],[102.20385,2.48075],[102.21166,2.50198],[102.19521,2.53484],[102.19685,2.55591],[102.11594,2.64208],[102.12656,2.69933],[102.11859,2.70577],[102.10234,2.70417]]]},"properties":{"state":"Negeri Sembilan","district":"Rembau","code_state":5,"code_district":4,"code_state_district":"5_4"}},
{"type":"Feature","geometry":{"type":"Polygon","coordinates":[[[101.93186,2.96389],[101.92663,2.96357],[101.92349,2.97003],[101.88177,2.86999],[101.74993,2.87321],[101.75986,2.72416],[101.78045,2.7221],[101.79435,2.67882],[101.84832,2.646],[101.86402,2.66925],[101.93711,2.56162],[101.93895,2.54413],[101.98109,2.55107],[101.96531,2.57123],[102.03121,2.57019],[102.05251,2.68904],[102.05162,2.71275],[102.05381,2.78479],[102.05281,2.80177],[102.06556,2.82587],[102.06511,2.84176],[102.05482,2.83652],[102.04014,2.83299],[102.00194,2.8504],[101.9963,2.85414],[101.98285,2.93054],[101.93186,2.96389]]]},"properties":{"state":"Negeri Sembilan","district":"Seremban","code_state":5,"code_district":5,"code_state_district":"5_5"}},
{"type":"Feature","geometry":{"type":"Polygon","coordinates":[[[102.54955,2.68484],[102.42875,2.68865],[102.32004,2.56901],[102.32435,2.53745],[102.20875,2.54058],[102.19521,2.53484],[102.21166,2.50198],[102.20385,2.48075],[102.22889,2.46478],[102.31869,2.47865],[102.36238,2.48769],[102.41195,2.47219],[102.42925,2.46369],[102.59225,2.40541],[102.59356,2.4406],[102.60301,2.45562],[102.61475,2.46471],[102.6136,2.47331],[102.61452,2.47571],[102.60634,2.48806],[102.63833,2.59993],[102.63344,2.60949],[102.62382,2.62517],[102.63141,2.64534],[102.60467,2.64731],[102.60077,2.65153],[102.59547,2.64861],[102.58223,2.66091],[102.56715,2.65499],[102.54955,2.68484]]]},"properties":{"state":"Negeri Sembilan","district":"Tampin","code_state":5,"code_district":6,"code_state_district":"5_6"}},
{"type":"Feature","geometry":{"type":"Polygon","coordinates":[[[102.69038,2.87755],[102.46634,3.01947],[102.38901,3.11847],[102.29251,3.13744],[102.35105,2.96111],[102.24757,2.92514],[102.24156,2.90785],[102.24411,2.89891],[102.34791,2.76839],[102.3954,2.76492],[102.39857,2.76115],[102.37272,2.715],[102.35706,2.7038],[102.35312,2.69847],[102.33562,2.64496],[102.34664,2.64413],[102.34687,2.59851],[102.42875,2.68865],[102.54955,2.68484],[102.56715,2.65499],[102.58223,2.66091],[102.59547,2.64861],[102.60077,2.65153],[102.60467,2.64731],[102.63141,2.64534],[102.6997,2.83246],[102.69507,2.8321],[102.69385,2.85367],[102.69038,2.87755]]]},"properties":{"state":"Negeri Sembilan","district":"Jempol","code_state":5,"code_district":7,"code_state_district":"5_7"}},
{"type":"Feature","geometry":{"type":"Polygon","coordinates":[[[101.87537,3.6893],[101.86294,3.69144],[101.88105,3.65296],[101.80833,3.61586],[101.80774,3.61254],[101.76071,3.50834],[101.78326,3.432],[101.78019,3.41539],[101.7571,3.37516],[101.76959,3.36538],[101.78109,3.35344],[101.77944,3.34646],[101.79654,3.33605],[101.85288,3.27981],[101.87366,3.27477],[101.91272,3.26453],[101.91732,3.26339],[101.92297,3.26915],[101.92738,3.27013],[101.93304,3.27536],[101.95654,3.27342],[102.04428,3.22627],[102.05792,3.16818],[102.14175,3.19837],[102.29251,3.13744],[102.31306,3.17211],[102.27328,3.19099],[102.33258,3.32792],[102.32019,3.35112],[102.31766,3.35185],[102.31475,3.35605],[102.25949,3.37675],[102.24423,3.37752],[102.22804,3.39225],[102.21836,3.3868],[102.20583,3.37698],[102.12649,3.35322],[102.11782,3.35156],[102.08462,3.4969],[102.06082,3.51001],[102.03599,3.54484],[102.02137,3.56572],[102.01878,3.55242],[102.00772,3.56193],[101.98965,3.57001],[101.98457,3.57092],[101.98347,3.56185],[101.97638,3.55929],[101.93855,3.65644],[101.87537,3.6893]]]},"properties":{"state":"Pahang","district":"Bentong","code_state":6,"code_district":1,"code_state_district":"6_1"}},
{"type":"Feature","geometry":{"type":"Polygon","coordinates":[[[101.42582,4.60682],[101.41348,4.61468],[101.38442,4.61054],[101.36588,4.60707],[101.36046,4.60059],[101.3486,4.59222],[101.35695,4.54471],[101.37161,4.5288],[101.38442,4.50604],[101.33074,4.44578],[101.33281,4.42976],[101.3574,4.39467],[101.43672,4.38925],[101.44167,4.33027],[101.44317,4.31958],[101.4523,4.32082],[101.45907,4.31851],[101.47404,4.32683],[101.48864,4.31977],[101.56336,4.36174],[101.57746,4.35488],[101.58753,4.35897],[101.58827,4.51928],[101.5877,4.5466],[101.58981,4.5524],[101.58526,4.55689],[101.5776,4.56466],[101.57458,4.57092],[101.5591,4.5791],[101.50157,4.61389],[101.47733,4.57627],[101.4701,4.57381],[101.45225,4.57537],[101.44404,4.58925],[101.42582,4.60682]]]},"properties":{"state":"Pahang","district":"Cameron Highlands","code_state":6,"code_district":2,"code_state_district":"6_2"}},
{"type":"Feature","geometry":{"type":"Polygon","coordinates":[[[102.21093,3.85753],[102.24002,3.84949],[102.24462,3.82604],[102.28317,3.8403],[102.29562,3.83525],[102.30728,3.80162],[102.36375,3.81443],[102.38846,3.76572],[102.40614,3.75641],[102.41832,3.74294],[102.43825,3.75371],[102.46639,3.87348],[102.49702,3.87817],[102.49858,3.86511],[102.51287,3.82792],[102.61732,3.8536],[102.70843,3.83437],[102.74276,3.87822],[102.74562,3.88257],[102.74303,3.88595],[102.74201,3.89982],[102.74488,3.91272],[102.80018,3.96753],[102.84646,3.93545],[102.89205,4.00852],[102.90294,4.01184],[102.91086,4.01448],[102.91903,4.03899],[102.91378,4.06048],[102.91927,4.08478],[102.92232,4.09226],[102.92995,4.09879],[102.89256,4.13723],[102.92164,4.15779],[102.93119,4.27853],[102.97029,4.33042],[103.01759,4.33479],[103.02041,4.39311],[103.02802,4.40617],[103.02594,4.40951],[103.01371,4.41147],[103.01051,4.42019],[103.01222,4.43422],[102.99997,4.45094],[102.99595,4.45085],[102.98887,4.46379],[102.9571,4.4569],[102.95116,4.45186],[102.87978,4.46387],[102.83824,4.55668],[102.84318,4.55862],[102.86009,4.5606],[102.86869,4.57141],[102.86557,4.62802],[102.86804,4.64514],[102.84147,4.6711],[102.82305,4.68213],[102.74429,4.68824],[102.7138,4.69486],[102.66249,4.75491],[102.63544,4.76419],[102.60758,4.77228],[102.60081,4.76789],[102.60371,4.6871],[102.54902,4.70947],[102.50215,4.66747],[102.449,4.7118],[102.36743,4.70799],[102.36311,4.69577],[102.34488,4.63983],[102.27127,4.66276],[102.2335,4.63299],[102.21824,4.61145],[102.26092,4.51992],[102.25746,4.43349],[102.22186,4.42357],[102.21412,4.41293],[102.22117,4.36018],[102.22158,4.34885],[102.21747,4.33005],[102.22813,4.33299],[102.23009,4.30301],[102.24059,4.29206],[102.23814,4.28426],[102.23368,4.28331],[102.236,4.2756],[102.24957,4.25878],[102.25005,4.23584],[102.27235,4.19413],[102.24715,4.14134],[102.25217,4.1319],[102.25093,4.12677],[102.25897,4.1203],[102.31561,4.09711],[102.29482,4.06634],[102.28189,4.05264],[102.27703,4.05843],[102.27124,4.06209],[102.26513,4.0622],[102.25856,4.05852],[102.21638,4.03869],[102.20697,4.03294],[102.19441,4.03764],[102.09609,4.07727],[102.11976,4.01392],[102.12838,4.00302],[102.11853,3.99962],[102.11437,3.98998],[102.10966,3.98163],[102.10118,3.97916],[102.06198,3.97259],[102.06159,3.96128],[102.06435,3.94623],[102.08094,3.92274],[102.09691,3.9105],[102.07569,3.85166],[102.10874,3.8335],[102.161,3.85726],[102.17793,3.85716],[102.1852,3.85942],[102.20475,3.86467],[102.20364,3.85993],[102.19698,3.8323],[102.21093,3.85753]]]},"properties":{"state":"Pahang","district":"Jerantut","code_state":6,"code_district":3,"code_state_district":"6_3"}},
{"type":"Feature","geometry":{"type":"Polygon","coordinates":[[[103.44507,4.18128],[103.32087,4.19689],[103.32468,4.14371],[103.30812,4.11003],[103.3022,4.08872],[103.3075,4.06537],[103.33446,3.98437],[103.33361,3.97438],[103.33603,3.97007],[103.33452,3.94694],[103.32842,3.93716],[103.30927,3.9238],[103.31989,3.89413],[103.3157,3.88507],[103.30301,3.89284],[103.2446,4.01784],[103.17934,4.03143],[103.15605,4.04809],[103.13498,4.05212],[103.12837,4.07123],[103.12016,4.08427],[103.10852,4.08814],[103.07463,4.10832],[103.07158,4.11434],[103.01754,4.12095],[103.00902,4.12169],[102.96171,4.11372],[102.92232,4.09226],[102.91927,4.08478],[102.91378,4.06048],[102.91903,4.03899],[102.91086,4.01448],[102.90294,4.01184],[102.89205,4.00852],[102.84646,3.93545],[102.80018,3.96753],[102.74488,3.91272],[102.74201,3.89982],[102.74303,3.88595],[102.74562,3.88257],[102.74276,3.87822],[102.70843,3.83437],[102.70898,3.81815],[102.76847,3.75717],[102.79733,3.76194],[102.82587,3.69917],[102.85986,3.72082],[102.91018,3.67124],[102.91932,3.65916],[103.00736,3.64216],[103.39722,3.60163],[103.32626,3.75618],[103.34249,3.80629],[103.37421,3.80473],[103.37699,3.93351],[103.44186,3.96487],[103.38485,4.11214],[103.44507,4.18128]]]},"properties":{"state":"Pahang","district":"Kuantan","code_state":6,"code_district":4,"code_state_district":"6_4"}},
{"type":"Feature","geometry":{"type":"Polygon","coordinates":[[[101.77158,4.08516],[101.77835,4.08602],[101.78448,4.18546],[101.81208,4.16815],[101.80587,4.10664],[101.80793,4.08815],[101.81215,4.03599],[101.85269,4.02933],[101.86351,4.05649],[101.88276,4.07614],[101.88607,4.07714],[101.9108,4.10427],[101.92254,4.09829],[101.92788,4.09079],[101.95126,4.0892],[101.95816,4.0097],[101.96179,3.9895],[101.93804,3.96749],[101.92768,3.95979],[101.95589,3.92862],[101.95774,3.92202],[101.98309,3.92892],[101.99837,3.95164],[102.03376,3.98179],[102.05088,3.97247],[102.06198,3.97259],[102.10118,3.97916],[102.10966,3.98163],[102.11437,3.98998],[102.11853,3.99962],[102.12838,4.00302],[102.11976,4.01392],[102.09609,4.07727],[102.19441,4.03764],[102.20697,4.03294],[102.21638,4.03869],[102.25856,4.05852],[102.26513,4.0622],[102.27124,4.06209],[102.27703,4.05843],[102.28189,4.05264],[102.29482,4.06634],[102.31561,4.09711],[102.25897,4.1203],[102.25093,4.12677],[102.25217,4.1319],[102.24715,4.14134],[102.27235,4.19413],[102.25005,4.23584],[102.24957,4.25878],[102.236,4.2756],[102.23368,4.28331],[102.23814,4.28426],[102.24059,4.29206],[102.23009,4.30301],[102.22813,4.33299],[102.21747,4.33005],[102.22158,4.34885],[102.22117,4.36018],[102.21412,4.41293],[102.22186,4.42357],[102.25746,4.43349],[102.26092,4.51992],[102.21824,4.61145],[102.21836,4.62871],[102.15973,4.69253],[102.12728,4.73778],[102.09461,4.75786],[102.04891,4.72478],[102.00058,4.76219],[101.94901,4.7449],[101.95054,4.72246],[101.90295,4.6086],[101.88863,4.67085],[101.81967,4.72313],[101.81465,4.75934],[101.77396,4.74146],[101.77506,4.71652],[101.77134,4.69223],[101.77306,4.67345],[101.75225,4.61031],[101.61389,4.5606],[101.59489,4.55905],[101.59192,4.55682],[101.5877,4.5466],[101.58827,4.51928],[101.58753,4.35897],[101.57746,4.35488],[101.56336,4.36174],[101.48864,4.31977],[101.47404,4.32683],[101.45907,4.31851],[101.4523,4.32082],[101.44317,4.31958],[101.44451,4.31535],[101.44832,4.31234],[101.45064,4.22306],[101.50736,4.20576],[101.51432,4.11784],[101.51756,4.11855],[101.57709,4.07983],[101.58053,4.0751],[101.70106,4.07304],[101.73952,4.11706],[101.77158,4.08516]]]},"properties":{"state":"Pahang","district":"Lipis","code_state":6,"code_district":5,"code_state_district":"6_5"}},
{"type":"Feature","geometry":{"type":"Polygon","coordinates":[[[103.42772,2.94695],[103.44693,3.12785],[103.42263,3.37952],[103.4743,3.51942],[103.39722,3.60163],[103.00736,3.64216],[102.91932,3.65916],[102.91674,3.65096],[102.92073,3.59508],[102.86239,3.499],[102.849,3.47947],[102.81914,3.47313],[102.82283,3.4655],[102.81762,3.45769],[102.81043,3.46056],[102.79745,3.47116],[102.77344,3.44985],[102.77589,3.42526],[102.79681,3.41045],[102.80631,3.39761],[102.8206,3.38235],[102.82937,3.37983],[102.82606,3.37726],[102.85639,3.3187],[102.86071,3.31019],[102.91206,3.26948],[102.93117,3.3089],[102.93654,3.30762],[102.95116,3.3118],[102.95623,3.30823],[102.98038,3.27735],[103.06351,3.32601],[103.10532,3.24121],[103.11223,3.23936],[103.11472,3.22706],[103.10906,3.122],[103.06611,3.10297],[103.13104,3.06566],[103.11558,3.0167],[103.12823,2.99999],[103.16338,2.95882],[103.23487,2.96565],[103.42772,2.94695]]]},"properties":{"state":"Pahang","district":"Pekan","code_state":6,"code_district":6,"code_state_district":"6_6"}},
{"type":"Feature","geometry":{"type":"Polygon","coordinates":[[[101.77835,4.08602],[101.77158,4.08516],[101.73952,4.11706],[101.70106,4.07304],[101.58053,4.0751],[101.57627,4.06842],[101.57284,3.91598],[101.6239,3.77966],[101.62678,3.77064],[101.65385,3.72897],[101.72391,3.71369],[101.73967,3.70074],[101.79945,3.61833],[101.80833,3.61586],[101.88105,3.65296],[101.86294,3.69144],[101.87537,3.6893],[101.93855,3.65644],[101.97638,3.55929],[101.98347,3.56185],[101.98457,3.57092],[101.98965,3.57001],[102.00772,3.56193],[102.01611,3.56478],[102.04442,3.68339],[102.03881,3.70019],[102.04456,3.71049],[102.05479,3.71561],[102.0585,3.72618],[102.06823,3.73971],[102.07865,3.74283],[102.08201,3.75854],[102.09679,3.79172],[102.10637,3.83],[102.10874,3.8335],[102.07569,3.85166],[102.09691,3.9105],[102.08094,3.92274],[102.06435,3.94623],[102.06159,3.96128],[102.06198,3.97259],[102.05088,3.97247],[102.03376,3.98179],[101.99837,3.95164],[101.98309,3.92892],[101.95774,3.92202],[101.95589,3.92862],[101.92768,3.95979],[101.93804,3.96749],[101.96179,3.9895],[101.95816,4.0097],[101.95126,4.0892],[101.92788,4.09079],[101.92254,4.09829],[101.9108,4.10427],[101.88607,4.07714],[101.88276,4.07614],[101.86351,4.05649],[101.85269,4.02933],[101.81215,4.03599],[101.80793,4.08815],[101.80587,4.10664],[101.81208,4.16815],[101.78448,4.18546],[101.77835,4.08602]]]},"properties":{"state":"Pahang","district":"Raub","code_state":6,"code_district":7,"code_state_district":"6_7"}},
{"type":"Feature","geometry":{"type":"Polygon","coordinates":[[[102.20475,3.86467],[102.1852,3.85942],[102.17793,3.85716],[102.161,3.85726],[102.10874,3.8335],[102.10637,3.83],[102.09679,3.79172],[102.08201,3.75854],[102.07865,3.74283],[102.06823,3.73971],[102.0585,3.72618],[102.05479,3.71561],[102.04456,3.71049],[102.03881,3.70019],[102.04442,3.68339],[102.01611,3.56478],[102.01878,3.55242],[102.02137,3.56572],[102.03599,3.54484],[102.06082,3.51001],[102.08462,3.4969],[102.11782,3.35156],[102.12649,3.35322],[102.20583,3.37698],[102.21836,3.3868],[102.22804,3.39225],[102.24423,3.37752],[102.25949,3.37675],[102.31475,3.35605],[102.31546,3.35486],[102.31904,3.35868],[102.31983,3.36864],[102.32697,3.37666],[102.33686,3.37394],[102.34949,3.36939],[102.35744,3.37363],[102.47304,3.36557],[102.50296,3.41638],[102.49337,3.50015],[102.48068,3.68691],[102.43918,3.72302],[102.44202,3.73011],[102.43921,3.73234],[102.42767,3.73954],[102.41832,3.74294],[102.40614,3.75641],[102.38846,3.76572],[102.36375,3.81443],[102.30728,3.80162],[102.29562,3.83525],[102.28317,3.8403],[102.24462,3.82604],[102.24002,3.84949],[102.21093,3.85753],[102.19698,3.8323],[102.20364,3.85993],[102.20475,3.86467]]]},"properties":{"state":"Pahang","district":"Temerloh","code_state":6,"code_district":8,"code_state_district":"6_8"}},
{"type":"Feature","geometry":{"type":"MultiPolygon","coordinates":[[[[102.74883,3.3807],[102.73492,3.38108],[102.70333,3.31877],[102.69504,3.29882],[102.69846,3.29025],[102.70099,3.26806],[102.7102,3.2595],[102.72151,3.256],[102.79703,3.18263],[102.80305,3.17235],[102.75083,3.14844],[102.7324,3.13538],[102.74666,3.12721],[102.7493,3.12455],[102.74665,3.12065],[102.75096,3.11259],[102.77295,3.05188],[102.77836,3.0307],[102.73892,2.86394],[102.78134,2.80763],[102.79434,2.80348],[102.97169,2.59392],[103.1483,2.52028],[103.28889,2.57795],[103.3551,2.59039],[103.47171,2.52657],[103.60773,2.45784],[103.60885,2.45858],[103.60765,2.46802],[103.60905,2.47083],[103.61299,2.46444],[103.61697,2.4621],[103.62692,2.46485],[103.63795,2.48738],[103.62341,2.5328],[103.59171,2.52733],[103.59518,2.54469],[103.59216,2.54708],[103.609,2.5621],[103.61276,2.55351],[103.61421,2.5724],[103.60954,2.57485],[103.60128,2.5647],[103.59768,2.56672],[103.60542,2.58462],[103.60994,2.58551],[103.62319,2.58612],[103.62458,2.60326],[103.61839,2.6303],[103.61069,2.65119],[103.60339,2.63364],[103.59991,2.63113],[103.593,2.6337],[103.58728,2.65035],[103.58944,2.65669],[103.59514,2.66106],[103.60295,2.66092],[103.60956,2.65759],[103.61425,2.65283],[103.61755,2.6522],[103.63203,2.6587],[103.63003,2.6637],[103.47825,2.82544],[103.42772,2.94695],[103.23487,2.96565],[103.16338,2.95882],[103.12823,2.99999],[103.11558,3.0167],[103.13104,3.06566],[103.06611,3.10297],[103.10906,3.122],[103.11472,3.22706],[103.11223,3.23936],[103.10532,3.24121],[103.06351,3.32601],[102.98038,3.27735],[102.95623,3.30823],[102.95116,3.3118],[102.93654,3.30762],[102.93117,3.3089],[102.91206,3.26948],[102.86071,3.31019],[102.85639,3.3187],[102.82606,3.37726],[102.82292,3.37725],[102.74883,3.3807]]],[[[104.17057,2.89702],[104.12036,2.74993],[104.20513,2.71773],[104.22382,2.76714],[104.17057,2.89702]]]]},"properties":{"state":"Pahang","district":"Rompin","code_state":6,"code_district":9,"code_state_district":"6_9"}},
{"type":"Feature","geometry":{"type":"Polygon","coordinates":[[[102.49858,3.86511],[102.49702,3.87817],[102.46639,3.87348],[102.43825,3.75371],[102.42767,3.73954],[102.43921,3.73234],[102.44202,3.73011],[102.43918,3.72302],[102.48068,3.68691],[102.49337,3.50015],[102.50407,3.46444],[102.51201,3.46306],[102.52165,3.46246],[102.57271,3.45536],[102.59255,3.39374],[102.68596,3.34319],[102.69099,3.31643],[102.70086,3.31543],[102.70333,3.31877],[102.73492,3.38108],[102.74883,3.3807],[102.82292,3.37725],[102.82937,3.37983],[102.8206,3.38235],[102.80631,3.39761],[102.79681,3.41045],[102.77589,3.42526],[102.77344,3.44985],[102.79745,3.47116],[102.81043,3.46056],[102.81762,3.45769],[102.82283,3.4655],[102.81914,3.47313],[102.849,3.47947],[102.86239,3.499],[102.92073,3.59508],[102.91674,3.65096],[102.91018,3.67124],[102.85986,3.72082],[102.82587,3.69917],[102.79733,3.76194],[102.76847,3.75717],[102.70898,3.81815],[102.70843,3.83437],[102.61732,3.8536],[102.51287,3.82792],[102.49858,3.86511]]]},"properties":{"state":"Pahang","district":"Maran","code_state":6,"code_district":10,"code_state_district":"6_10"}},
{"type":"Feature","geometry":{"type":"Polygon","coordinates":[[[102.52165,3.46246],[102.51201,3.46306],[102.50407,3.46444],[102.50296,3.41638],[102.47304,3.36557],[102.35744,3.37363],[102.34949,3.36939],[102.33686,3.37394],[102.32697,3.37666],[102.31983,3.36864],[102.31904,3.35868],[102.31546,3.35486],[102.32019,3.35112],[102.33258,3.32792],[102.27328,3.19099],[102.31306,3.17211],[102.29251,3.13744],[102.38901,3.11847],[102.46634,3.01947],[102.69038,2.87755],[102.69385,2.85367],[102.69507,2.8321],[102.69927,2.83292],[102.78134,2.80763],[102.73892,2.86394],[102.77836,3.0307],[102.77295,3.05188],[102.75096,3.11259],[102.74665,3.12065],[102.7493,3.12455],[102.74666,3.12721],[102.7324,3.13538],[102.75083,3.14844],[102.80305,3.17235],[102.79703,3.18263],[102.72151,3.256],[102.7102,3.2595],[102.70099,3.26806],[102.69846,3.29025],[102.69504,3.29882],[102.70086,3.31543],[102.69099,3.31643],[102.68596,3.34319],[102.59255,3.39374],[102.57271,3.45536],[102.52165,3.46246]]]},"properties":{"state":"Pahang","district":"Bera","code_state":6,"code_district":11,"code_state_district":"6_11"}},
{"type":"Feature","geometry":{"type":"Polygon","coordinates":[[[100.44304,5.44969],[100.4451,5.45241],[100.44223,5.45431],[100.43892,5.45227],[100.44026,5.44463],[100.44055,5.4411],[100.44362,5.43988],[100.44655,5.44046],[100.4393,5.43877],[100.43711,5.43659],[100.43095,5.43178],[100.40315,5.4069],[100.38654,5.40664],[100.37838,5.39634],[100.41932,5.28151],[100.42631,5.28456],[100.43739,5.27469],[100.50396,5.29793],[100.51267,5.29649],[100.51934,5.29834],[100.53256,5.28996],[100.53505,5.28459],[100.52516,5.36898],[100.52655,5.42841],[100.52369,5.42951],[100.52129,5.43414],[100.49896,5.43664],[100.48631,5.43016],[100.4536,5.44574],[100.44617,5.44795],[100.44304,5.44969]]]},"properties":{"state":"Pulau Pinang","district":"Seberang Perai Tengah","code_state":7,"code_district":1,"code_state_district":"7_1"}},
{"type":"Feature","geometry":{"type":"Polygon","coordinates":[[[100.3786,5.58102],[100.37082,5.58631],[100.33573,5.57479],[100.37224,5.53564],[100.37838,5.39634],[100.38654,5.40664],[100.40315,5.4069],[100.43095,5.43178],[100.43711,5.43659],[100.4393,5.43877],[100.44655,5.44046],[100.44362,5.43988],[100.44055,5.4411],[100.44026,5.44463],[100.4388,5.45199],[100.44168,5.45424],[100.4451,5.45241],[100.44304,5.44969],[100.44617,5.44795],[100.4536,5.44574],[100.48631,5.43016],[100.49896,5.43664],[100.52129,5.43414],[100.52369,5.42951],[100.52655,5.42841],[100.52922,5.55645],[100.5259,5.55375],[100.5219,5.55703],[100.3786,5.58102]]]},"properties":{"state":"Pulau Pinang","district":"Seberang Perai Utara","code_state":7,"code_district":2,"code_state_district":"7_2"}},
{"type":"Feature","geometry":{"type":"Polygon","coordinates":[[[100.53256,5.28996],[100.51934,5.29834],[100.51267,5.29649],[100.50396,5.29793],[100.43739,5.27469],[100.42631,5.28456],[100.41932,5.28151],[100.4322,5.20863],[100.40026,5.12702],[100.4948,5.13358],[100.50796,5.1461],[100.55256,5.14372],[100.53505,5.28459],[100.53256,5.28996]]]},"properties":{"state":"Pulau Pinang","district":"Seberang Perai Selatan","code_state":7,"code_district":3,"code_state_district":"7_3"}},
{"type":"Feature","geometry":{"type":"Polygon","coordinates":[[[100.30499,5.34756],[100.34572,5.41959],[100.27634,5.4787],[100.23834,5.46376],[100.24194,5.45708],[100.24213,5.45211],[100.24678,5.41667],[100.24299,5.40392],[100.24018,5.3883],[100.29434,5.3337],[100.30499,5.34756]]]},"properties":{"state":"Pulau Pinang","district":"Timur Laut","code_state":7,"code_district":4,"code_state_district":"7_4"}},
{"type":"Feature","geometry":{"type":"Polygon","coordinates":[[[100.23834,5.46376],[100.17591,5.47226],[100.18354,5.27044],[100.23083,5.28674],[100.28367,5.25839],[100.30499,5.34756],[100.29434,5.3337],[100.24018,5.3883],[100.24299,5.40392],[100.24678,5.41667],[100.24213,5.45211],[100.24194,5.45708],[100.23834,5.46376]]]},"properties":{"state":"Pulau Pinang","district":"Barat Daya","code_state":7,"code_district":5,"code_state_district":"7_5"}},
{"type":"Feature","geometry":{"type":"Polygon","coordinates":[[[101.10622,4.18234],[101.23725,4.02953],[101.26045,3.84609],[101.31902,3.8045],[101.37329,3.82276],[101.37482,3.86572],[101.36219,3.89399],[101.46159,3.95616],[101.45917,4.0267],[101.50743,4.11413],[101.51432,4.11784],[101.50736,4.20576],[101.45064,4.22306],[101.44832,4.31234],[101.44381,4.31719],[101.44167,4.33027],[101.43672,4.38925],[101.3574,4.39467],[101.33281,4.42976],[101.32304,4.42161],[101.31417,4.39486],[101.31466,4.37685],[101.31056,4.36531],[101.29904,4.35702],[101.29678,4.34951],[101.29066,4.34096],[101.28735,4.33795],[101.26531,4.34056],[101.24662,4.34759],[101.23504,4.34695],[101.2305,4.34414],[101.20324,4.334],[101.19529,4.32425],[101.19476,4.29284],[101.18688,4.28578],[101.16625,4.27729],[101.10739,4.248],[101.0675,4.24858],[101.1008,4.17813],[101.10622,4.18234]]]},"properties":{"state":"Perak","district":"Batang Padang","code_state":8,"code_district":1,"code_state_district":"8_1"}},
{"type":"Feature","geometry":{"type":"MultiPolygon","coordinates":[[[[100.56279,4.24996],[100.54027,4.26377],[100.54839,4.2122],[100.58535,4.18883],[100.56279,4.24996]]],[[[100.64643,4.52848],[100.61394,4.52118],[100.6118,4.43679],[100.57296,4.43141],[100.55635,4.30844],[100.60981,4.21377],[100.61399,4.16704],[100.59034,4.16528],[100.62777,4.13402],[100.65916,4.16924],[100.70747,4.14744],[100.76308,4.08522],[100.76443,4.05937],[100.76086,4.0423],[100.75802,4.01186],[100.76405,4.00313],[100.76988,4.00141],[100.77643,4.00309],[100.79055,4.01205],[100.80893,4.03461],[100.82188,4.04429],[100.82174,4.05027],[100.82883,4.05161],[100.76451,4.13841],[100.82778,4.29056],[100.82443,4.35435],[100.79881,4.35343],[100.80757,4.47725],[100.8532,4.48437],[100.85773,4.55107],[100.85593,4.55218],[100.77314,4.53397],[100.77238,4.53215],[100.73919,4.52209],[100.64643,4.52848]]]]},"properties":{"state":"Perak","district":"Manjung","code_state":8,"code_district":2,"code_state_district":"8_2"}},
{"type":"Feature","geometry":{"type":"Polygon","coordinates":[[[101.13943,4.77974],[101.12232,4.78313],[101.05792,4.75907],[101.01291,4.64615],[101.01066,4.63982],[101.01294,4.62833],[100.99839,4.56361],[100.99664,4.55525],[100.98572,4.53749],[100.96015,4.47964],[100.9468,4.3896],[100.99001,4.36036],[101.01009,4.34288],[101.01507,4.31998],[101.00977,4.30914],[100.99878,4.29027],[101.00502,4.26743],[101.008,4.25149],[101.04617,4.25407],[101.07121,4.24804],[101.07394,4.25284],[101.0799,4.25711],[101.08051,4.26261],[101.08149,4.27172],[101.06346,4.42989],[101.06861,4.44857],[101.11725,4.45977],[101.12228,4.49314],[101.35763,4.53925],[101.35695,4.54471],[101.3486,4.59222],[101.36046,4.60059],[101.36588,4.60707],[101.36922,4.61834],[101.36409,4.63581],[101.35481,4.66021],[101.33964,4.67762],[101.31732,4.67974],[101.19279,4.77311],[101.17063,4.77601],[101.13943,4.77974]]]},"properties":{"state":"Perak","district":"Kinta","code_state":8,"code_district":3,"code_state_district":"8_3"}},
{"type":"Feature","geometry":{"type":"Polygon","coordinates":[[[100.62647,5.1388],[100.62453,5.13562],[100.61988,5.13315],[100.61067,5.13403],[100.555,5.07718],[100.50519,5.11853],[100.49922,5.1277],[100.4948,5.13358],[100.40026,5.12702],[100.36107,5.08652],[100.4391,4.92605],[100.50292,4.91432],[100.5005,4.86662],[100.54446,4.88274],[100.56568,4.85857],[100.6211,4.84017],[100.63442,4.8693],[100.68114,4.91627],[100.68659,4.92042],[100.6924,4.92141],[100.70906,4.92876],[100.7253,4.95146],[100.7356,4.9799],[100.73371,5.01074],[100.72397,5.07555],[100.7203,5.08169],[100.69189,5.12709],[100.62647,5.1388]]]},"properties":{"state":"Perak","district":"Kerian","code_state":8,"code_district":4,"code_state_district":"8_4"}},
{"type":"Feature","geometry":{"type":"Polygon","coordinates":[[[101.32654,5.05038],[101.0964,5.0761],[101.02828,4.97183],[101.01897,4.9691],[100.93584,4.98299],[100.91105,4.98096],[100.87323,4.96612],[100.8701,4.95738],[100.85694,4.88847],[100.80662,4.85657],[100.80061,4.6785],[100.80397,4.66247],[100.80641,4.64911],[100.80584,4.63643],[100.79012,4.58662],[100.77563,4.58257],[100.7494,4.54469],[100.73948,4.52274],[100.77238,4.53214],[100.77314,4.53397],[100.85593,4.55218],[100.89271,4.55891],[100.9055,4.56335],[100.92449,4.55318],[100.99537,4.55394],[100.99839,4.56361],[101.01294,4.62833],[101.01066,4.63982],[101.01291,4.64615],[101.05792,4.75907],[101.12232,4.78313],[101.13943,4.77974],[101.17063,4.77601],[101.19279,4.77311],[101.31732,4.67974],[101.33475,4.68108],[101.38672,4.71697],[101.37361,4.75888],[101.41252,4.8009],[101.41023,4.85437],[101.4455,4.85815],[101.44579,4.93596],[101.44351,4.94211],[101.44489,4.95765],[101.42587,4.97214],[101.42222,4.98443],[101.41559,4.98007],[101.36397,4.97107],[101.3467,5.04351],[101.32654,5.05038]]]},"properties":{"state":"Perak","district":"Kuala Kangsar","code_state":8,"code_district":5,"code_state_district":"8_5"}},
{"type":"Feature","geometry":{"type":"Polygon","coordinates":[[[100.75887,5.09685],[100.75513,5.10228],[100.73482,5.09694],[100.72397,5.07555],[100.73371,5.01074],[100.7356,4.9799],[100.7253,4.95146],[100.70906,4.92876],[100.6924,4.92141],[100.68659,4.92042],[100.68114,4.91627],[100.63442,4.8693],[100.6211,4.84017],[100.56568,4.85857],[100.57791,4.69825],[100.61329,4.65176],[100.58253,4.57205],[100.64643,4.52848],[100.73919,4.52209],[100.7494,4.54469],[100.77563,4.58257],[100.79012,4.58662],[100.80584,4.63643],[100.80641,4.64911],[100.80397,4.66247],[100.80061,4.6785],[100.80662,4.85657],[100.85694,4.88847],[100.8701,4.95738],[100.87874,4.98817],[100.88601,4.99118],[100.88627,5.00136],[100.89308,5.0065],[100.88994,5.01466],[100.91378,5.07257],[100.91645,5.08394],[100.91025,5.09038],[100.87543,5.07838],[100.86206,5.08587],[100.75887,5.09685]]]},"properties":{"state":"Perak","district":"Larut Dan Matang","code_state":8,"code_district":6,"code_state_district":"8_6"}},
{"type":"Feature","geometry":{"type":"Polygon","coordinates":[[[100.963,4.03977],[100.93314,4.05835],[100.92427,4.06448],[100.91929,4.05855],[100.88227,3.97426],[100.90129,3.95754],[100.98505,3.92058],[101.00289,3.90947],[101.22772,3.86965],[101.24384,3.85322],[101.23725,4.02953],[101.10622,4.18234],[101.08708,4.1661],[100.963,4.03977]]]},"properties":{"state":"Perak","district":"Hilir Perak","code_state":8,"code_district":7,"code_state_district":"8_7"}},
{"type":"Feature","geometry":{"type":"Polygon","coordinates":[[[101.67288,5.78528],[101.65955,5.8746],[101.58314,5.93213],[101.48396,5.86994],[101.39151,5.87583],[101.34023,5.81132],[101.27139,5.80497],[101.25177,5.6988],[101.13492,5.61403],[101.08342,5.72188],[100.98309,5.77593],[100.94254,5.76547],[100.95741,5.74013],[100.9711,5.72902],[100.9789,5.72435],[100.97777,5.71749],[100.96626,5.64937],[100.9245,5.6192],[100.93395,5.56988],[100.93951,5.54073],[100.93416,5.52748],[100.9178,5.49718],[100.9082,5.49511],[100.86861,5.47108],[100.86759,5.45714],[100.86703,5.42899],[100.87133,5.42146],[100.88264,5.41208],[100.90829,5.41103],[100.94427,5.29473],[100.94849,5.25743],[100.89057,5.20412],[100.93162,5.15363],[100.91888,5.09263],[100.91378,5.07257],[100.88994,5.01466],[100.89308,5.0065],[100.88627,5.00136],[100.88601,4.99118],[100.87874,4.98817],[100.87323,4.96612],[100.91105,4.98096],[100.93584,4.98299],[101.01897,4.9691],[101.02828,4.97183],[101.0964,5.0761],[101.32654,5.05038],[101.3467,5.04351],[101.36397,4.97107],[101.41559,4.98007],[101.42753,4.98804],[101.43925,4.98905],[101.4442,4.99691],[101.49205,5.08446],[101.52414,5.27777],[101.57081,5.29703],[101.61559,5.39102],[101.63715,5.36481],[101.64441,5.36754],[101.70245,5.36084],[101.74538,5.41309],[101.73993,5.43691],[101.74168,5.43875],[101.74432,5.51275],[101.74341,5.54],[101.72942,5.54526],[101.71968,5.5397],[101.70112,5.54746],[101.69308,5.53696],[101.64894,5.55495],[101.66988,5.60556],[101.67211,5.62761],[101.64303,5.64304],[101.67288,5.78528]]]},"properties":{"state":"Perak","district":"Hulu Perak","code_state":8,"code_district":8,"code_state_district":"8_8"}},
{"type":"Feature","geometry":{"type":"MultiPolygon","coordinates":[[[[100.80893,4.03461],[100.80718,4.03254],[100.81357,4.03889],[100.80893,4.03461]]],[[[100.82883,4.05161],[100.82174,4.05027],[100.82188,4.04429],[100.84603,4.04609],[100.85674,4.04262],[100.86153,4.03768],[100.86848,4.02402],[100.8698,4.0157],[100.86854,4.00686],[100.86019,3.98834],[100.86083,3.97379],[100.86288,3.96852],[100.86724,3.9655],[100.88132,3.9675],[100.88227,3.97426],[100.91929,4.05855],[100.92427,4.06448],[100.93314,4.05835],[100.963,4.03977],[101.08708,4.1661],[101.1008,4.17813],[101.0675,4.24858],[101.04617,4.25407],[101.008,4.25149],[101.00502,4.26743],[100.99878,4.29027],[101.00977,4.30914],[101.01507,4.31998],[101.01009,4.34288],[100.99001,4.36036],[100.9468,4.3896],[100.96015,4.47964],[100.98572,4.53749],[100.99537,4.55394],[100.92449,4.55318],[100.9055,4.56335],[100.89271,4.55891],[100.85773,4.55107],[100.8532,4.48437],[100.80757,4.47725],[100.79881,4.35343],[100.82443,4.35435],[100.82778,4.29056],[100.76451,4.13841],[100.82883,4.05161]]]]},"properties":{"state":"Perak","district":"Perak Tengah","code_state":8,"code_district":9,"code_state_district":"8_9"}},
{"type":"Feature","geometry":{"type":"Polygon","coordinates":[[[101.37161,4.5288],[101.35763,4.53925],[101.12228,4.49314],[101.11725,4.45977],[101.06861,4.44857],[101.06346,4.42989],[101.08149,4.27172],[101.08051,4.26261],[101.0799,4.25711],[101.07394,4.25284],[101.07121,4.24804],[101.10739,4.248],[101.16625,4.27729],[101.18688,4.28578],[101.19476,4.29284],[101.19529,4.32425],[101.20324,4.334],[101.2305,4.34414],[101.23504,4.34695],[101.24662,4.34759],[101.26531,4.34056],[101.28735,4.33795],[101.29066,4.34096],[101.29678,4.34951],[101.29904,4.35702],[101.31056,4.36531],[101.31466,4.37685],[101.31417,4.39486],[101.32304,4.42161],[101.33281,4.42976],[101.33074,4.44578],[101.38442,4.50604],[101.37161,4.5288]]]},"properties":{"state":"Perak","district":"Kampar","code_state":8,"code_district":10,"code_state_district":"8_10"}},
{"type":"Feature","geometry":{"type":"Polygon","coordinates":[[[101.33316,3.69017],[101.34532,3.71372],[101.33977,3.72603],[101.3368,3.74884],[101.32779,3.76137],[101.32471,3.76806],[101.32281,3.76697],[101.32067,3.77288],[101.32546,3.77536],[101.32716,3.77872],[101.33085,3.78845],[101.37008,3.8],[101.37697,3.79609],[101.38135,3.79236],[101.38577,3.77328],[101.39209,3.77356],[101.40429,3.76559],[101.40333,3.76508],[101.41911,3.75888],[101.42467,3.75239],[101.42694,3.75319],[101.45336,3.73017],[101.45659,3.72642],[101.456,3.72482],[101.45975,3.71829],[101.4692,3.71668],[101.5053,3.69252],[101.52581,3.68141],[101.58171,3.72686],[101.58152,3.73809],[101.62678,3.77064],[101.6239,3.77966],[101.57284,3.91598],[101.57627,4.06842],[101.57709,4.07983],[101.51756,4.11855],[101.50743,4.11413],[101.45917,4.0267],[101.46159,3.95616],[101.36219,3.89399],[101.37482,3.86572],[101.37329,3.82276],[101.31902,3.8045],[101.26045,3.84609],[101.25039,3.72929],[101.24386,3.71989],[101.24812,3.71926],[101.24832,3.69248],[101.25253,3.6727],[101.29896,3.67394],[101.30646,3.67603],[101.33316,3.69017]]]},"properties":{"state":"Perak","district":"Muallim","code_state":8,"code_district":11,"code_state_district":"8_11"}},
{"type":"Feature","geometry":{"type":"Polygon","coordinates":[[[101.25039,3.72929],[101.22772,3.86965],[101.00289,3.90947],[100.98505,3.92058],[100.90129,3.95754],[100.88814,3.967],[100.86566,3.96595],[100.86327,3.96792],[100.86026,3.97598],[100.85945,3.98406],[100.86793,4.00468],[100.86984,4.0165],[100.86889,4.02243],[100.86188,4.03728],[100.85305,4.04442],[100.83985,4.04622],[100.8219,4.04415],[100.80967,4.03538],[100.78846,4.01015],[100.77943,4.00447],[100.77146,4.00164],[100.76339,4.00358],[100.75842,4.01284],[100.73692,4.0187],[100.71427,4.03141],[100.69378,3.88665],[100.78609,3.82368],[100.80777,3.84887],[100.81785,3.85113],[100.81939,3.84935],[100.84737,3.85008],[100.86366,3.85521],[100.88504,3.85429],[100.90781,3.85955],[100.93435,3.87028],[100.94131,3.87042],[100.94496,3.86881],[100.94664,3.86372],[100.94924,3.82938],[100.97695,3.81962],[100.9788,3.80707],[100.95952,3.7955],[100.95976,3.78337],[100.9662,3.77247],[100.97766,3.76951],[100.98516,3.77321],[100.98792,3.7947],[100.99154,3.79886],[100.99674,3.80131],[101.00738,3.79905],[101.02013,3.80521],[101.02547,3.80462],[101.03112,3.79679],[101.03097,3.79292],[101.02727,3.7858],[101.02809,3.78343],[101.04409,3.78595],[101.05188,3.79221],[101.059,3.79479],[101.06068,3.79346],[101.06037,3.78902],[101.05514,3.78099],[101.05922,3.77118],[101.05823,3.75549],[101.06044,3.75377],[101.06375,3.75406],[101.0676,3.76487],[101.07667,3.76738],[101.0854,3.78029],[101.08902,3.78192],[101.08851,3.76632],[101.10117,3.74934],[101.07541,3.75863],[101.07407,3.73515],[101.0816,3.73077],[101.08565,3.74233],[101.09752,3.74444],[101.10025,3.73563],[101.10596,3.7326],[101.11334,3.74584],[101.11977,3.73756],[101.12437,3.73951],[101.12829,3.7531],[101.13603,3.75287],[101.1348,3.73606],[101.15408,3.74476],[101.16284,3.72577],[101.1632,3.74525],[101.1903,3.73184],[101.18191,3.72534],[101.17507,3.71105],[101.19082,3.72201],[101.23969,3.7199],[101.24386,3.71989],[101.25039,3.72929]]]},"properties":{"state":"Perak","district":"Bagan Datuk","code_state":8,"code_district":12,"code_state_district":"8_12"}},
{"type":"Feature","geometry":{"type":"Polygon","coordinates":[[[100.88264,5.41208],[100.87133,5.42146],[100.86703,5.42899],[100.84866,5.35106],[100.76179,5.31366],[100.75291,5.31614],[100.73819,5.30388],[100.72951,5.2727],[100.72543,5.25957],[100.6289,5.1452],[100.62647,5.1388],[100.69189,5.12709],[100.7203,5.08169],[100.73482,5.09694],[100.75513,5.10228],[100.75887,5.09685],[100.86206,5.08587],[100.87543,5.07838],[100.91025,5.09038],[100.91645,5.08394],[100.91888,5.09263],[100.93162,5.15363],[100.89057,5.20412],[100.94849,5.25743],[100.94427,5.29473],[100.90829,5.41103],[100.88264,5.41208]]]},"properties":{"state":"Perak","district":"Selama","code_state":8,"code_district":13,"code_state_district":"8_13"}},
{"type":"Feature","geometry":{"type":"Polygon","coordinates":[[[100.37136,6.53059],[100.30439,6.60786],[100.32725,6.66387],[100.29274,6.70922],[100.18817,6.71677],[100.18354,6.57609],[100.15656,6.57639],[100.15847,6.47778],[100.12029,6.42166],[100.19923,6.25713],[100.203,6.2698],[100.20377,6.2786],[100.36356,6.45365],[100.37136,6.53059]]]},"properties":{"state":"Perlis","district":"Perlis","code_state":9,"code_district":1,"code_state_district":"9_1"}},
{"type":"Feature","geometry":{"type":"Polygon","coordinates":[[[101.46291,3.4],[101.45994,3.40278],[101.42964,3.30537],[101.49196,3.27626],[101.49234,3.23104],[101.49701,3.2252],[101.51358,3.22068],[101.6174,3.21036],[101.63617,3.21903],[101.64032,3.23452],[101.65756,3.24396],[101.67329,3.23577],[101.73964,3.2262],[101.74158,3.21746],[101.75106,3.20345],[101.75657,3.19969],[101.75532,3.18322],[101.73274,3.18123],[101.73182,3.17608],[101.73457,3.16784],[101.73924,3.16554],[101.75809,3.16342],[101.8098,3.15552],[101.80208,3.18927],[101.81392,3.22687],[101.82777,3.25183],[101.84368,3.27656],[101.85288,3.27981],[101.79654,3.33605],[101.77944,3.34646],[101.78109,3.35344],[101.76959,3.36538],[101.7571,3.37516],[101.7433,3.37619],[101.73411,3.38113],[101.69848,3.35498],[101.67881,3.34024],[101.58964,3.34358],[101.57733,3.34094],[101.50136,3.3519],[101.46291,3.4]]]},"properties":{"state":"Selangor","district":"Gombak","code_state":10,"code_district":1,"code_state_district":"10_1"}},
{"type":"Feature","geometry":{"type":"MultiPolygon","coordinates":[[[[101.47345,3.16201],[101.43297,3.18929],[101.42695,3.19372],[101.40042,3.1935],[101.3059,3.16806],[101.36047,3.00315],[101.39305,2.99237],[101.35778,2.92787],[101.36762,2.90733],[101.40218,2.95418],[101.41926,2.97878],[101.42255,2.95372],[101.52504,2.95144],[101.577,2.97983],[101.56463,2.97876],[101.55207,3.02523],[101.54635,3.03172],[101.54102,3.03641],[101.52748,3.04617],[101.44404,3.09375],[101.47345,3.16201]]],[[[101.35504,2.99348],[101.27804,2.88068],[101.318,2.91233],[101.3266,2.91065],[101.34176,2.89448],[101.34698,2.89746],[101.3352,2.92443],[101.38933,2.99131],[101.35504,2.99348]]],[[[101.3273,3.06872],[101.26245,2.95191],[101.33768,3.00034],[101.3273,3.06872]]],[[[101.25906,3.05942],[101.2168,3.00692],[101.27427,3.03659],[101.25906,3.05942]]],[[[101.25531,2.93797],[101.25325,2.96509],[101.23392,2.89921],[101.25531,2.93797]]],[[[101.29292,2.95115],[101.30086,2.97413],[101.26253,2.91198],[101.29292,2.95115]]]]},"properties":{"state":"Selangor","district":"Klang","code_state":10,"code_district":2,"code_state_district":"10_2"}},
{"type":"Feature","geometry":{"type":"Polygon","coordinates":[[[101.577,2.97983],[101.52504,2.95144],[101.42255,2.95372],[101.41926,2.97878],[101.40218,2.95418],[101.37668,2.90539],[101.36583,2.90557],[101.35046,2.92132],[101.33943,2.9211],[101.34902,2.90233],[101.3468,2.8935],[101.34119,2.89235],[101.32601,2.90885],[101.31741,2.90976],[101.28576,2.88055],[101.2923,2.84238],[101.41122,2.81008],[101.47365,2.6968],[101.58929,2.64605],[101.59444,2.72921],[101.63164,2.73034],[101.68152,2.81765],[101.577,2.97983]]]},"properties":{"state":"Selangor","district":"Kuala Langat","code_state":10,"code_district":3,"code_state_district":"10_3"}},
{"type":"Feature","geometry":{"type":"Polygon","coordinates":[[[101.46823,3.48403],[101.40714,3.54604],[101.34873,3.59796],[101.1821,3.53892],[101.10361,3.48205],[101.30245,3.25726],[101.3059,3.16806],[101.40042,3.1935],[101.46209,3.19366],[101.49196,3.18654],[101.49196,3.27626],[101.42964,3.30537],[101.45994,3.40278],[101.46823,3.48403]]]},"properties":{"state":"Selangor","district":"Kuala Selangor","code_state":10,"code_district":4,"code_state_district":"10_4"}},
{"type":"Feature","geometry":{"type":"Polygon","coordinates":[[[101.6174,3.21036],[101.51358,3.22068],[101.49701,3.2252],[101.49234,3.23104],[101.49196,3.18654],[101.46209,3.19366],[101.42695,3.19372],[101.47345,3.16201],[101.44404,3.09375],[101.52748,3.04617],[101.54102,3.03641],[101.54635,3.03172],[101.55207,3.02523],[101.56463,2.97876],[101.58541,2.98159],[101.71431,2.987],[101.7179,3.01075],[101.72408,3.01695],[101.73125,3.03426],[101.72938,3.0409],[101.71545,3.05742],[101.71166,3.05761],[101.65262,3.04972],[101.65912,3.11719],[101.61347,3.15534],[101.62853,3.21138],[101.6174,3.21036]]]},"properties":{"state":"Selangor","district":"Petaling","code_state":10,"code_district":5,"code_state_district":"10_5"}},
{"type":"Feature","geometry":{"type":"Polygon","coordinates":[[[100.94924,3.82938],[100.94664,3.86372],[100.94552,3.86798],[100.93782,3.87061],[100.90405,3.85831],[100.8884,3.85483],[100.86199,3.85486],[100.84626,3.84972],[100.82809,3.84914],[100.81809,3.85124],[100.82251,3.84602],[100.81096,3.81564],[100.81258,3.78218],[100.8735,3.7675],[101.01981,3.63795],[101.10218,3.48674],[101.1821,3.53892],[101.34873,3.59796],[101.34747,3.68902],[101.33316,3.69017],[101.30646,3.67603],[101.29896,3.67394],[101.25253,3.6727],[101.24832,3.69248],[101.24812,3.71926],[101.23969,3.7199],[101.19082,3.72201],[101.17507,3.71105],[101.18191,3.72534],[101.1903,3.73184],[101.1632,3.74525],[101.16284,3.72577],[101.15408,3.74476],[101.1348,3.73606],[101.13603,3.75287],[101.12829,3.7531],[101.12437,3.73951],[101.11977,3.73756],[101.11334,3.74584],[101.10596,3.7326],[101.10025,3.73563],[101.09752,3.74444],[101.08565,3.74233],[101.0816,3.73077],[101.07407,3.73515],[101.07541,3.75863],[101.10117,3.74934],[101.08851,3.76632],[101.08902,3.78192],[101.0854,3.78029],[101.07628,3.76699],[101.06669,3.76414],[101.06424,3.75477],[101.06118,3.75334],[101.05828,3.75505],[101.05964,3.7698],[101.05514,3.78099],[101.05639,3.78515],[101.06098,3.78998],[101.06029,3.79408],[101.05551,3.79442],[101.04455,3.78582],[101.02945,3.783],[101.02694,3.78438],[101.03191,3.79499],[101.0281,3.80225],[101.02454,3.80502],[101.01555,3.80392],[101.00552,3.79863],[100.99697,3.80085],[100.99306,3.79991],[100.98696,3.79296],[100.98516,3.77321],[100.97949,3.76987],[100.97199,3.76999],[100.96085,3.78084],[100.95933,3.78889],[100.96205,3.79635],[100.97795,3.80541],[100.97933,3.8079],[100.97915,3.81471],[100.97695,3.81962],[100.94924,3.82938]]]},"properties":{"state":"Selangor","district":"Sabak Bernam","code_state":10,"code_district":6,"code_state_district":"10_6"}},
{"type":"Feature","geometry":{"type":"Polygon","coordinates":[[[101.74656,2.96448],[101.72582,3.00629],[101.72049,3.01464],[101.7179,3.01075],[101.71431,2.987],[101.58541,2.98159],[101.577,2.97983],[101.68152,2.81765],[101.63164,2.73034],[101.59444,2.72921],[101.58929,2.64605],[101.70974,2.60216],[101.76121,2.70694],[101.74993,2.87321],[101.78518,2.87223],[101.77926,2.88007],[101.7652,2.88895],[101.74656,2.96448]],[[101.68541,2.97107],[101.70644,2.98313],[101.69829,2.96828],[101.73129,2.92907],[101.67319,2.876],[101.66138,2.96365],[101.68541,2.97107]]]},"properties":{"state":"Selangor","district":"Sepang","code_state":10,"code_district":7,"code_state_district":"10_7"}},
{"type":"Feature","geometry":{"type":"Polygon","coordinates":[[[101.87366,3.27477],[101.85288,3.27981],[101.84368,3.27656],[101.82777,3.25183],[101.81392,3.22687],[101.80208,3.18927],[101.8098,3.15552],[101.75809,3.16342],[101.75058,3.16406],[101.73075,3.05697],[101.73125,3.03426],[101.72408,3.01695],[101.72049,3.01464],[101.72582,3.00629],[101.74656,2.96448],[101.7652,2.88895],[101.77926,2.88007],[101.78518,2.87223],[101.88177,2.86999],[101.92415,2.97603],[101.92949,2.98268],[101.97075,3.0325],[101.92258,3.2639],[101.91615,3.2633],[101.91272,3.26453],[101.87366,3.27477]]]},"properties":{"state":"Selangor","district":"Ulu Langat","code_state":10,"code_district":8,"code_state_district":"10_8"}},
{"type":"Feature","geometry":{"type":"Polygon","coordinates":[[[101.42467,3.75239],[101.41911,3.75888],[101.40333,3.76508],[101.40429,3.76559],[101.39209,3.77356],[101.38577,3.77328],[101.38135,3.79236],[101.37697,3.79609],[101.37008,3.8],[101.33085,3.78845],[101.32716,3.77872],[101.32546,3.77536],[101.32067,3.77288],[101.32281,3.76697],[101.32471,3.76806],[101.32779,3.76137],[101.3368,3.74884],[101.33977,3.72603],[101.34532,3.71372],[101.34747,3.68902],[101.34873,3.59796],[101.40714,3.54604],[101.46823,3.48403],[101.45994,3.40278],[101.46291,3.4],[101.50136,3.3519],[101.57733,3.34094],[101.58964,3.34358],[101.67881,3.34024],[101.69848,3.35498],[101.73411,3.38113],[101.7433,3.37619],[101.7571,3.37516],[101.78019,3.41539],[101.78326,3.432],[101.76071,3.50834],[101.80774,3.61254],[101.79945,3.61833],[101.73967,3.70074],[101.72391,3.71369],[101.65385,3.72897],[101.62678,3.77064],[101.58152,3.73809],[101.58171,3.72686],[101.52581,3.68141],[101.5053,3.69252],[101.4692,3.71668],[101.45975,3.71829],[101.456,3.72482],[101.45659,3.72642],[101.45336,3.73017],[101.42694,3.75319],[101.42467,3.75239]]]},"properties":{"state":"Selangor","district":"Ulu Selangor","code_state":10,"code_district":9,"code_state_district":"10_9"}},
{"type":"Feature","geometry":{"type":"Polygon","coordinates":[[[102.43645,5.74553],[102.42991,5.73814],[102.38134,5.68181],[102.38501,5.67888],[102.41063,5.54297],[102.38274,5.51698],[102.38781,5.41001],[102.42321,5.39065],[102.42795,5.37344],[102.44153,5.3685],[102.44478,5.36186],[102.44346,5.36025],[102.44655,5.35863],[102.44716,5.35506],[102.4678,5.34973],[102.51124,5.3371],[102.52953,5.33199],[102.53094,5.33511],[102.53708,5.34261],[102.54002,5.34442],[102.54581,5.35655],[102.56663,5.36797],[102.58516,5.36674],[102.58541,5.37387],[102.59554,5.47974],[102.5912,5.48279],[102.62157,5.51683],[102.61673,5.58691],[102.66817,5.63773],[102.65124,5.71081],[102.67344,5.72397],[102.53662,5.8473],[102.4341,5.74775],[102.43645,5.74553]]]},"properties":{"state":"Terengganu","district":"Besut","code_state":11,"code_district":1,"code_state_district":"11_1"}},
{"type":"Feature","geometry":{"type":"Polygon","coordinates":[[[103.23625,4.90933],[103.23087,4.95458],[103.22868,4.95658],[103.22301,4.95227],[103.20761,4.94156],[103.19235,4.92187],[103.13274,4.94959],[103.11907,4.94666],[103.1155,4.95015],[103.10703,4.94838],[103.0819,4.864],[102.89361,4.81475],[102.89705,4.75941],[102.88098,4.74571],[102.8477,4.73075],[102.84345,4.70821],[102.84115,4.67964],[102.84147,4.6711],[102.86804,4.64514],[102.86557,4.62802],[102.86869,4.57141],[102.86009,4.5606],[102.84318,4.55862],[102.83824,4.55668],[102.87978,4.46387],[102.95116,4.45186],[102.9571,4.4569],[102.98887,4.46379],[102.99595,4.45085],[102.99997,4.45094],[103.01222,4.43422],[103.01051,4.42019],[103.01371,4.41147],[103.02594,4.40951],[103.03667,4.43257],[103.04914,4.43946],[103.12746,4.44628],[103.15324,4.41955],[103.20826,4.49775],[103.22508,4.45718],[103.28144,4.46693],[103.28226,4.49593],[103.2912,4.55479],[103.34169,4.59901],[103.36259,4.58233],[103.37022,4.58203],[103.37256,4.58608],[103.42959,4.5906],[103.45291,4.5953],[103.42668,4.77914],[103.39129,4.77518],[103.43919,4.78106],[103.38827,4.87714],[103.36844,4.85819],[103.34447,4.85176],[103.23625,4.90933]]]},"properties":{"state":"Terengganu","district":"Dungun","code_state":11,"code_district":2,"code_state_district":"11_2"}},
{"type":"Feature","geometry":{"type":"Polygon","coordinates":[[[103.36259,4.58233],[103.34169,4.59901],[103.2912,4.55479],[103.28226,4.49593],[103.28144,4.46693],[103.22508,4.45718],[103.20826,4.49775],[103.15324,4.41955],[103.12746,4.44628],[103.04914,4.43946],[103.03667,4.43257],[103.02594,4.40951],[103.02802,4.40617],[103.02041,4.39311],[103.01759,4.33479],[102.97029,4.33042],[102.93119,4.27853],[102.92164,4.15779],[102.89256,4.13723],[102.92995,4.09879],[102.96171,4.11372],[103.00902,4.12169],[103.01754,4.12095],[103.07158,4.11434],[103.07463,4.10832],[103.10852,4.08814],[103.12016,4.08427],[103.12837,4.07123],[103.13498,4.05212],[103.15605,4.04809],[103.17934,4.03143],[103.2446,4.01784],[103.30301,3.89284],[103.3157,3.88507],[103.31989,3.89413],[103.30927,3.9238],[103.32842,3.93716],[103.33452,3.94694],[103.33603,3.97007],[103.33361,3.97438],[103.33446,3.98437],[103.3075,4.06537],[103.3022,4.08872],[103.30812,4.11003],[103.32468,4.14371],[103.32087,4.19689],[103.44507,4.18128],[103.49128,4.32062],[103.44392,4.47223],[103.47535,4.52474],[103.45291,4.5953],[103.42959,4.5906],[103.37256,4.58608],[103.37022,4.58203],[103.36259,4.58233]]]},"properties":{"state":"Terengganu","district":"Kemaman","code_state":11,"code_district":3,"code_state_district":"11_3"}},
{"type":"Feature","geometry":{"type":"Polygon","coordinates":[[[103.17904,5.26254],[103.13265,5.34676],[102.98139,5.30384],[102.99159,5.26635],[102.97771,5.25915],[102.986,5.23731],[102.97936,5.23261],[102.98945,5.22509],[102.99696,5.23128],[103.01872,5.23755],[103.0375,5.23112],[103.03936,5.21848],[103.04744,5.21441],[103.04761,5.21879],[103.07973,5.26433],[103.08922,5.26419],[103.11284,5.25685],[103.11858,5.25149],[103.12276,5.21591],[103.14065,5.21702],[103.17904,5.26254]]]},"properties":{"state":"Terengganu","district":"Kuala Terengganu","code_state":11,"code_district":4,"code_state_district":"11_4"}},
{"type":"Feature","geometry":{"type":"Polygon","coordinates":[[[103.08922,5.26419],[103.07973,5.26433],[103.04761,5.21879],[103.04762,5.21215],[103.04431,5.20256],[103.07928,5.10937],[103.11852,5.10297],[103.21774,4.96242],[103.23087,4.95458],[103.23625,4.90933],[103.34447,4.85176],[103.36844,4.85819],[103.38827,4.87714],[103.17904,5.26254],[103.14065,5.21702],[103.12276,5.21591],[103.11858,5.25149],[103.11284,5.25685],[103.08922,5.26419]]]},"properties":{"state":"Terengganu","district":"Marang","code_state":11,"code_district":5,"code_state_district":"11_5"}},
{"type":"Feature","geometry":{"type":"Polygon","coordinates":[[[102.62333,5.4719],[102.59554,5.47974],[102.58541,5.37387],[102.58516,5.36674],[102.56663,5.36797],[102.54581,5.35655],[102.54002,5.34442],[102.53708,5.34261],[102.53094,5.33511],[102.52953,5.33199],[102.51124,5.3371],[102.4678,5.34973],[102.44716,5.35506],[102.44655,5.35863],[102.44203,5.36117],[102.42126,5.31661],[102.41652,5.29045],[102.41758,5.27938],[102.41912,5.24008],[102.42416,5.21177],[102.41413,5.18218],[102.48454,5.1444],[102.49702,5.13377],[102.5193,5.11468],[102.52762,5.10395],[102.49883,5.07401],[102.50772,4.90103],[102.64976,4.84748],[102.65707,4.75898],[102.66249,4.75491],[102.7138,4.69486],[102.74429,4.68824],[102.82305,4.68213],[102.84115,4.67964],[102.84345,4.70821],[102.8477,4.73075],[102.88098,4.74571],[102.89705,4.75941],[102.89361,4.81475],[103.0819,4.864],[103.10703,4.94838],[103.1155,4.95015],[103.11907,4.94666],[103.13274,4.94959],[103.19235,4.92187],[103.20761,4.94156],[103.22301,4.95227],[103.22868,4.95658],[103.21774,4.96242],[103.11852,5.10297],[103.07928,5.10937],[103.04431,5.20256],[103.04744,5.21441],[103.03936,5.21848],[103.0375,5.23112],[103.01872,5.23755],[102.99696,5.23128],[102.96816,5.20487],[102.9351,5.19259],[102.85233,5.2666],[102.80021,5.22602],[102.78221,5.22344],[102.72931,5.26007],[102.72677,5.30566],[102.72472,5.32671],[102.71804,5.33658],[102.69893,5.33861],[102.62333,5.4719]]]},"properties":{"state":"Terengganu","district":"Hulu Terengganu","code_state":11,"code_district":6,"code_state_district":"11_6"}},
{"type":"Feature","geometry":{"type":"Polygon","coordinates":[[[102.99806,5.50032],[102.8533,5.57228],[102.67344,5.72397],[102.65124,5.71081],[102.66817,5.63773],[102.61673,5.58691],[102.62157,5.51683],[102.5912,5.48279],[102.62333,5.4719],[102.69893,5.33861],[102.71804,5.33658],[102.72472,5.32671],[102.72677,5.30566],[102.72931,5.26007],[102.78221,5.22344],[102.80021,5.22602],[102.85233,5.2666],[102.9351,5.19259],[102.96816,5.20487],[102.98945,5.22509],[102.96292,5.24508],[102.94522,5.26126],[102.93441,5.28113],[102.90745,5.30647],[102.91753,5.3665],[102.9166,5.40832],[102.91262,5.4249],[102.91511,5.45073],[102.9363,5.43747],[102.99806,5.50032]]]},"properties":{"state":"Terengganu","district":"Setiu","code_state":11,"code_district":7,"code_state_district":"11_7"}},
{"type":"Feature","geometry":{"type":"MultiPolygon","coordinates":[[[[103.13265,5.34676],[102.99806,5.50032],[102.9363,5.43747],[102.91511,5.45073],[102.91262,5.4249],[102.9166,5.40832],[102.91753,5.3665],[102.90745,5.30647],[102.93441,5.28113],[102.94522,5.26126],[102.96292,5.24508],[102.97936,5.23261],[102.986,5.23731],[102.97771,5.25915],[102.99159,5.26635],[102.98139,5.30384],[103.13265,5.34676]]],[[[103.0036,5.81052],[102.99587,5.74743],[103.04053,5.78663],[103.0036,5.81052]]]]},"properties":{"state":"Terengganu","district":"Kuala Nerus","code_state":11,"code_district":8,"code_state_district":"11_8"}},
{"type":"Feature","geometry":{"type":"Polygon","coordinates":[[[117.93129,4.6426],[117.92539,4.64601],[117.91133,4.63476],[117.88096,4.61617],[117.83372,4.59817],[117.83433,4.61964],[117.83257,4.6215],[117.82352,4.61998],[117.82308,4.53529],[117.75385,4.4717],[117.70469,4.4262],[117.70723,4.42417],[117.71565,4.39501],[117.87529,4.24528],[117.98435,4.22272],[118.17107,4.30264],[118.31407,4.32328],[118.35112,4.33995],[118.33832,4.35892],[118.24684,4.4147],[118.24,4.48734],[118.24274,4.50219],[118.235,4.54486],[118.21599,4.57616],[118.05018,4.62933],[117.95596,4.61039],[117.93129,4.6426]]]},"properties":{"state":"Sabah","district":"Tawau","code_state":12,"code_district":1,"code_state_district":"12_1"}},
{"type":"Feature","geometry":{"type":"MultiPolygon","coordinates":[[[[118.33869,4.97927],[118.30241,4.94979],[118.38188,4.976],[118.33869,4.97927]]],[[[118.12902,4.85745],[118.22737,4.98049],[118.27903,4.96117],[118.28993,4.98786],[118.29764,4.95894],[118.33769,5.02461],[118.44626,4.98973],[118.46358,4.92753],[118.54539,4.96211],[118.67317,4.93046],[119.16633,5.10608],[119.26802,5.20723],[119.24657,5.38041],[119.15007,5.45964],[119.10428,5.46218],[119.05898,5.40879],[118.93925,5.43048],[118.94982,5.38816],[119.00222,5.38892],[118.91059,5.37079],[118.87106,5.3779],[118.87491,5.42333],[118.92981,5.42048],[118.80505,5.5153],[118.80621,5.44298],[118.74782,5.39533],[118.72334,5.285],[118.34452,5.29833],[118.24848,5.22987],[117.96032,5.18008],[117.78181,5.23378],[117.69626,5.13952],[117.67712,5.03124],[117.50118,4.94493],[117.5143,4.86817],[117.47473,4.84004],[117.46639,4.80783],[117.4641,4.80279],[117.47646,4.79152],[117.48749,4.78667],[117.5389,4.78905],[117.61898,4.74667],[117.74569,4.7622],[117.81314,4.72157],[117.89361,4.76565],[117.94056,4.75222],[117.96847,4.8209],[118.07844,4.86932],[118.12065,4.8581],[118.12902,4.85745]]]]},"properties":{"state":"Sabah","district":"Lahad Datu","code_state":12,"code_district":2,"code_state_district":"12_2"}},
{"type":"Feature","geometry":{"type":"MultiPolygon","coordinates":[[[[118.33832,4.35892],[118.41115,4.32246],[118.54567,4.34662],[118.59416,4.39529],[118.56747,4.42821],[118.61064,4.39923],[118.64156,4.43961],[118.54315,4.51963],[118.49055,4.47531],[118.50199,4.43187],[118.43801,4.52037],[118.48357,4.56328],[118.43206,4.59614],[118.39583,4.5725],[118.36722,4.62411],[118.31846,4.627],[118.24653,4.51866],[118.24,4.48734],[118.24684,4.4147],[118.33832,4.35892]]],[[[118.462,4.68477],[118.31961,4.65208],[118.51165,4.5926],[118.54126,4.61261],[118.55429,4.58594],[118.5854,4.6219],[118.51437,4.65656],[118.49506,4.63573],[118.462,4.68477]]],[[[118.64834,4.48809],[118.62442,4.47961],[118.65913,4.43503],[118.64247,4.41193],[118.75145,4.45119],[118.64834,4.48809]]],[[[118.50158,4.511],[118.49528,4.55171],[118.47726,4.51949],[118.50158,4.511]]],[[[118.75397,4.62295],[118.72083,4.59891],[118.77897,4.60617],[118.75397,4.62295]]],[[[118.40984,4.7055],[118.3867,4.69761],[118.43082,4.68857],[118.40984,4.7055]]]]},"properties":{"state":"Sabah","district":"Semporna","code_state":12,"code_district":3,"code_state_district":"12_3"}},
{"type":"Feature","geometry":{"type":"MultiPolygon","coordinates":[[[[118.23136,5.84086],[118.17836,5.85526],[118.15261,5.82512],[118.23136,5.84086]]],[[[117.94238,5.79126],[117.91172,5.78566],[117.96755,5.74494],[118.0133,5.75983],[117.94238,5.79126]]],[[[118.33761,5.79535],[118.28076,5.76073],[118.33017,5.81267],[118.25406,5.79891],[118.27516,5.81855],[118.23995,5.84283],[118.19388,5.81753],[118.15559,5.7684],[118.2068,5.74295],[118.12569,5.72936],[118.17275,5.69878],[118.12553,5.67617],[118.14,5.64392],[118.09762,5.70739],[118.05645,5.68569],[118.06586,5.722],[117.9258,5.65757],[117.95193,5.69202],[117.91087,5.70768],[117.9477,5.72544],[117.85519,5.76546],[117.88366,5.79555],[117.86223,5.80998],[117.95246,5.79789],[117.94726,5.82109],[117.98948,5.80744],[118.01675,5.84462],[118.02522,5.79326],[118.12751,5.8442],[118.04478,5.93135],[118.04772,6.03525],[118.0127,6.02703],[117.98087,6.07007],[117.88789,5.9529],[117.75341,5.9412],[117.77474,5.86707],[117.7569,5.90608],[117.64841,5.90477],[117.62593,5.83378],[117.69404,5.7482],[117.72985,5.67364],[117.81677,5.68751],[117.84399,5.6073],[117.89792,5.6509],[117.94322,5.63462],[117.90354,5.57062],[118.05298,5.53399],[118.05268,5.49341],[118.11156,5.49326],[118.11238,5.55181],[118.25185,5.59704],[118.27449,5.65377],[118.2808,5.66637],[118.32687,5.7404],[118.33888,5.74514],[118.33706,5.77476],[118.33761,5.79535]]]]},"properties":{"state":"Sabah","district":"Sandakan","code_state":12,"code_district":4,"code_state_district":"12_4"}},
{"type":"Feature","geometry":{"type":"Polygon","coordinates":[[[118.80621,5.44298],[118.79012,5.51881],[118.64076,5.63835],[118.58901,5.63386],[118.57119,5.68635],[118.53533,5.67208],[118.54628,5.70306],[118.35606,5.82357],[118.37172,5.76345],[118.33761,5.79535],[118.33706,5.77476],[118.33888,5.74514],[118.32687,5.7404],[118.2808,5.66637],[118.27449,5.65377],[118.25185,5.59704],[118.11238,5.55181],[118.11156,5.49326],[118.05268,5.49341],[118.05298,5.53399],[117.90354,5.57062],[117.94322,5.63462],[117.89792,5.6509],[117.84399,5.6073],[117.81677,5.68751],[117.72985,5.67364],[117.70177,5.73268],[117.66982,5.70621],[117.60781,5.66605],[117.48003,5.66344],[117.44419,5.65169],[117.4447,5.64655],[117.44329,5.64342],[117.4472,5.63875],[117.44754,5.62216],[117.44494,5.60732],[117.45162,5.59347],[117.4572,5.58854],[117.46114,5.58454],[117.46071,5.58306],[117.46977,5.58052],[117.4948,5.54256],[117.47473,4.84004],[117.5143,4.86817],[117.50118,4.94493],[117.67712,5.03124],[117.69626,5.13952],[117.78181,5.23378],[117.96032,5.18008],[118.24848,5.22987],[118.34452,5.29833],[118.72334,5.285],[118.74782,5.39533],[118.80621,5.44298]]]},"properties":{"state":"Sabah","district":"Kinabatangan","code_state":12,"code_district":5,"code_state_district":"12_5"}},
{"type":"Feature","geometry":{"type":"MultiPolygon","coordinates":[[[[116.93483,6.28154],[116.94756,6.27713],[116.984,6.25901],[117.00059,6.24229],[117.03692,6.19578],[117.08424,6.20156],[117.12594,6.11771],[117.08594,6.07754],[117.08645,6.05207],[117.08765,6.04779],[117.08223,6.04404],[117.12435,6.04665],[117.14591,6.01112],[117.12362,5.9325],[117.16265,5.84714],[117.19813,5.84211],[117.20924,5.93108],[117.30296,5.98607],[117.31296,5.98851],[117.33426,5.83823],[117.42493,5.68828],[117.41849,5.64245],[117.48003,5.66344],[117.60781,5.66605],[117.66982,5.70621],[117.70177,5.73268],[117.69404,5.7482],[117.62593,5.83378],[117.64841,5.90477],[117.60657,5.87927],[117.55219,5.91163],[117.45741,5.86309],[117.57135,5.92636],[117.55672,5.92578],[117.54876,5.94218],[117.56858,6.02496],[117.64845,6.06031],[117.61325,6.09929],[117.51613,5.98066],[117.62069,6.10924],[117.59869,6.16511],[117.53941,6.14794],[117.5892,6.22618],[117.65125,6.23988],[117.64386,6.2973],[117.66273,6.24521],[117.71189,6.24705],[117.67399,6.2838],[117.72015,6.27869],[117.693,6.34652],[117.73335,6.42821],[117.62333,6.50887],[117.60733,6.47358],[117.57234,6.47693],[117.59385,6.50758],[117.54707,6.53578],[117.51392,6.62752],[117.4691,6.49885],[117.4597,6.55906],[117.3764,6.56596],[117.37637,6.60655],[117.2807,6.62382],[117.2644,6.5815],[117.13589,6.57248],[117.12847,6.53829],[117.09358,6.54037],[117.08576,6.51551],[117.11926,6.47854],[117.06857,6.45072],[117.08524,6.33762],[116.99958,6.356],[116.9006,6.31662],[116.89045,6.3087],[116.91258,6.29626],[116.91668,6.28843],[116.93483,6.28154]]],[[[117.4713,6.75076],[117.39107,6.74655],[117.38779,6.71767],[117.43803,6.69769],[117.31849,6.65687],[117.3959,6.62177],[117.48116,6.64667],[117.50283,6.67472],[117.4713,6.75076]]],[[[117.63827,5.97082],[117.62609,5.993],[117.63041,6.00322],[117.64665,6.00791],[117.63613,6.02566],[117.60999,5.97813],[117.57914,5.97352],[117.57172,5.94599],[117.55886,5.95661],[117.55808,5.93286],[117.62291,5.93001],[117.63827,5.97082]]],[[[117.61966,6.0283],[117.57354,6.02572],[117.5723,5.98628],[117.61708,5.99123],[117.61966,6.0283]]],[[[117.66311,6.00394],[117.63047,5.99679],[117.65027,5.95954],[117.66311,6.00394]]]]},"properties":{"state":"Sabah","district":"Beluran","code_state":12,"code_district":6,"code_state_district":"12_6"}},
{"type":"Feature","geometry":{"type":"MultiPolygon","coordinates":[[[[116.05295,5.91579],[116.05972,5.92979],[116.06439,5.93501],[116.19501,5.95024],[116.27891,5.85785],[116.27141,5.88084],[116.23574,5.95149],[116.28201,6.0421],[116.21198,6.0367],[116.1859,6.10876],[116.17884,6.11858],[116.15178,6.09903],[116.12861,6.12308],[116.08397,6.10784],[116.12506,6.06067],[116.10772,5.99961],[116.03849,5.95648],[116.04896,5.91656],[116.05295,5.91579]]],[[[116.04894,5.9987],[116.06332,6.01816],[116.01141,6.04433],[116.0079,6.01145],[116.04894,5.9987]]]]},"properties":{"state":"Sabah","district":"Kota Kinabalu","code_state":12,"code_district":7,"code_state_district":"12_7"}},
{"type":"Feature","geometry":{"type":"Polygon","coordinates":[[[116.84,5.86824],[116.87529,5.9206],[116.88514,5.92673],[116.93062,5.93354],[117.02304,5.99354],[117.02688,6.0447],[117.07548,6.04062],[117.08765,6.04779],[117.08645,6.05207],[117.08594,6.07754],[117.12594,6.11771],[117.08424,6.20156],[117.03692,6.19578],[117.00059,6.24229],[116.984,6.25901],[116.94756,6.27713],[116.93483,6.28154],[116.91668,6.28843],[116.91258,6.29626],[116.89045,6.3087],[116.88183,6.3002],[116.85366,6.28824],[116.77401,6.22373],[116.70258,6.22588],[116.66704,6.22058],[116.63656,6.19997],[116.58478,6.16286],[116.54723,6.05478],[116.53737,6.03608],[116.52141,6.01612],[116.50766,5.99725],[116.49131,5.98695],[116.49502,5.96847],[116.47909,5.95964],[116.44463,5.91029],[116.54697,5.86514],[116.55789,5.75788],[116.58025,5.72944],[116.5855,5.70855],[116.57931,5.66149],[116.57687,5.64595],[116.5658,5.62447],[116.54768,5.59556],[116.54179,5.56124],[116.67469,5.53372],[116.83027,5.48943],[116.89262,5.61989],[116.90231,5.66778],[116.97467,5.68809],[116.99134,5.73574],[116.9607,5.8028],[116.84,5.86824]]]},"properties":{"state":"Sabah","district":"Ranau","code_state":12,"code_district":8,"code_state_district":"12_8"}},
{"type":"Feature","geometry":{"type":"Polygon","coordinates":[[[116.62189,6.66376],[116.57378,6.65007],[116.48199,6.4778],[116.32017,6.37093],[116.33029,6.30982],[116.29771,6.29465],[116.36949,6.27924],[116.40478,6.22121],[116.41588,6.1764],[116.41939,6.09931],[116.42542,6.08708],[116.44774,6.02463],[116.48707,6.01079],[116.50766,5.99725],[116.52141,6.01612],[116.53737,6.03608],[116.54723,6.05478],[116.58478,6.16286],[116.63656,6.19997],[116.61071,6.27185],[116.63879,6.33559],[116.5893,6.35335],[116.58036,6.41813],[116.64851,6.63405],[116.62189,6.66376]]]},"properties":{"state":"Sabah","district":"Kota Belud","code_state":12,"code_district":9,"code_state_district":"12_9"}},
{"type":"Feature","geometry":{"type":"Polygon","coordinates":[[[116.12861,6.12308],[116.15178,6.09903],[116.17884,6.11858],[116.1859,6.10876],[116.21198,6.0367],[116.28201,6.0421],[116.23574,5.95149],[116.27141,5.88084],[116.28093,5.8542],[116.33444,5.8273],[116.33231,5.81992],[116.35242,5.81213],[116.35907,5.80711],[116.37271,5.82022],[116.39037,5.84427],[116.39101,5.8525],[116.40014,5.88727],[116.43365,5.90383],[116.44463,5.91029],[116.47909,5.95964],[116.49502,5.96847],[116.49131,5.98695],[116.48707,6.01079],[116.44774,6.02463],[116.42542,6.08708],[116.41939,6.09931],[116.41588,6.1764],[116.40478,6.22121],[116.36949,6.27924],[116.29771,6.29465],[116.29118,6.31985],[116.234,6.27898],[116.12861,6.12308]]]},"properties":{"state":"Sabah","district":"Tuaran","code_state":12,"code_district":10,"code_state_district":"12_10"}},
{"type":"Feature","geometry":{"type":"Polygon","coordinates":[[[116.05972,5.92979],[116.05682,5.91984],[116.0669,5.90808],[116.06707,5.89935],[116.0689,5.83761],[116.07847,5.83349],[116.11337,5.81942],[116.12913,5.81509],[116.21743,5.74197],[116.24415,5.74374],[116.26269,5.73236],[116.28078,5.73319],[116.28672,5.73092],[116.28855,5.72766],[116.28797,5.74003],[116.32388,5.7784],[116.32431,5.79273],[116.33444,5.8273],[116.28093,5.8542],[116.27891,5.85785],[116.19501,5.95024],[116.06439,5.93501],[116.05972,5.92979]]]},"properties":{"state":"Sabah","district":"Penampang","code_state":12,"code_district":11,"code_state_district":"12_11"}},
{"type":"Feature","geometry":{"type":"Polygon","coordinates":[[[116.0442,5.8469],[115.90279,5.74869],[115.87128,5.58232],[115.80056,5.53236],[115.80289,5.52577],[115.81874,5.51314],[115.86291,5.41157],[115.88025,5.39363],[115.91242,5.4019],[115.91576,5.39409],[115.93831,5.38245],[115.94678,5.36969],[115.96786,5.35818],[115.97297,5.36491],[115.97198,5.40138],[115.97963,5.43425],[115.98955,5.43596],[116.05156,5.4637],[116.04944,5.51897],[116.10526,5.60514],[116.15622,5.61858],[116.17055,5.62528],[116.17641,5.66303],[116.17684,5.68851],[116.21259,5.66253],[116.28134,5.72734],[116.28855,5.72766],[116.28672,5.73092],[116.28078,5.73319],[116.26269,5.73236],[116.24415,5.74374],[116.21743,5.74197],[116.12913,5.81509],[116.11337,5.81942],[116.07847,5.83349],[116.0442,5.8469]]]},"properties":{"state":"Sabah","district":"Papar","code_state":12,"code_district":12,"code_state_district":"12_12"}},
{"type":"Feature","geometry":{"type":"MultiPolygon","coordinates":[[[[116.76218,6.64628],[116.86572,6.82297],[116.83677,6.8399],[116.85511,6.85633],[116.7747,6.87858],[116.85541,6.89214],[116.83046,6.96239],[116.75073,7.03174],[116.63934,6.86202],[116.66578,6.82234],[116.62355,6.78115],[116.63682,6.69641],[116.76218,6.64628]]],[[[117.54247,6.98413],[117.571,6.92577],[117.61015,6.91642],[117.63517,6.95133],[117.61546,6.98838],[117.54247,6.98413]]],[[[117.33309,7.06455],[117.26244,7.05978],[117.30863,7.0153],[117.34611,7.03929],[117.33309,7.06455]]],[[[117.14207,7.12902],[117.14843,7.15483],[117.11561,7.13331],[117.14207,7.12902]]],[[[117.18175,7.15754],[117.20218,7.17252],[117.16057,7.14989],[117.18175,7.15754]]],[[[117.27861,7.34896],[117.15005,7.35023],[117.06018,7.29099],[117.07143,7.10173],[117.0873,7.13873],[117.21732,7.18309],[117.24546,7.22322],[117.26003,7.19001],[117.27861,7.34896]]],[[[117.01841,7.31992],[116.9978,7.35552],[116.96771,7.31074],[116.88305,7.28557],[116.84966,7.19657],[116.89602,7.23665],[116.98186,7.24284],[116.96603,7.2876],[116.98014,7.30585],[117.0186,7.27181],[117.01841,7.31992]]]]},"properties":{"state":"Sabah","district":"Kudat","code_state":12,"code_district":13,"code_state_district":"12_13"}},
{"type":"Feature","geometry":{"type":"Polygon","coordinates":[[[116.63682,6.69641],[116.62189,6.66376],[116.64851,6.63405],[116.58036,6.41813],[116.5893,6.35335],[116.63879,6.33559],[116.61071,6.27185],[116.63656,6.19997],[116.66704,6.22058],[116.70258,6.22588],[116.77401,6.22373],[116.85366,6.28824],[116.88183,6.3002],[116.9006,6.31662],[116.99958,6.356],[117.08524,6.33762],[117.06857,6.45072],[116.97997,6.48625],[116.94999,6.59011],[116.85741,6.61444],[116.79809,6.5522],[116.74797,6.58943],[116.76218,6.64628],[116.63682,6.69641]]]},"properties":{"state":"Sabah","district":"Kota Marudu","code_state":12,"code_district":14,"code_state_district":"12_14"}},
{"type":"Feature","geometry":{"type":"Polygon","coordinates":[[[117.2807,6.62382],[117.25673,6.69948],[117.27836,6.72988],[117.23531,6.70472],[117.26814,6.73767],[117.20981,6.81824],[117.24533,6.86916],[117.24129,6.94393],[117.1246,7.01047],[117.12129,6.98387],[117.05147,6.97305],[117.07301,6.94091],[117.02117,6.93682],[117.08665,6.80553],[117.06057,6.83833],[117.02136,6.82792],[116.97588,6.70377],[116.85741,6.61444],[116.94999,6.59011],[116.97997,6.48625],[117.06857,6.45072],[117.11926,6.47854],[117.08576,6.51551],[117.09358,6.54037],[117.12847,6.53829],[117.13589,6.57248],[117.2644,6.5815],[117.2807,6.62382]]]},"properties":{"state":"Sabah","district":"Pitas","code_state":12,"code_district":15,"code_state_district":"12_15"}},
{"type":"Feature","geometry":{"type":"Polygon","coordinates":[[[115.80056,5.53236],[115.65895,5.54176],[115.65923,5.50856],[115.60879,5.50791],[115.53125,5.40738],[115.52248,5.4083],[115.49157,5.38637],[115.48599,5.36554],[115.44806,5.25734],[115.51247,5.19222],[115.55347,5.19506],[115.55153,5.23678],[115.6049,5.22547],[115.55667,5.14843],[115.64946,5.12057],[115.71049,5.04083],[115.75032,5.05076],[115.75676,5.05012],[115.756,5.05146],[115.76661,5.06259],[115.80245,5.22236],[115.85111,5.28899],[115.91387,5.28117],[115.93406,5.30051],[115.93861,5.31403],[115.96024,5.35306],[115.96388,5.35425],[115.96786,5.35818],[115.94678,5.36969],[115.93831,5.38245],[115.91576,5.39409],[115.91242,5.4019],[115.88025,5.39363],[115.86291,5.41157],[115.81874,5.51314],[115.80289,5.52577],[115.80056,5.53236]]]},"properties":{"state":"Sabah","district":"Beaufort","code_state":12,"code_district":16,"code_state_district":"12_16"}},
{"type":"Feature","geometry":{"type":"MultiPolygon","coordinates":[[[[115.49157,5.38637],[115.52248,5.4083],[115.53125,5.40738],[115.60879,5.50791],[115.65923,5.50856],[115.65895,5.54176],[115.60413,5.57317],[115.62133,5.6143],[115.5931,5.63159],[115.54617,5.54107],[115.37411,5.40254],[115.3388,5.29743],[115.39776,5.33292],[115.38114,5.29126],[115.44806,5.25734],[115.48599,5.36554],[115.49157,5.38637]]],[[[115.64603,5.73566],[115.66793,5.70458],[115.69768,5.75106],[115.64603,5.73566]]]]},"properties":{"state":"Sabah","district":"Kuala Penyu","code_state":12,"code_district":17,"code_state_district":"12_17"}},
{"type":"Feature","geometry":{"type":"Polygon","coordinates":[[[115.646,4.1264],[115.6615,4.12047],[115.76438,4.2447],[115.80663,4.23454],[115.85738,4.30272],[115.86248,4.38114],[115.85106,4.5732],[115.81016,4.62603],[115.84288,4.82518],[115.80195,4.87485],[115.81702,4.95776],[115.82628,4.99973],[115.79074,5.04655],[115.77479,5.04703],[115.76162,5.05109],[115.75032,5.05076],[115.71049,5.04083],[115.64946,5.12057],[115.55667,5.14843],[115.53616,5.06902],[115.43875,4.97422],[115.43859,4.96844],[115.49169,4.95483],[115.57874,4.98694],[115.58648,4.97747],[115.64122,4.77136],[115.53012,4.59801],[115.57171,4.3721],[115.65197,4.33319],[115.61354,4.17076],[115.646,4.1264]]]},"properties":{"state":"Sabah","district":"Sipitang","code_state":12,"code_district":18,"code_state_district":"12_18"}},
{"type":"Feature","geometry":{"type":"Polygon","coordinates":[[[116.08097,4.83802],[115.98796,4.94259],[116.04888,5.2292],[115.98955,5.43596],[115.97963,5.43425],[115.97198,5.40138],[115.97297,5.36491],[115.96552,5.3556],[115.96024,5.35306],[115.93861,5.31403],[115.93406,5.30051],[115.91387,5.28117],[115.85111,5.28899],[115.80245,5.22236],[115.76661,5.06259],[115.756,5.05146],[115.75676,5.05012],[115.76162,5.05109],[115.77479,5.04703],[115.79074,5.04655],[115.82628,4.99973],[115.81702,4.95776],[115.80195,4.87485],[115.84288,4.82518],[115.81016,4.62603],[115.85106,4.5732],[115.86248,4.38114],[115.90664,4.41447],[115.95332,4.49965],[115.995,4.50676],[116.03439,4.60601],[116.09056,4.61609],[116.13073,4.76597],[116.08097,4.83802]]]},"properties":{"state":"Sabah","district":"Tenom","code_state":12,"code_district":19,"code_state_district":"12_19"}},
{"type":"Feature","geometry":{"type":"Polygon","coordinates":[[[116.50903,5.06668],[116.50402,5.081],[116.46959,5.11161],[116.44172,5.07318],[116.3558,5.05795],[116.35115,5.01821],[116.2225,4.97787],[116.20716,4.93149],[116.19239,4.90981],[116.18534,4.8933],[116.15806,4.81993],[116.08097,4.83802],[116.13073,4.76597],[116.09056,4.61609],[116.03439,4.60601],[115.995,4.50676],[115.95332,4.49965],[115.90664,4.41447],[115.91,4.35673],[115.98151,4.34843],[116.05316,4.27447],[116.15643,4.38744],[116.26436,4.35835],[116.36126,4.37494],[116.4294,4.28686],[116.48109,4.32899],[116.52397,4.32231],[116.55681,4.40346],[116.61353,4.33429],[116.68846,4.33306],[116.73901,4.38107],[116.7713,4.33685],[116.83341,4.32638],[116.96674,4.37734],[117.01977,4.39755],[117.04096,4.48245],[116.80962,4.60092],[116.86459,4.67579],[116.76246,4.80577],[116.75202,4.77862],[116.68202,4.79983],[116.62944,4.77342],[116.61329,4.73066],[116.55851,4.74302],[116.51369,4.88022],[116.50551,4.96115],[116.53745,4.99495],[116.50903,5.06668]]]},"properties":{"state":"Sabah","district":"Nabawan","code_state":12,"code_district":20,"code_state_district":"12_20"}},
{"type":"Feature","geometry":{"type":"Polygon","coordinates":[[[116.18027,5.60757],[116.16822,5.62384],[116.15622,5.61858],[116.10526,5.60514],[116.04944,5.51897],[116.05156,5.4637],[115.98955,5.43596],[116.04888,5.2292],[115.98796,4.94259],[116.08097,4.83802],[116.15806,4.81993],[116.18534,4.8933],[116.19239,4.90981],[116.20716,4.93149],[116.2225,4.97787],[116.35115,5.01821],[116.3558,5.05795],[116.44172,5.07318],[116.46959,5.11161],[116.4477,5.1508],[116.46507,5.24865],[116.57937,5.29522],[116.576,5.42262],[116.66053,5.43329],[116.64013,5.48186],[116.67469,5.53372],[116.54179,5.56124],[116.53007,5.55106],[116.41163,5.51769],[116.36689,5.46859],[116.35733,5.4641],[116.18027,5.60757]]]},"properties":{"state":"Sabah","district":"Keningau","code_state":12,"code_district":21,"code_state_district":"12_21"}},
{"type":"Feature","geometry":{"type":"Polygon","coordinates":[[[116.55789,5.75788],[116.54697,5.86514],[116.44463,5.91029],[116.43365,5.90383],[116.40014,5.88727],[116.39101,5.8525],[116.39037,5.84427],[116.37271,5.82022],[116.35907,5.80711],[116.35242,5.81213],[116.33231,5.81992],[116.32388,5.7784],[116.28797,5.74003],[116.28826,5.72721],[116.28134,5.72734],[116.21259,5.66253],[116.17684,5.68851],[116.17641,5.66303],[116.17055,5.62528],[116.16822,5.62384],[116.18027,5.60757],[116.35733,5.4641],[116.36689,5.46859],[116.41163,5.51769],[116.53007,5.55106],[116.54768,5.59556],[116.5658,5.62447],[116.57687,5.64595],[116.57931,5.66149],[116.5855,5.70855],[116.58025,5.72944],[116.55789,5.75788]]]},"properties":{"state":"Sabah","district":"Tambunan","code_state":12,"code_district":22,"code_state_district":"12_22"}},
{"type":"Feature","geometry":{"type":"Polygon","coordinates":[[[118.12065,4.8581],[118.07844,4.86932],[117.96847,4.8209],[117.94056,4.75222],[117.89361,4.76565],[117.81314,4.72157],[117.74569,4.7622],[117.81778,4.63193],[117.83257,4.6215],[117.83433,4.61964],[117.83372,4.59817],[117.88096,4.61617],[117.91133,4.63476],[117.92539,4.64601],[117.93129,4.6426],[117.95596,4.61039],[118.05018,4.62933],[118.21599,4.57616],[118.235,4.54486],[118.24274,4.50219],[118.24653,4.51866],[118.31846,4.627],[118.21802,4.71058],[118.12902,4.85745],[118.12065,4.8581]]]},"properties":{"state":"Sabah","district":"Kunak","code_state":12,"code_district":23,"code_state_district":"12_23"}},
{"type":"Feature","geometry":{"type":"Polygon","coordinates":[[[117.44494,5.60732],[117.44754,5.62216],[117.4472,5.63875],[117.44329,5.64342],[117.4447,5.64655],[117.44419,5.65169],[117.37671,5.62572],[117.27842,5.54113],[117.10854,5.52082],[117.07947,5.57644],[116.89262,5.61989],[116.83027,5.48943],[116.67469,5.53372],[116.64013,5.48186],[116.66053,5.43329],[116.576,5.42262],[116.57937,5.29522],[116.46507,5.24865],[116.4477,5.1508],[116.46959,5.11161],[116.50402,5.081],[116.50903,5.06668],[116.53745,4.99495],[116.50551,4.96115],[116.51369,4.88022],[116.55851,4.74302],[116.61329,4.73066],[116.62944,4.77342],[116.68202,4.79983],[116.75202,4.77862],[116.76246,4.80577],[116.86459,4.67579],[116.80962,4.60092],[117.04096,4.48245],[117.12255,4.53757],[117.02762,4.6031],[117.06693,4.68683],[117.23513,4.68473],[117.31181,4.7544],[117.42567,4.67256],[117.47293,4.70633],[117.46057,4.79414],[117.46639,4.80783],[117.47473,4.84004],[117.4948,5.54256],[117.46977,5.58052],[117.46071,5.58306],[117.46114,5.58454],[117.4572,5.58854],[117.45162,5.59347],[117.44494,5.60732]]]},"properties":{"state":"Sabah","district":"Tongod","code_state":12,"code_district":24,"code_state_district":"12_24"}},
{"type":"Feature","geometry":{"type":"Polygon","coordinates":[[[116.04896,5.91656],[116.0442,5.8469],[116.0689,5.83761],[116.06707,5.89935],[116.0669,5.90808],[116.05682,5.91984],[116.05295,5.91579],[116.04896,5.91656]]]},"properties":{"state":"Sabah","district":"Putatan","code_state":12,"code_district":25,"code_state_district":"12_25"}},
{"type":"Feature","geometry":{"type":"Polygon","coordinates":[[[117.41849,5.64245],[117.42493,5.68828],[117.33426,5.83823],[117.31296,5.98851],[117.30296,5.98607],[117.20924,5.93108],[117.19813,5.84211],[117.16265,5.84714],[117.12362,5.9325],[117.14591,6.01112],[117.12435,6.04665],[117.08223,6.04404],[117.07548,6.04062],[117.02688,6.0447],[117.02304,5.99354],[116.93062,5.93354],[116.88514,5.92673],[116.87529,5.9206],[116.84,5.86824],[116.9607,5.8028],[116.99134,5.73574],[116.97467,5.68809],[116.90231,5.66778],[116.89262,5.61989],[117.07947,5.57644],[117.10854,5.52082],[117.27842,5.54113],[117.37671,5.62572],[117.41849,5.64245]]]},"properties":{"state":"Sabah","district":"Telupid","code_state":12,"code_district":26,"code_state_district":"12_26"}},
{"type":"Feature","geometry":{"type":"MultiPolygon","coordinates":[[[[117.74569,4.7622],[117.61898,4.74667],[117.5389,4.78905],[117.48749,4.78667],[117.47646,4.79152],[117.4641,4.80279],[117.46057,4.79414],[117.47293,4.70633],[117.42567,4.67256],[117.31181,4.7544],[117.23513,4.68473],[117.06693,4.68683],[117.02762,4.6031],[117.12255,4.53757],[117.04096,4.48245],[117.01977,4.39755],[116.96674,4.37734],[116.93061,4.35249],[117.0015,4.32138],[117.24906,4.36585],[117.43949,4.19897],[117.51669,4.17129],[117.51142,4.21513],[117.60208,4.22073],[117.49075,4.26615],[117.6123,4.23233],[117.64539,4.25921],[117.55054,4.31265],[117.59397,4.31872],[117.57936,4.39268],[117.61844,4.39725],[117.59136,4.41079],[117.65083,4.43902],[117.68836,4.37578],[117.71565,4.39501],[117.70723,4.42417],[117.70469,4.4262],[117.75385,4.4717],[117.82308,4.53529],[117.82352,4.61998],[117.81778,4.63193],[117.74569,4.7622]]],[[[117.69602,4.2638],[117.62088,4.21033],[117.68157,4.16955],[117.89666,4.16888],[117.69602,4.2638]]],[[[117.56532,4.21138],[117.53748,4.19307],[117.61602,4.16318],[117.56532,4.21138]]]]},"properties":{"state":"Sabah","district":"Kalabakan","code_state":12,"code_district":27,"code_state_district":"12_27"}},
{"type":"Feature","geometry":{"type":"Polygon","coordinates":[[[110.13478,1.66665],[110.17244,1.63006],[110.18213,1.60575],[110.18991,1.59123],[110.18264,1.59047],[110.16062,1.57875],[110.14555,1.57337],[110.13356,1.56737],[110.12485,1.54567],[110.11441,1.53209],[110.15699,1.55618],[110.16146,1.56057],[110.17842,1.55414],[110.18906,1.56303],[110.19769,1.57159],[110.19885,1.49434],[110.26341,1.45329],[110.27039,1.44603],[110.26328,1.41882],[110.2657,1.41111],[110.24585,1.38179],[110.15058,1.20025],[110.27701,1.06205],[110.28182,1.08439],[110.28846,1.17371],[110.29797,1.19789],[110.30786,1.20896],[110.3361,1.20096],[110.34544,1.19409],[110.40652,1.13785],[110.42524,1.16538],[110.43451,1.24241],[110.4397,1.27538],[110.45374,1.31223],[110.47553,1.35195],[110.48209,1.35544],[110.41893,1.36941],[110.41454,1.41901],[110.36713,1.41317],[110.32456,1.42772],[110.32639,1.43009],[110.30172,1.44373],[110.30185,1.44832],[110.31119,1.46082],[110.3208,1.46202],[110.33216,1.46244],[110.33229,1.4663],[110.34291,1.47284],[110.40893,1.50981],[110.43583,1.50521],[110.4533,1.5103],[110.47404,1.51945],[110.47755,1.57665],[110.46705,1.5799],[110.52029,1.5962],[110.47841,1.66007],[110.51463,1.74248],[110.44324,1.72889],[110.43101,1.67624],[110.37247,1.68479],[110.33489,1.80577],[110.29038,1.68059],[110.284,1.70919],[110.18679,1.70619],[110.13478,1.66665]]]},"properties":{"state":"Sarawak","district":"Kuching","code_state":13,"code_district":1,"code_state_district":"13_1"}},
{"type":"Feature","geometry":{"type":"Polygon","coordinates":[[[110.19885,1.49434],[110.19769,1.57159],[110.18906,1.56303],[110.17842,1.55414],[110.16146,1.56057],[110.15699,1.55618],[110.11441,1.53209],[110.10488,1.52334],[110.09005,1.50996],[110.08082,1.49951],[110.01318,1.50302],[109.96595,1.44526],[109.92723,1.4282],[109.96806,1.38966],[109.97654,1.30152],[110.06142,1.26415],[110.06108,1.20925],[110.15058,1.20025],[110.24585,1.38179],[110.2657,1.41111],[110.26328,1.41882],[110.27039,1.44603],[110.26341,1.45329],[110.19885,1.49434]]]},"properties":{"state":"Sarawak","district":"Bau","code_state":13,"code_district":2,"code_state_district":"13_2"}},
{"type":"Feature","geometry":{"type":"Polygon","coordinates":[[[110.13478,1.66665],[110.1246,1.69849],[109.93069,1.68644],[109.85285,1.7868],[109.68045,1.86119],[109.65007,1.9142],[109.6448,2.08127],[109.62724,1.99074],[109.55478,1.96848],[109.55287,1.85451],[109.58529,1.7939],[109.68347,1.78346],[109.66287,1.62325],[109.80308,1.4709],[109.83993,1.48939],[109.83577,1.4248],[109.92723,1.4282],[109.96595,1.44526],[110.01318,1.50302],[110.08082,1.49951],[110.09005,1.50996],[110.10488,1.52334],[110.11441,1.53209],[110.12485,1.54567],[110.13356,1.56737],[110.14555,1.57337],[110.16062,1.57875],[110.18264,1.59047],[110.18991,1.59123],[110.18213,1.60575],[110.17244,1.63006],[110.13478,1.66665]]]},"properties":{"state":"Sarawak","district":"Lundu","code_state":13,"code_district":3,"code_state_district":"13_3"}},
{"type":"Feature","geometry":{"type":"Polygon","coordinates":[[[110.48984,1.51114],[110.4533,1.5103],[110.43583,1.50521],[110.40893,1.50981],[110.34291,1.47284],[110.33229,1.4663],[110.33216,1.46244],[110.3208,1.46202],[110.31119,1.46082],[110.30185,1.44832],[110.30172,1.44373],[110.32639,1.43009],[110.32456,1.42772],[110.36713,1.41317],[110.41454,1.41901],[110.41893,1.36941],[110.48209,1.35544],[110.53428,1.36323],[110.63944,1.45295],[110.65184,1.51306],[110.48984,1.51114]]]},"properties":{"state":"Sarawak","district":"Samarahan","code_state":13,"code_district":4,"code_state_district":"13_4"}},
{"type":"Feature","geometry":{"type":"Polygon","coordinates":[[[110.62999,0.89385],[110.6817,0.86371],[110.75976,0.92878],[110.79766,0.89781],[110.79686,0.94572],[110.86223,0.96561],[110.8433,1.03069],[110.86651,1.03436],[110.8249,1.1066],[110.81115,1.11037],[110.68591,1.2146],[110.53599,1.36098],[110.47553,1.35195],[110.45374,1.31223],[110.4397,1.27538],[110.43451,1.24241],[110.42524,1.16538],[110.40652,1.13785],[110.50301,1.04899],[110.51982,0.99266],[110.6282,0.97668],[110.62999,0.89385]]]},"properties":{"state":"Sarawak","district":"Serian","code_state":13,"code_district":5,"code_state_district":"13_5"}},
{"type":"Feature","geometry":{"type":"Polygon","coordinates":[[[110.97404,1.49823],[110.78721,1.57878],[110.75364,1.53483],[110.7534,1.4999],[110.74708,1.48109],[110.73557,1.47178],[110.69255,1.44963],[110.63944,1.45295],[110.53428,1.36323],[110.68591,1.2146],[110.81115,1.11037],[110.8249,1.1066],[110.86651,1.03436],[110.8433,1.03069],[110.86223,0.96561],[110.90174,1.02876],[110.99076,1.03617],[110.94241,1.18863],[111.04294,1.2172],[111.06787,1.20622],[111.07973,1.22327],[111.10831,1.31228],[111.11078,1.40905],[111.07036,1.41861],[111.05756,1.42473],[111.04645,1.43242],[111.0427,1.43629],[111.03601,1.45545],[111.02766,1.4717],[111.01336,1.49142],[111.00638,1.49771],[110.97404,1.49823]]]},"properties":{"state":"Sarawak","district":"Simunjan","code_state":13,"code_district":6,"code_state_district":"13_6"}},
{"type":"Feature","geometry":{"type":"Polygon","coordinates":[[[111.50899,1.27791],[111.46786,1.38687],[111.22996,1.47225],[111.19634,1.39459],[111.18188,1.38152],[111.1685,1.37615],[111.16187,1.37584],[111.12987,1.40134],[111.11078,1.40905],[111.10831,1.31228],[111.07973,1.22327],[111.06787,1.20622],[111.04294,1.2172],[110.94241,1.18863],[110.99076,1.03617],[111.22861,1.08869],[111.40827,1.01337],[111.48206,1.03768],[111.54149,0.95336],[111.65793,1.04117],[111.65432,1.0687],[111.5337,1.17048],[111.51746,1.18832],[111.49625,1.23553],[111.50899,1.27791]]]},"properties":{"state":"Sarawak","district":"Sri Aman","code_state":13,"code_district":7,"code_state_district":"13_7"}},
{"type":"Feature","geometry":{"type":"Polygon","coordinates":[[[111.84069,1.5734],[111.78714,1.57685],[111.7792,1.57769],[111.75731,1.55264],[111.73103,1.48601],[111.71988,1.46822],[111.71371,1.47408],[111.69509,1.46107],[111.67543,1.46868],[111.66942,1.45461],[111.62553,1.33016],[111.51063,1.27619],[111.50899,1.27791],[111.49625,1.23553],[111.51746,1.18832],[111.5337,1.17048],[111.65432,1.0687],[111.71471,1.00827],[111.82393,0.98906],[111.93371,1.11856],[112.15236,1.1437],[112.17648,1.30634],[112.22439,1.38029],[112.19203,1.44348],[112.17143,1.44969],[112.14656,1.45903],[112.11887,1.46199],[112.0948,1.46043],[112.02702,1.48708],[111.99917,1.5518],[111.98603,1.56284],[111.89245,1.57467],[111.84069,1.5734]]]},"properties":{"state":"Sarawak","district":"Lubok Antu","code_state":13,"code_district":8,"code_state_district":"13_8"}},
{"type":"Feature","geometry":{"type":"Polygon","coordinates":[[[111.22996,1.47225],[111.46786,1.38687],[111.51063,1.27619],[111.62553,1.33016],[111.66942,1.45461],[111.67543,1.46868],[111.69509,1.46107],[111.71371,1.47408],[111.71988,1.46822],[111.73103,1.48601],[111.75731,1.55264],[111.76578,1.60512],[111.75315,1.61933],[111.73685,1.64267],[111.71403,1.65311],[111.67201,1.63763],[111.62864,1.638],[111.62785,1.65249],[111.5956,1.65185],[111.56606,1.65204],[111.54068,1.67784],[111.50751,1.68996],[111.45145,1.64156],[111.42638,1.62874],[111.42261,1.62781],[111.40559,1.64498],[111.39243,1.65133],[111.3709,1.66708],[111.31031,1.64674],[111.35603,1.58123],[111.34323,1.51919],[111.32463,1.53992],[111.29411,1.55277],[111.25195,1.55317],[111.18773,1.51805],[111.22996,1.47225]]]},"properties":{"state":"Sarawak","district":"Betong","code_state":13,"code_district":9,"code_state_district":"13_9"}},
{"type":"Feature","geometry":{"type":"Polygon","coordinates":[[[111.16618,1.71348],[111.19522,1.69414],[111.20604,1.68994],[111.38498,1.66533],[111.39243,1.65133],[111.40559,1.64498],[111.42261,1.62781],[111.42638,1.62874],[111.45145,1.64156],[111.50751,1.68996],[111.54068,1.67784],[111.56606,1.65204],[111.5956,1.65185],[111.62526,1.68741],[111.62647,1.69871],[111.62478,1.70187],[111.6187,1.71997],[111.62283,1.73082],[111.623,1.75066],[111.59496,1.77134],[111.58016,1.78022],[111.54028,1.79519],[111.50222,1.82379],[111.50313,1.82792],[111.4991,1.86649],[111.47899,1.8914],[111.46832,1.89865],[111.46226,1.88964],[111.45339,1.89524],[111.45253,1.90461],[111.35536,1.86364],[111.16618,1.71348]]]},"properties":{"state":"Sarawak","district":"Saratok","code_state":13,"code_district":10,"code_state_district":"13_10"}},
{"type":"Feature","geometry":{"type":"Polygon","coordinates":[[[111.5024,2.21636],[111.49032,2.23265],[111.47397,2.24876],[111.47604,2.2385],[111.48161,2.23238],[111.40275,2.17006],[111.37498,2.18943],[111.34537,2.10369],[111.24781,2.13476],[111.22277,2.09224],[111.25323,2.06531],[111.21159,2.09692],[111.20532,2.08735],[111.20124,2.07171],[111.24534,2.03683],[111.28319,2.04458],[111.28704,1.99769],[111.37,1.97616],[111.39217,1.97603],[111.40661,1.97485],[111.41717,1.94655],[111.45175,1.91162],[111.45339,1.89524],[111.46226,1.88964],[111.46832,1.89865],[111.47899,1.8914],[111.4896,1.88562],[111.51092,1.89358],[111.58661,1.97625],[111.60257,1.98466],[111.61457,1.98938],[111.62954,2.01307],[111.62069,2.02959],[111.61706,2.03567],[111.60287,2.05579],[111.59432,2.17535],[111.58307,2.19199],[111.5024,2.21636]]]},"properties":{"state":"Sarawak","district":"Sarikei","code_state":13,"code_district":11,"code_state_district":"13_11"}},
{"type":"Feature","geometry":{"type":"Polygon","coordinates":[[[111.5842,2.31426],[111.5619,2.32446],[111.5541,2.32891],[111.54683,2.36266],[111.49768,2.34646],[111.49118,2.3441],[111.45951,2.25974],[111.48475,2.2395],[111.5024,2.21636],[111.58307,2.19199],[111.59432,2.17535],[111.60287,2.05579],[111.61706,2.03567],[111.62069,2.02959],[111.62954,2.01307],[111.63767,1.98032],[111.71272,1.98931],[111.77068,2.03261],[111.78311,2.04206],[111.79083,2.06257],[111.78673,2.15927],[111.71335,2.22459],[111.70063,2.2626],[111.68628,2.27888],[111.67077,2.28794],[111.63489,2.26228],[111.6025,2.29259],[111.5842,2.31426]]]},"properties":{"state":"Sarawak","district":"Maradong","code_state":13,"code_district":12,"code_state_district":"13_12"}},
{"type":"Feature","geometry":{"type":"Polygon","coordinates":[[[111.40943,2.69687],[111.4092,2.76802],[111.32179,2.80156],[111.28179,2.72417],[111.29974,2.50761],[111.28362,2.4254],[111.3315,2.40463],[111.35806,2.34175],[111.43503,2.38237],[111.49324,2.34643],[111.49768,2.34646],[111.54683,2.36266],[111.5541,2.32891],[111.5619,2.32446],[111.59837,2.32457],[111.6017,2.35191],[111.60817,2.37815],[111.59628,2.373],[111.5856,2.43048],[111.58382,2.46473],[111.56207,2.55136],[111.40943,2.69687]]]},"properties":{"state":"Sarawak","district":"Daro","code_state":13,"code_district":13,"code_state_district":"13_13"}},
{"type":"Feature","geometry":{"type":"Polygon","coordinates":[[[111.95901,2.06477],[111.86356,2.06864],[111.79559,2.05319],[111.78825,2.05003],[111.78311,2.04206],[111.77068,2.03261],[111.71272,1.98931],[111.76994,1.90527],[111.76871,1.81033],[111.75968,1.79904],[111.80807,1.7272],[111.89027,1.68297],[111.89245,1.57467],[111.98603,1.56284],[111.99651,1.56233],[112.0632,1.58266],[112.06103,1.6131],[112.16543,1.62569],[112.16304,1.66347],[112.21285,1.66068],[112.20678,1.675],[112.19847,1.67988],[112.18103,1.69512],[112.17951,1.70938],[112.18075,1.72123],[112.17494,1.72899],[112.04801,1.80251],[112.03849,1.8089],[112.03689,1.81343],[112.02156,1.82994],[112.03566,1.85325],[112.04692,1.86419],[112.03521,1.87681],[112.0196,1.902],[111.97738,1.91745],[111.94826,1.94872],[111.95446,1.97055],[111.95373,1.98463],[111.96232,1.98931],[111.96705,2.01305],[111.95901,2.06477]]]},"properties":{"state":"Sarawak","district":"Julau","code_state":13,"code_district":14,"code_state_district":"13_14"}},
{"type":"Feature","geometry":{"type":"Polygon","coordinates":[[[111.9941,2.53333],[111.96675,2.54043],[111.84073,2.52703],[111.69222,2.45289],[111.58705,2.43921],[111.5856,2.43048],[111.59628,2.373],[111.60817,2.37815],[111.6017,2.35191],[111.59837,2.32457],[111.5842,2.31426],[111.6025,2.29259],[111.63489,2.26228],[111.67077,2.28794],[111.68628,2.27888],[111.70063,2.2626],[111.71335,2.22459],[111.78673,2.15927],[111.79083,2.06257],[111.78825,2.05003],[111.79559,2.05319],[111.86356,2.06864],[111.98307,2.06546],[111.98679,2.07977],[112.00299,2.07861],[112.04469,2.06481],[112.07675,2.14974],[112.10978,2.18003],[112.1098,2.19004],[112.1117,2.19301],[112.12469,2.25305],[112.13376,2.26185],[112.14311,2.26872],[112.15333,2.2778],[112.10709,2.32672],[112.09635,2.33847],[112.11067,2.34702],[111.99232,2.46434],[111.9941,2.53333]]]},"properties":{"state":"Sarawak","district":"Sibu","code_state":13,"code_district":15,"code_state_district":"13_15"}},
{"type":"Feature","geometry":{"type":"Polygon","coordinates":[[[112.16365,2.63812],[112.05309,2.72957],[112.03583,2.7455],[112.02247,2.77086],[111.98322,2.8666],[111.97736,2.87777],[111.77729,2.85832],[111.80387,2.82542],[111.85456,2.66824],[111.92617,2.65701],[111.98821,2.54077],[111.99404,2.53256],[112.00381,2.54209],[112.01623,2.5291],[112.21049,2.51612],[112.20481,2.53752],[112.18564,2.56601],[112.16973,2.58333],[112.16365,2.63812]]]},"properties":{"state":"Sarawak","district":"Dalat","code_state":13,"code_district":16,"code_state_district":"13_16"}},
{"type":"Feature","geometry":{"type":"Polygon","coordinates":[[[112.70826,3.06903],[112.58331,3.00828],[111.97809,2.87759],[112.00919,2.80174],[112.03304,2.74908],[112.04965,2.73247],[112.16365,2.63812],[112.16973,2.58333],[112.18564,2.56601],[112.19483,2.55606],[112.20408,2.56236],[112.18943,2.58447],[112.3436,2.60152],[112.54394,2.76682],[112.57511,2.75419],[112.57921,2.84716],[112.6998,2.84969],[112.6964,2.87442],[112.72101,2.92528],[112.70826,3.06903]]]},"properties":{"state":"Sarawak","district":"Mukah","code_state":13,"code_district":17,"code_state_district":"13_17"}},
{"type":"Feature","geometry":{"type":"Polygon","coordinates":[[[112.17098,2.18208],[112.1098,2.19004],[112.10978,2.18003],[112.07675,2.14974],[112.04469,2.06481],[112.00299,2.07861],[111.98679,2.07977],[111.98307,2.06546],[111.95901,2.06477],[111.96705,2.01305],[111.96232,1.98931],[111.95373,1.98463],[111.95446,1.97055],[111.94826,1.94872],[111.97738,1.91745],[112.0196,1.902],[112.03521,1.87681],[112.04692,1.86419],[112.03566,1.85325],[112.02156,1.82994],[112.03689,1.81343],[112.03849,1.8089],[112.04801,1.80251],[112.17494,1.72899],[112.18075,1.72123],[112.17951,1.70938],[112.19475,1.6841],[112.20435,1.69493],[112.22263,1.69418],[112.2257,1.69128],[112.22888,1.68196],[112.24163,1.6743],[112.24595,1.67894],[112.24661,1.69427],[112.29918,1.72607],[112.30705,1.74611],[112.39417,1.7513],[112.44538,1.79108],[112.45103,1.7972],[112.44073,1.8016],[112.42731,1.80919],[112.36856,1.85983],[112.42103,1.86059],[112.4682,1.92295],[112.46812,1.94163],[112.47389,1.95338],[112.47487,1.95925],[112.48283,1.96402],[112.47796,1.97615],[112.4704,1.99226],[112.42493,1.99176],[112.39439,2.0375],[112.38026,2.05203],[112.37829,2.06328],[112.39992,2.07334],[112.39601,2.10912],[112.40371,2.118],[112.41167,2.13005],[112.38418,2.15221],[112.25531,2.17699],[112.22482,2.18013],[112.21558,2.17494],[112.18988,2.17674],[112.17098,2.18208]]]},"properties":{"state":"Sarawak","district":"Kanowit","code_state":13,"code_district":18,"code_state_district":"13_18"}},
{"type":"Feature","geometry":{"type":"Polygon","coordinates":[[[113.52906,3.44167],[113.51189,3.46042],[113.49598,3.47014],[113.48061,3.46913],[113.49736,3.57905],[113.50213,3.58657],[113.50705,3.59912],[113.50692,3.60784],[113.47776,3.66595],[113.46771,3.68217],[113.45325,3.69375],[113.42706,3.70523],[113.42501,3.70894],[113.42529,3.7151],[113.42143,3.71663],[113.35039,3.6056],[113.29074,3.55126],[113.27615,3.49197],[113.04824,3.26692],[113.07284,3.25233],[113.01678,3.17594],[112.87702,3.09818],[112.88998,3.0534],[112.94243,3.02869],[112.92688,2.9701],[112.9521,2.93715],[112.92261,2.91622],[112.93272,2.91119],[112.94975,2.92134],[112.96171,2.91616],[112.98079,2.94783],[112.98573,2.95146],[112.98919,2.95052],[112.99115,2.95763],[113.01856,2.97416],[113.20482,3.07936],[113.19265,3.16118],[113.23441,3.20466],[113.31907,3.21648],[113.41612,3.3233],[113.44875,3.36062],[113.52906,3.44167]]]},"properties":{"state":"Sarawak","district":"Bintulu","code_state":13,"code_district":19,"code_state_district":"13_19"}},
{"type":"Feature","geometry":{"type":"Polygon","coordinates":[[[112.88998,3.0534],[112.87702,3.09818],[112.70826,3.06903],[112.72101,2.92528],[112.6964,2.87442],[112.71905,2.8459],[112.73193,2.79953],[112.78494,2.7857],[112.7363,2.74691],[112.71929,2.74725],[112.7054,2.73141],[112.72396,2.70742],[112.75711,2.70054],[112.79626,2.69167],[112.81972,2.68932],[112.84567,2.65556],[112.79231,2.63553],[112.71123,2.66928],[112.74587,2.53501],[112.71417,2.50108],[112.69987,2.46059],[112.67758,2.40895],[112.6478,2.38714],[112.64196,2.3848],[112.64182,2.36845],[112.67913,2.29676],[112.78013,2.29541],[112.78958,2.29709],[112.79426,2.29611],[112.8063,2.28607],[112.80859,2.28034],[112.80807,2.27691],[112.80565,2.27401],[112.80123,2.27237],[112.78058,2.27075],[112.77773,2.26873],[112.78014,2.25739],[112.76736,2.23437],[112.7361,2.24113],[112.69415,2.25022],[112.67946,2.24788],[112.68785,2.21482],[112.67726,2.20831],[112.63438,2.20555],[112.62322,2.20333],[112.63033,2.18841],[112.6826,2.17714],[112.81846,2.14851],[112.87891,2.17534],[112.8878,2.19631],[112.90142,2.24921],[112.92828,2.27195],[112.97464,2.28717],[112.99705,2.30544],[113.01225,2.34029],[113.00307,2.42001],[113.00978,2.42973],[113.05774,2.45423],[113.39794,2.58718],[113.41928,2.56518],[113.43478,2.56998],[113.44848,2.5452],[113.46058,2.54989],[113.46763,2.55777],[113.47642,2.55715],[113.46517,2.53436],[113.47424,2.536],[113.50658,2.56619],[113.53678,2.58087],[113.59923,2.64191],[113.63339,2.61747],[113.64114,2.60792],[113.65382,2.65302],[113.71594,2.75405],[113.6855,2.79439],[113.68104,2.79038],[113.6597,2.76901],[113.63202,2.77841],[113.62031,2.77546],[113.57338,2.73469],[113.49049,2.74767],[113.35797,2.69994],[113.33192,2.70177],[113.32197,2.70863],[113.29523,2.71029],[113.23167,2.73973],[113.24328,2.75011],[113.26004,2.76395],[113.29393,2.78162],[113.28627,2.83415],[113.23615,2.85755],[113.2194,2.91284],[113.14623,2.90319],[113.09347,2.94035],[113.06241,2.90707],[113.02665,2.93707],[113.01119,2.93832],[113.00347,2.94452],[112.98573,2.95146],[112.98079,2.94783],[112.96171,2.91616],[112.94975,2.92134],[112.93272,2.91119],[112.92261,2.91622],[112.9521,2.93715],[112.92688,2.9701],[112.94243,3.02869],[112.88998,3.0534]]]},"properties":{"state":"Sarawak","district":"Tatau","code_state":13,"code_district":20,"code_state_district":"13_20"}},
{"type":"Feature","geometry":{"type":"Polygon","coordinates":[[[112.97715,1.76652],[113.0834,1.84799],[113.26006,1.86361],[113.11825,2.00522],[113.12928,2.1505],[113.26241,2.1433],[113.28245,2.21403],[113.41102,2.21943],[113.52542,2.29447],[113.71872,2.29631],[113.71981,2.31577],[113.71487,2.3263],[113.69103,2.33989],[113.69774,2.34771],[113.69261,2.39966],[113.65028,2.42079],[113.67202,2.44609],[113.65442,2.46501],[113.54205,2.40496],[113.5485,2.43042],[113.54634,2.43428],[113.54198,2.43471],[113.5144,2.42664],[113.39895,2.37138],[113.38385,2.36943],[113.33597,2.46822],[113.31575,2.48079],[113.32958,2.48112],[113.3558,2.48846],[113.36204,2.50193],[113.36402,2.5137],[113.39698,2.52283],[113.41234,2.52614],[113.43855,2.53912],[113.44352,2.54427],[113.43478,2.56998],[113.41928,2.56518],[113.39794,2.58718],[113.05774,2.45423],[113.00978,2.42973],[113.00307,2.42001],[113.01225,2.34029],[112.99705,2.30544],[112.97464,2.28717],[112.92828,2.27195],[112.90142,2.24921],[112.8878,2.19631],[112.87891,2.17534],[112.81846,2.14851],[112.6826,2.17714],[112.65124,2.18289],[112.65865,1.97514],[112.78676,1.97584],[112.8564,1.85657],[112.86756,1.81922],[112.88292,1.79844],[112.94711,1.76792],[112.96687,1.76139],[112.97715,1.76652]]]},"properties":{"state":"Sarawak","district":"Kapit","code_state":13,"code_district":21,"code_state_district":"13_21"}},
{"type":"Feature","geometry":{"type":"Polygon","coordinates":[[[112.19203,1.44348],[112.42262,1.52612],[112.47865,1.5791],[112.75411,1.57421],[112.84086,1.5382],[112.90672,1.58359],[112.92634,1.6708],[112.86601,1.68426],[112.91473,1.69147],[112.92254,1.70392],[112.93356,1.75617],[112.94711,1.76792],[112.88292,1.79844],[112.86756,1.81922],[112.8564,1.85657],[112.78676,1.97584],[112.65865,1.97514],[112.65124,2.18289],[112.63033,2.18841],[112.62404,2.19029],[112.58884,2.18742],[112.5332,2.17276],[112.5116,2.17241],[112.40866,2.14642],[112.41167,2.13005],[112.40371,2.118],[112.39601,2.10912],[112.39992,2.07334],[112.37829,2.06328],[112.38026,2.05203],[112.39439,2.0375],[112.42493,1.99176],[112.4704,1.99226],[112.47796,1.97615],[112.48283,1.96402],[112.47487,1.95925],[112.47389,1.95338],[112.46812,1.94163],[112.4682,1.92295],[112.42103,1.86059],[112.36856,1.85983],[112.42731,1.80919],[112.44073,1.8016],[112.45103,1.7972],[112.44538,1.79108],[112.39417,1.7513],[112.30705,1.74611],[112.29918,1.72607],[112.24661,1.69427],[112.24623,1.68011],[112.2434,1.67504],[112.23944,1.67456],[112.22967,1.68118],[112.2236,1.69377],[112.20541,1.69521],[112.19475,1.6841],[112.19847,1.67988],[112.20678,1.675],[112.21285,1.66068],[112.16304,1.66347],[112.16543,1.62569],[112.06103,1.6131],[112.0632,1.58266],[111.99651,1.56233],[111.99917,1.5518],[112.02702,1.48708],[112.0948,1.46043],[112.11887,1.46199],[112.14656,1.45903],[112.17143,1.44969],[112.19203,1.44348]]]},"properties":{"state":"Sarawak","district":"Song","code_state":13,"code_district":22,"code_state_district":"13_22"}},
{"type":"Feature","geometry":{"type":"Polygon","coordinates":[[[114.05226,1.9658],[114.35324,1.98849],[114.64573,2.04755],[114.79581,2.08581],[114.78173,2.19713],[114.81371,2.26801],[114.95306,2.28099],[114.95768,2.36655],[114.99292,2.3485],[115.04519,2.40764],[115.09372,2.40913],[115.13845,2.47685],[115.19341,2.46995],[115.23424,2.53724],[115.17255,2.60605],[115.10953,2.58092],[115.08671,2.60561],[115.11803,2.64662],[115.09999,2.71558],[115.15599,2.78537],[115.0733,2.81258],[115.06045,2.80953],[115.05359,2.79591],[115.01445,2.71663],[114.90016,2.67902],[114.8385,2.70186],[114.72575,2.70625],[114.62867,2.83473],[114.57553,2.86608],[114.55528,2.86608],[114.54233,2.86455],[114.50141,2.90089],[114.49938,2.93679],[114.47879,2.95045],[114.44068,2.95184],[114.39789,3.0552],[114.3432,3.06125],[114.25499,3.15402],[114.25308,3.18094],[114.32939,3.14772],[114.2049,3.33155],[114.13021,3.29728],[114.07867,3.31203],[114.04767,3.32404],[114.04809,3.35591],[114.04134,3.35169],[114.03111,3.34146],[113.922,3.23197],[113.93911,3.17378],[113.83907,3.04487],[113.81818,3.02742],[113.81709,3.01177],[113.81977,3.00297],[113.79897,2.98443],[113.6855,2.79439],[113.71594,2.75405],[113.65382,2.65302],[113.64114,2.60792],[113.63339,2.61747],[113.59923,2.64191],[113.53678,2.58087],[113.50658,2.56619],[113.47424,2.536],[113.46517,2.53436],[113.47642,2.55715],[113.46763,2.55777],[113.46058,2.54989],[113.44848,2.5452],[113.44352,2.54427],[113.43855,2.53912],[113.41234,2.52614],[113.39698,2.52283],[113.36402,2.5137],[113.36204,2.50193],[113.3558,2.48846],[113.32958,2.48112],[113.31575,2.48079],[113.33597,2.46822],[113.38385,2.36943],[113.39895,2.37138],[113.5144,2.42664],[113.54433,2.43478],[113.54775,2.43273],[113.54849,2.42826],[113.54205,2.40496],[113.65442,2.46501],[113.67202,2.44609],[113.65028,2.42079],[113.69261,2.39966],[113.69774,2.34771],[113.69103,2.33989],[113.71487,2.3263],[113.71981,2.31577],[113.72447,2.2815],[113.75642,2.26307],[113.87443,2.08406],[114.05226,1.9658]]]},"properties":{"state":"Sarawak","district":"Belaga","code_state":13,"code_district":23,"code_state_district":"13_23"}},
{"type":"Feature","geometry":{"type":"MultiPolygon","coordinates":[[[[115.05781,3.9471],[115.24503,3.77775],[115.1101,3.51417],[115.13924,3.33483],[115.29542,3.03993],[115.32754,2.97683],[115.4992,3.03299],[115.56536,3.16308],[115.51784,3.20156],[115.54393,3.36351],[115.58429,3.44792],[115.62364,3.40788],[115.65701,3.43898],[115.57104,3.64954],[115.61663,3.87469],[115.55237,3.92216],[115.54981,3.93065],[115.5401,3.93578],[115.51941,3.93191],[115.49985,3.91816],[115.49157,3.91128],[115.48586,3.90336],[115.50271,3.89194],[115.4483,3.80806],[115.33511,3.82501],[115.17697,3.96392],[115.15459,4.03603],[115.13547,4.06181],[115.13166,4.06119],[115.11605,4.08033],[115.08872,4.05056],[115.05781,3.9471]]],[[[114.17149,4.55885],[113.97139,4.5985],[113.99865,4.45768],[113.9679,4.33139],[113.81021,4.08524],[113.92068,4.19064],[113.99542,4.19804],[114.0008,4.20424],[114.07811,4.23217],[114.07998,4.28025],[114.16492,4.29434],[114.21821,4.38017],[114.16638,4.48259],[114.15893,4.51142],[114.17149,4.55885]]]]},"properties":{"state":"Sarawak","district":"Miri","code_state":13,"code_district":24,"code_state_district":"13_24"}},
{"type":"Feature","geometry":{"type":"Polygon","coordinates":[[[114.36817,3.96412],[114.42842,3.95634],[114.46353,3.81006],[114.47318,3.79538],[114.59146,3.82189],[114.60806,3.87241],[114.73043,3.86263],[114.86718,3.92646],[114.9359,3.90695],[114.96188,3.87241],[115.01711,3.90435],[115.02293,3.91671],[115.05781,3.9471],[115.08872,4.05056],[115.10567,4.09336],[115.03686,4.12539],[114.9996,4.12717],[114.96372,4.12534],[114.94825,4.12797],[114.93074,4.14377],[114.91199,4.14366],[114.89866,4.14734],[114.86437,4.14917],[114.82956,4.16007],[114.81544,4.16095],[114.71106,4.03808],[114.61186,4.00249],[114.62689,4.03156],[114.49766,4.14581],[114.45105,4.27885],[114.41931,4.25311],[114.31644,4.26353],[114.30342,4.40903],[114.24807,4.50456],[114.17149,4.55885],[114.15893,4.51142],[114.16638,4.48259],[114.21821,4.38017],[114.16492,4.29434],[114.07998,4.28025],[114.07811,4.23217],[114.24186,4.18056],[114.21429,4.08855],[114.21311,4.06184],[114.24123,3.99063],[114.26214,3.95402],[114.25608,3.89746],[114.27276,3.91592],[114.28081,3.91874],[114.29261,3.93158],[114.30091,3.9506],[114.28635,3.98073],[114.29563,3.9889],[114.30925,3.99895],[114.31781,4.01512],[114.33018,3.98094],[114.34267,3.9675],[114.36817,3.96412]]]},"properties":{"state":"Sarawak","district":"Marudi","code_state":13,"code_district":25,"code_state_district":"13_25"}},
{"type":"Feature","geometry":{"type":"Polygon","coordinates":[[[115.50063,3.99557],[115.47765,4.0063],[115.49828,4.06537],[115.50448,4.07638],[115.41717,4.19099],[115.40548,4.1804],[115.29124,4.24605],[115.29493,4.26142],[115.31373,4.28219],[115.32292,4.29617],[115.23857,4.36594],[115.09269,4.38514],[115.09534,4.49177],[115.0219,4.74912],[115.06939,4.88194],[115.0209,4.89681],[114.97106,4.80803],[114.89671,4.81625],[114.77886,4.73208],[114.82859,4.43285],[114.88358,4.42098],[114.81427,4.2572],[114.85693,4.27816],[114.79336,4.16014],[114.81544,4.16095],[114.82956,4.16007],[114.86437,4.14917],[114.89866,4.14734],[114.91199,4.14366],[114.93074,4.14377],[114.94825,4.12797],[114.96372,4.12534],[114.9996,4.12717],[115.03686,4.12539],[115.10567,4.09336],[115.11605,4.08033],[115.13166,4.06119],[115.13547,4.06181],[115.15459,4.03603],[115.17697,3.96392],[115.33511,3.82501],[115.4483,3.80806],[115.50271,3.89194],[115.48586,3.90336],[115.49157,3.91128],[115.49985,3.91816],[115.51765,3.92946],[115.51738,3.93187],[115.51053,3.93159],[115.49607,3.97881],[115.50063,3.99557]]]},"properties":{"state":"Sarawak","district":"Limbang","code_state":13,"code_district":26,"code_state_district":"13_26"}},
{"type":"Feature","geometry":{"type":"Polygon","coordinates":[[[115.55237,3.92216],[115.63755,3.95784],[115.6615,4.12047],[115.646,4.1264],[115.61354,4.17076],[115.65197,4.33319],[115.57171,4.3721],[115.53012,4.59801],[115.64122,4.77136],[115.58648,4.97747],[115.57874,4.98694],[115.49169,4.95483],[115.43859,4.96844],[115.43875,4.97422],[115.34246,4.89254],[115.2471,4.91476],[115.22417,4.96658],[115.15571,4.91303],[115.15023,4.87408],[115.23867,4.80197],[115.25529,4.64972],[115.28644,4.63327],[115.27534,4.44327],[115.36059,4.33394],[115.32292,4.29617],[115.31373,4.28219],[115.29493,4.26142],[115.29124,4.24605],[115.40548,4.1804],[115.41717,4.19099],[115.50448,4.07638],[115.49828,4.06537],[115.47765,4.0063],[115.50063,3.99557],[115.49607,3.97881],[115.51053,3.93159],[115.51738,3.93147],[115.51765,3.92946],[115.51941,3.93191],[115.5401,3.93578],[115.54981,3.93065],[115.55237,3.92216]]]},"properties":{"state":"Sarawak","district":"Lawas","code_state":13,"code_district":27,"code_state_district":"13_27"}},
{"type":"Feature","geometry":{"type":"Polygon","coordinates":[[[111.80387,2.82542],[111.77509,2.85876],[111.63178,2.8448],[111.59449,2.79273],[111.40943,2.69687],[111.56207,2.55136],[111.58382,2.46473],[111.58705,2.43921],[111.69222,2.45289],[111.84073,2.52703],[111.96675,2.54043],[111.9941,2.53333],[111.98821,2.54077],[111.92617,2.65701],[111.85456,2.66824],[111.80387,2.82542]]]},"properties":{"state":"Sarawak","district":"Matu","code_state":13,"code_district":28,"code_state_district":"13_28"}},
{"type":"Feature","geometry":{"type":"Polygon","coordinates":[[[110.63944,1.45295],[110.69255,1.44963],[110.73557,1.47178],[110.74708,1.48109],[110.7534,1.4999],[110.75364,1.53483],[110.60588,1.61364],[110.52029,1.5962],[110.46705,1.5799],[110.47755,1.57665],[110.47404,1.51945],[110.48984,1.51114],[110.65184,1.51306],[110.63944,1.45295]]]},"properties":{"state":"Sarawak","district":"Asajaya","code_state":13,"code_district":29,"code_state_district":"13_29"}},
{"type":"Feature","geometry":{"type":"Polygon","coordinates":[[[111.63767,1.98032],[111.61457,1.98938],[111.60257,1.98466],[111.58661,1.97625],[111.51092,1.89358],[111.4896,1.88562],[111.4991,1.86649],[111.50313,1.82792],[111.50222,1.82379],[111.54028,1.79519],[111.58016,1.78022],[111.59496,1.77134],[111.623,1.75066],[111.62283,1.73082],[111.6187,1.71997],[111.62478,1.70187],[111.62647,1.69871],[111.62526,1.68741],[111.62785,1.65249],[111.62864,1.638],[111.67201,1.63763],[111.71403,1.65311],[111.73685,1.64267],[111.75315,1.61933],[111.76578,1.60512],[111.7792,1.57769],[111.78714,1.57685],[111.84069,1.5734],[111.89245,1.57467],[111.89027,1.68297],[111.80807,1.7272],[111.75968,1.79904],[111.76871,1.81033],[111.76994,1.90527],[111.71272,1.98931],[111.63767,1.98032]]]},"properties":{"state":"Sarawak","district":"Pakan","code_state":13,"code_district":30,"code_state_district":"13_30"}},
{"type":"Feature","geometry":{"type":"Polygon","coordinates":[[[112.71905,2.8459],[112.6998,2.84969],[112.57921,2.84716],[112.57511,2.75419],[112.54394,2.76682],[112.3436,2.60152],[112.18943,2.58447],[112.20408,2.56236],[112.19483,2.55606],[112.20481,2.53752],[112.21049,2.51612],[112.01623,2.5291],[112.00381,2.54209],[111.99404,2.53256],[111.99232,2.46434],[112.11067,2.34702],[112.09635,2.33847],[112.10709,2.32672],[112.15333,2.2778],[112.14311,2.26872],[112.13376,2.26185],[112.12469,2.25305],[112.1117,2.19301],[112.17098,2.18208],[112.18988,2.17674],[112.21558,2.17494],[112.22482,2.18013],[112.25531,2.17699],[112.38418,2.15221],[112.40866,2.14642],[112.5116,2.17241],[112.5332,2.17276],[112.58884,2.18742],[112.62404,2.19029],[112.62322,2.20333],[112.63438,2.20555],[112.67726,2.20831],[112.68785,2.21482],[112.67946,2.24788],[112.69415,2.25022],[112.7361,2.24113],[112.76736,2.23437],[112.78014,2.25739],[112.77773,2.26873],[112.78058,2.27075],[112.80001,2.27213],[112.80741,2.27579],[112.80868,2.27917],[112.80691,2.28505],[112.79852,2.29378],[112.79074,2.29705],[112.78013,2.29541],[112.67913,2.29676],[112.64182,2.36845],[112.64196,2.3848],[112.6478,2.38714],[112.67758,2.40895],[112.69987,2.46059],[112.71417,2.50108],[112.74587,2.53501],[112.71123,2.66928],[112.79231,2.63553],[112.84567,2.65556],[112.81972,2.68932],[112.79626,2.69167],[112.75711,2.70054],[112.72396,2.70742],[112.7054,2.73141],[112.71929,2.74725],[112.7363,2.74691],[112.78494,2.7857],[112.73193,2.79953],[112.71905,2.8459]]]},"properties":{"state":"Sarawak","district":"Selangau","code_state":13,"code_district":31,"code_state_district":"13_31"}},
{"type":"Feature","geometry":{"type":"Polygon","coordinates":[[[110.3361,1.20096],[110.30786,1.20896],[110.29797,1.19789],[110.28846,1.17371],[110.28182,1.08439],[110.27701,1.06205],[110.27293,0.99796],[110.38714,0.99613],[110.48378,0.8768],[110.56649,0.85539],[110.62999,0.89385],[110.6282,0.97668],[110.51982,0.99266],[110.50301,1.04899],[110.34544,1.19409],[110.3361,1.20096]]]},"properties":{"state":"Sarawak","district":"Tebedu","code_state":13,"code_district":32,"code_state_district":"13_32"}},
{"type":"Feature","geometry":{"type":"Polygon","coordinates":[[[111.10443,1.70168],[111.06797,1.72134],[111.06511,1.71079],[111.05562,1.67807],[111.01238,1.64592],[110.99351,1.53873],[110.94716,1.5151],[110.97404,1.49823],[111.00036,1.49847],[111.00866,1.49628],[111.02971,1.46819],[111.04305,1.43571],[111.05582,1.42577],[111.07357,1.41755],[111.09974,1.41077],[111.11051,1.4095],[111.12241,1.40526],[111.13285,1.39927],[111.16082,1.37645],[111.165,1.37523],[111.16964,1.37649],[111.18393,1.38277],[111.19634,1.39459],[111.22996,1.47225],[111.18773,1.51805],[111.25195,1.55317],[111.29411,1.55277],[111.32463,1.53992],[111.34323,1.51919],[111.35603,1.58123],[111.31031,1.64674],[111.3709,1.66708],[111.20536,1.69009],[111.19462,1.6945],[111.16654,1.71371],[111.15166,1.69416],[111.14636,1.6799],[111.10443,1.70168]]]},"properties":{"state":"Sarawak","district":"Pusa","code_state":13,"code_district":33,"code_state_district":"13_33"}},
{"type":"Feature","geometry":{"type":"Polygon","coordinates":[[[111.10443,1.70168],[111.14636,1.6799],[111.15024,1.69166],[111.16618,1.71348],[111.35536,1.86364],[111.45253,1.90461],[111.45175,1.91162],[111.41717,1.94655],[111.40661,1.97485],[111.39217,1.97603],[111.37,1.97616],[111.28704,1.99769],[111.28319,2.04458],[111.24534,2.03683],[111.20105,2.07192],[111.06794,1.72131],[111.10443,1.70168]]]},"properties":{"state":"Sarawak","district":"Kabong","code_state":13,"code_district":34,"code_state_district":"13_34"}},
{"type":"Feature","geometry":{"type":"Polygon","coordinates":[[[111.3315,2.40463],[111.2836,2.42541],[111.25294,2.44844],[111.19005,2.39786],[111.14957,2.16729],[111.32891,2.1182],[111.37498,2.18943],[111.40275,2.17006],[111.48161,2.23238],[111.47604,2.2385],[111.47397,2.24876],[111.45951,2.25974],[111.49118,2.3441],[111.49324,2.34643],[111.43503,2.38237],[111.35806,2.34175],[111.3315,2.40463]]]},"properties":{"state":"Sarawak","district":"Tanjung Manis","code_state":13,"code_district":35,"code_state_district":"13_35"}},
{"type":"Feature","geometry":{"type":"Polygon","coordinates":[[[112.98919,2.95052],[113.00347,2.94452],[113.01119,2.93832],[113.02665,2.93707],[113.06241,2.90707],[113.09347,2.94035],[113.14623,2.90319],[113.2194,2.91284],[113.23615,2.85755],[113.28627,2.83415],[113.29393,2.78162],[113.26004,2.76395],[113.24328,2.75011],[113.23167,2.73973],[113.29523,2.71029],[113.32197,2.70863],[113.33192,2.70177],[113.35797,2.69994],[113.49049,2.74767],[113.57338,2.73469],[113.62031,2.77546],[113.63202,2.77841],[113.6597,2.76901],[113.68104,2.79038],[113.6855,2.79439],[113.79897,2.98443],[113.81977,3.00297],[113.81709,3.01177],[113.81818,3.02742],[113.83907,3.04487],[113.93911,3.17378],[113.922,3.23197],[114.03111,3.34146],[114.04134,3.35169],[114.05348,3.37173],[114.04808,3.40958],[114.01451,3.39652],[113.99984,3.38827],[113.98012,3.44875],[114.01333,3.47348],[114.0145,3.48773],[113.98918,3.55495],[113.97185,3.59727],[113.9624,3.60797],[113.95576,3.52369],[113.90675,3.52325],[113.79139,3.32156],[113.75711,3.32078],[113.7456,3.37913],[113.69288,3.34782],[113.68152,3.35885],[113.67247,3.40079],[113.67763,3.40622],[113.68339,3.41861],[113.68328,3.4261],[113.67688,3.43179],[113.65092,3.44391],[113.62539,3.44618],[113.53099,3.44152],[113.52906,3.44167],[113.44875,3.36062],[113.41612,3.3233],[113.31907,3.21648],[113.23441,3.20466],[113.19265,3.16118],[113.20482,3.07936],[113.01856,2.97416],[112.99115,2.95763],[112.98919,2.95052]]]},"properties":{"state":"Sarawak","district":"Sebauh","code_state":13,"code_district":36,"code_state_district":"13_36"}},
{"type":"Feature","geometry":{"type":"Polygon","coordinates":[[[112.90672,1.58359],[113.06392,1.55263],[113.04004,1.47358],[112.98347,1.45084],[112.97504,1.41069],[113.10595,1.44529],[113.14378,1.38944],[113.32677,1.37561],[113.42114,1.28547],[113.49998,1.31824],[113.58323,1.30817],[113.61886,1.22999],[113.66522,1.21872],[113.70024,1.26858],[113.81656,1.31474],[113.82326,1.37441],[113.97505,1.44968],[114.14254,1.46644],[114.20528,1.40999],[114.40759,1.52282],[114.56944,1.43162],[114.61474,1.51337],[114.61157,1.57942],[114.71455,1.68588],[114.6901,1.80826],[114.71933,1.8566],[114.7874,1.849],[114.87854,1.91471],[114.84946,1.96432],[114.88677,2.03074],[114.81001,2.02426],[114.79278,2.08503],[114.69924,2.06111],[114.54428,2.02711],[114.3864,1.99519],[114.05226,1.9658],[113.87443,2.08406],[113.75642,2.26307],[113.72447,2.2815],[113.71872,2.29631],[113.52542,2.29447],[113.41102,2.21943],[113.28245,2.21403],[113.26241,2.1433],[113.12928,2.1505],[113.11825,2.00522],[113.26006,1.86361],[113.0834,1.84799],[112.97715,1.76652],[112.96687,1.76139],[112.93356,1.75617],[112.92254,1.70392],[112.91473,1.69147],[112.86601,1.68426],[112.92634,1.6708],[112.90672,1.58359]]]},"properties":{"state":"Sarawak","district":"Bukit Mabong","code_state":13,"code_district":37,"code_state_district":"13_37"}},
{"type":"Feature","geometry":{"type":"Polygon","coordinates":[[[113.81021,4.08524],[113.70127,3.9594],[113.4358,3.75804],[113.42245,3.73617],[113.42819,3.72559],[113.42136,3.70592],[113.42046,3.70344],[113.4236,3.70062],[113.42843,3.7078],[113.43239,3.70854],[113.43144,3.70572],[113.43413,3.70397],[113.43358,3.69697],[113.47468,3.66884],[113.48992,3.62489],[113.50031,3.60662],[113.50713,3.60214],[113.50275,3.58796],[113.49736,3.57905],[113.48061,3.46913],[113.49598,3.47014],[113.51189,3.46042],[113.53099,3.44152],[113.62539,3.44618],[113.64954,3.44429],[113.67562,3.43246],[113.68257,3.42739],[113.68376,3.42011],[113.67836,3.40753],[113.67247,3.40079],[113.68152,3.35885],[113.69288,3.34782],[113.7456,3.37913],[113.75711,3.32078],[113.79139,3.32156],[113.90675,3.52325],[113.95576,3.52369],[113.9523,3.58644],[113.95478,3.59678],[113.96508,3.61341],[113.99574,3.64586],[114.00015,3.68521],[114.01393,3.68652],[114.02719,3.7137],[113.997,3.73435],[113.98059,3.74742],[114.01678,3.7933],[113.99638,3.81015],[113.99142,3.81541],[113.98164,3.83877],[113.98255,3.84475],[113.98576,3.85155],[113.99486,3.85931],[114.01332,3.8683],[114.03114,3.92386],[114.03308,3.94075],[113.96114,4.14773],[113.98607,4.16993],[113.99294,4.18428],[113.99164,4.18888],[113.99542,4.19804],[113.92068,4.19064],[113.81021,4.08524]]]},"properties":{"state":"Sarawak","district":"Subis","code_state":13,"code_district":38,"code_state_district":"13_38"}},
{"type":"Feature","geometry":{"type":"Polygon","coordinates":[[[114.29261,3.93158],[114.28081,3.91874],[114.27276,3.91592],[114.25608,3.89746],[114.26214,3.95402],[114.24123,3.99063],[114.21311,4.06184],[114.21429,4.08855],[114.24186,4.18056],[114.07811,4.23217],[114.0008,4.20424],[113.99164,4.18888],[113.99294,4.18428],[113.98607,4.16993],[113.96114,4.14773],[114.03308,3.94075],[114.03114,3.92386],[114.01332,3.8683],[113.99128,3.85661],[113.98488,3.85038],[113.98162,3.8403],[113.98728,3.82324],[113.99224,3.81421],[113.99638,3.81015],[114.01678,3.7933],[113.98059,3.74742],[113.997,3.73435],[114.02719,3.7137],[114.01393,3.68652],[114.00015,3.68521],[113.99574,3.64586],[113.96508,3.61341],[113.9624,3.60797],[113.97185,3.59727],[113.98918,3.55495],[114.0145,3.48773],[114.01333,3.47348],[113.98012,3.44875],[113.99984,3.38827],[114.01451,3.39652],[114.04808,3.40958],[114.05348,3.37173],[114.04809,3.35591],[114.04767,3.32404],[114.07867,3.31203],[114.13021,3.29728],[114.2049,3.33155],[114.32939,3.14772],[114.25308,3.18094],[114.25499,3.15402],[114.3432,3.06125],[114.39789,3.0552],[114.44068,2.95184],[114.47879,2.95045],[114.49938,2.93679],[114.50141,2.90089],[114.53445,2.87226],[114.56219,2.92447],[114.53971,3.04865],[114.66478,3.05334],[114.69248,3.02819],[114.71567,3.09975],[114.64119,3.12799],[114.57066,3.2757],[114.47889,3.33467],[114.4032,3.45335],[114.30982,3.4806],[114.2705,3.52728],[114.25332,3.58872],[114.31273,3.56358],[114.36628,3.64245],[114.36156,3.76227],[114.41031,3.86256],[114.41247,3.9549],[114.36817,3.96412],[114.34267,3.9675],[114.33018,3.98094],[114.31781,4.01512],[114.30925,3.99895],[114.29563,3.9889],[114.28635,3.98073],[114.30091,3.9506],[114.29261,3.93158]]]},"properties":{"state":"Sarawak","district":"Beluru","code_state":13,"code_district":39,"code_state_district":"13_39"}},
{"type":"Feature","geometry":{"type":"Polygon","coordinates":[[[114.41247,3.9549],[114.41031,3.86256],[114.36156,3.76227],[114.36628,3.64245],[114.31273,3.56358],[114.25332,3.58872],[114.2705,3.52728],[114.30982,3.4806],[114.4032,3.45335],[114.47889,3.33467],[114.57066,3.2757],[114.64119,3.12799],[114.71567,3.09975],[114.69248,3.02819],[114.66478,3.05334],[114.53971,3.04865],[114.56219,2.92447],[114.53445,2.87226],[114.55528,2.86608],[114.57553,2.86608],[114.62867,2.83473],[114.72575,2.70625],[114.8385,2.70186],[114.90016,2.67902],[115.01445,2.71663],[115.05359,2.79591],[115.06045,2.80953],[115.0733,2.81258],[115.29542,3.03993],[115.13924,3.33483],[115.1101,3.51417],[115.24503,3.77775],[115.05781,3.9471],[115.02293,3.91671],[115.01711,3.90435],[114.96188,3.87241],[114.9359,3.90695],[114.86718,3.92646],[114.73043,3.86263],[114.60806,3.87241],[114.59146,3.82189],[114.47318,3.79538],[114.46353,3.81006],[114.42842,3.95634],[114.41247,3.9549]]]},"properties":{"state":"Sarawak","district":"Telang Usan","code_state":13,"code_district":40,"code_state_district":"13_40"}},
{"type":"Feature","geometry":{"type":"Polygon","coordinates":[[[101.67329,3.23577],[101.65756,3.24396],[101.64032,3.23452],[101.63617,3.21903],[101.62853,3.21138],[101.61347,3.15534],[101.65912,3.11719],[101.65262,3.04972],[101.71166,3.05761],[101.71545,3.05742],[101.72938,3.0409],[101.73075,3.05697],[101.75058,3.16406],[101.73924,3.16554],[101.73457,3.16784],[101.73182,3.17608],[101.73274,3.18123],[101.75532,3.18322],[101.75657,3.19969],[101.75106,3.20345],[101.74158,3.21746],[101.73964,3.2262],[101.67329,3.23577]]]},"properties":{"state":"W.P. Kuala Lumpur","district":"W.P. Kuala Lumpur","code_state":14,"code_district":1,"code_state_district":"14_1"}},
{"type":"Feature","geometry":{"type":"Polygon","coordinates":[[[115.15753,5.25054],[115.21345,5.28018],[115.24114,5.24157],[115.23471,5.28555],[115.26942,5.2889],[115.25198,5.39314],[115.15753,5.25054]]]},"properties":{"state":"W.P. Labuan","district":"W.P. Labuan","code_state":15,"code_district":1,"code_state_district":"15_1"}},
{"type":"Feature","geometry":{"type":"Polygon","coordinates":[[[101.69829,2.96828],[101.70644,2.98313],[101.68541,2.97107],[101.66138,2.96365],[101.67319,2.876],[101.73129,2.92907],[101.69829,2.96828]]]},"properties":{"state":"W.P. Putrajaya","district":"W.P. Putrajaya","code_state":16,"code_district":1,"code_state_district":"16_1"}}
]}