{"type":"FeatureCollection", "features": [
{"type":"Feature","geometry":{"type":"Polygon","coordinates":[[[103.00922,2.17959],[102.96138,2.20211],[102.90798,2.11747],[102.8879,2.08271],[102.8728,2.08566],[102.87441,2.06029],[102.79938,1.95807],[102.77728,1.86589],[102.83182,1.85192],[102.88139,1.81693],[102.89443,1.82036],[102.88427,1.78463],[102.93926,1.73877],[102.97995,1.74336],[103.0515,1.71503],[103.1875,1.62432],[103.202,1.63528],[103.19519,1.69059],[103.22721,1.76649],[103.1883,1.7839],[103.18949,1.85827],[103.20542,1.90233],[103.18742,1.9143],[103.18575,1.93134],[103.25349,1.98833],[103.172,2.09928],[103.16742,2.15122],[103.00922,2.17959]]]},"properties":{"state":"Johor","district":"Batu Pahat","code_state":1,"code_district":1,"code_state_district":"1_1"}},
{"type":"Feature","geometry":{"type":"Polygon","coordinates":[[[103.54149,1.35411],[103.60755,1.28803],[103.67217,1.42788],[103.71238,1.45721],[103.76412,1.45063],[103.81093,1.47821],[103.8645,1.45915],[103.89607,1.42771],[104.00124,1.42047],[104.02908,1.44184],[104.02174,1.55084],[103.97362,1.61055],[103.97496,1.6432],[103.9015,1.67069],[103.89925,1.65026],[103.87919,1.63093],[103.89536,1.6186],[103.86702,1.59713],[103.84779,1.59865],[103.82074,1.62358],[103.77751,1.64048],[103.77873,1.65815],[103.76792,1.65851],[103.76668,1.66863],[103.74363,1.67141],[103.72573,1.66075],[103.73735,1.63971],[103.72326,1.63969],[103.69498,1.61827],[103.69695,1.60915],[103.68884,1.61995],[103.68823,1.60782],[103.65921,1.58544],[103.65207,1.59103],[103.66073,1.54483],[103.64849,1.55091],[103.63947,1.54079],[103.61352,1.56569],[103.59306,1.55671],[103.57893,1.55952],[103.57767,1.56241],[103.57595,1.56216],[103.55484,1.54905],[103.55211,1.54655],[103.54969,1.53575],[103.54478,1.52989],[103.54247,1.52168],[103.57624,1.52506],[103.57952,1.48596],[103.57946,1.47638],[103.55386,1.46836],[103.55432,1.46428],[103.53553,1.38448],[103.54149,1.35411]]]},"properties":{"state":"Johor","district":"Johor Bahru","code_state":1,"code_district":2,"code_state_district":"1_2"}},
{"type":"Feature","geometry":{"type":"Polygon","coordinates":[[[103.56089,2.04413],[103.61454,2.2719],[103.63261,2.27889],[103.62262,2.35994],[103.6297,2.3744],[103.53619,2.33943],[103.47333,2.38828],[103.42505,2.38729],[103.38203,2.38015],[103.30156,2.30328],[103.1744,2.24807],[103.15122,2.25061],[103.10556,2.21623],[103.10494,2.16711],[103.16742,2.15122],[103.172,2.09928],[103.25349,1.98833],[103.18575,1.93134],[103.18742,1.9143],[103.20542,1.90233],[103.18949,1.85827],[103.18885,1.78335],[103.23795,1.76245],[103.28416,1.74691],[103.36331,1.70991],[103.40343,1.76453],[103.43015,1.78743],[103.44081,1.77655],[103.48286,1.80604],[103.51758,1.80393],[103.55826,1.79176],[103.59267,1.80036],[103.62967,1.79491],[103.63877,1.79509],[103.63332,1.80792],[103.61762,1.83573],[103.54944,1.9035],[103.55023,1.93881],[103.56837,1.94025],[103.56089,2.04413]]]},"properties":{"state":"Johor","district":"Kluang","code_state":1,"code_district":3,"code_state_district":"1_3"}},
{"type":"Feature","geometry":{"type":"Polygon","coordinates":[[[104.02908,1.44184],[104.07534,1.42632],[104.08283,1.43313],[104.11263,1.39847],[104.08757,1.36846],[104.12976,1.35368],[104.14001,1.34024],[104.19269,1.34542],[104.20025,1.3358],[104.21506,1.34892],[104.2262,1.34638],[104.24291,1.36828],[104.26179,1.35871],[104.28341,1.36823],[104.27634,1.42527],[104.28721,1.4378],[104.29749,1.43316],[104.27296,1.48953],[104.28173,1.52483],[104.25477,1.56203],[104.26296,1.58228],[104.25367,1.5944],[104.26358,1.60999],[104.24589,1.63101],[104.24736,1.65234],[104.21701,1.69248],[104.22095,1.71166],[104.16098,1.82591],[104.16145,1.84654],[104.15147,1.85691],[104.14888,1.84107],[104.13486,1.84667],[104.10863,1.88046],[104.1096,1.92527],[104.13014,1.92732],[104.11375,1.97003],[104.06406,2.04389],[103.56089,2.04413],[103.56837,1.94025],[103.55023,1.93881],[103.54944,1.9035],[103.61762,1.83573],[103.63332,1.80792],[103.64718,1.79127],[103.65886,1.75659],[103.66607,1.76002],[103.67852,1.7346],[103.6713,1.7312],[103.72573,1.66075],[103.74363,1.67141],[103.76668,1.66863],[103.76792,1.65851],[103.77873,1.65815],[103.77751,1.64048],[103.82074,1.62358],[103.84779,1.59865],[103.86702,1.59713],[103.89536,1.6186],[103.87919,1.63093],[103.89925,1.65026],[103.9015,1.67069],[103.97496,1.6432],[103.97362,1.61055],[104.02174,1.55084],[104.02908,1.44184]]]},"properties":{"state":"Johor","district":"Kota Tinggi","code_state":1,"code_district":4,"code_state_district":"1_4"}},
{"type":"Feature","geometry":{"type":"MultiPolygon","coordinates":[[[[104.06406,2.04389],[104.03477,2.08675],[104.0087,2.15343],[103.96091,2.20447],[103.9589,2.24354],[103.9811,2.25141],[103.95234,2.29363],[103.95907,2.31491],[103.93567,2.34252],[103.91101,2.34917],[103.83658,2.44427],[103.81766,2.49273],[103.84573,2.50846],[103.80588,2.57413],[103.81361,2.58821],[103.78574,2.58968],[103.77915,2.61284],[103.77074,2.60635],[103.75991,2.61537],[103.75521,2.6236],[103.76523,2.63252],[103.75448,2.65041],[103.73229,2.63084],[103.65756,2.66477],[103.65096,2.65749],[103.63543,2.65977],[103.61739,2.65219],[103.614,2.65298],[103.60533,2.65995],[103.59695,2.66144],[103.59135,2.65895],[103.58735,2.65191],[103.59107,2.63727],[103.593,2.6337],[103.59991,2.63113],[103.60339,2.63364],[103.60317,2.6378],[103.59918,2.64403],[103.59997,2.64697],[103.60571,2.65025],[103.61069,2.65119],[103.61839,2.6303],[103.62069,2.6262],[103.61247,2.62104],[103.61225,2.61669],[103.62199,2.60929],[103.62458,2.60326],[103.61015,2.59351],[103.62319,2.58612],[103.60994,2.58551],[103.60542,2.58462],[103.59768,2.56672],[103.60128,2.5647],[103.60954,2.57485],[103.61421,2.5724],[103.61276,2.55351],[103.609,2.5621],[103.59216,2.54708],[103.59518,2.54469],[103.59171,2.52733],[103.62341,2.5328],[103.61615,2.51766],[103.63795,2.48738],[103.62877,2.46793],[103.62399,2.46307],[103.61435,2.46309],[103.61038,2.47003],[103.60865,2.47056],[103.60833,2.45784],[103.47171,2.52657],[103.45259,2.54668],[103.41821,2.55212],[103.3551,2.59039],[103.28889,2.57795],[103.38118,2.37948],[103.42505,2.38729],[103.47333,2.38828],[103.53619,2.33943],[103.6297,2.3744],[103.62262,2.35994],[103.63261,2.27889],[103.61454,2.2719],[103.56089,2.04413],[104.06406,2.04389]]],[[[104.11254,2.31601],[104.09396,2.31618],[104.09987,2.29533],[104.13031,2.27987],[104.14458,2.28757],[104.13728,2.30922],[104.11254,2.31601]]],[[[104.52273,2.4606],[104.50933,2.4747],[104.49665,2.46174],[104.50035,2.44406],[104.51947,2.42786],[104.53758,2.43939],[104.53794,2.45609],[104.52273,2.4606]]],[[[104.32566,2.59578],[104.30989,2.59343],[104.31251,2.58308],[104.34114,2.56283],[104.34528,2.57352],[104.32566,2.59578]]],[[[103.97711,2.45794],[103.97652,2.43408],[103.99339,2.42373],[103.97711,2.45794]]],[[[104.0582,2.23645],[104.04638,2.23253],[104.06755,2.21928],[104.06682,2.20064],[104.08519,2.19872],[104.0582,2.23645]]],[[[104.50143,2.47933],[104.4903,2.47415],[104.51021,2.4809],[104.50143,2.47933]]]]},"properties":{"state":"Johor","district":"Mersing","code_state":1,"code_district":5,"code_state_district":"1_5"}},
{"type":"Feature","geometry":{"type":"Polygon","coordinates":[[[102.88144,2.40927],[102.85863,2.41372],[102.85108,2.391],[102.83206,2.37776],[102.82897,2.36596],[102.82783,2.36089],[102.83069,2.35544],[102.82209,2.34397],[102.81853,2.33407],[102.81656,2.33286],[102.8144,2.33586],[102.80802,2.33965],[102.80541,2.33904],[102.79774,2.31322],[102.79779,2.30758],[102.80086,2.30332],[102.78763,2.30458],[102.78801,2.29751],[102.79618,2.28091],[102.8126,2.27908],[102.79243,2.26078],[102.79644,2.25331],[102.80895,2.25703],[102.80936,2.24907],[102.80731,2.24412],[102.77609,2.23854],[102.77155,2.22826],[102.78888,2.22599],[102.76984,2.19988],[102.7484,2.20011],[102.74062,2.18003],[102.71135,2.17352],[102.71565,2.19931],[102.70333,2.2068],[102.66084,2.17211],[102.66104,2.16237],[102.68204,2.16067],[102.67676,2.14304],[102.65516,2.13855],[102.65192,2.15791],[102.64343,2.1592],[102.63343,2.14727],[102.64511,2.13015],[102.62113,2.13077],[102.61507,2.11562],[102.6102,2.11391],[102.60622,2.11591],[102.60482,2.11877],[102.60503,2.12979],[102.62186,2.13857],[102.60882,2.15116],[102.59636,2.1468],[102.58194,2.10806],[102.60203,2.10127],[102.59757,2.09087],[102.57573,2.10541],[102.56691,2.08339],[102.55345,2.08238],[102.56283,2.06608],[102.56408,2.06719],[102.57021,2.06293],[102.57271,2.05669],[102.57032,2.05172],[102.56374,2.04562],[102.54772,2.04544],[102.54895,2.02782],[102.631,1.9525],[102.68548,1.86821],[102.71295,1.85275],[102.73513,1.8673],[102.77728,1.86589],[102.79938,1.95807],[102.87441,2.06029],[102.8728,2.08566],[102.8879,2.08271],[102.90798,2.11747],[103.02441,2.30341],[102.98002,2.33353],[102.95813,2.33533],[102.91845,2.38437],[102.89876,2.39307],[102.89061,2.39889],[102.88144,2.40927]]]},"properties":{"state":"Johor","district":"Muar","code_state":1,"code_district":6,"code_state_district":"1_6"}},
{"type":"Feature","geometry":{"type":"MultiPolygon","coordinates":[[[[103.1875,1.62432],[103.23407,1.60037],[103.27291,1.59898],[103.36165,1.53657],[103.39481,1.46969],[103.44132,1.32419],[103.50819,1.26378],[103.51608,1.26285],[103.51484,1.30369],[103.55472,1.34004],[103.54149,1.35411],[103.53553,1.38448],[103.55432,1.46428],[103.55386,1.46836],[103.57946,1.47638],[103.57952,1.48596],[103.57624,1.52506],[103.54125,1.52157],[103.51434,1.5438],[103.50944,1.58046],[103.46809,1.62059],[103.3639,1.70961],[103.28416,1.74691],[103.23795,1.76245],[103.22721,1.76649],[103.19519,1.69059],[103.202,1.63528],[103.1875,1.62432]]],[[[103.42297,1.30368],[103.4377,1.32256],[103.41772,1.33818],[103.42297,1.30368]]]]},"properties":{"state":"Johor","district":"Pontian","code_state":1,"code_district":7,"code_state_district":"1_7"}},
{"type":"Feature","geometry":{"type":"Polygon","coordinates":[[[102.97169,2.59392],[102.79434,2.80348],[102.6997,2.83246],[102.62382,2.62517],[102.63344,2.60949],[102.63833,2.59993],[102.60724,2.56387],[102.61902,2.51657],[102.60631,2.50549],[102.60634,2.48806],[102.61452,2.47571],[102.63203,2.47854],[102.62347,2.44629],[102.65305,2.40968],[102.67385,2.41974],[102.67952,2.39955],[102.68888,2.39939],[102.69891,2.41604],[102.71079,2.42637],[102.7279,2.41074],[102.76672,2.41485],[102.79381,2.39461],[102.79978,2.39534],[102.80547,2.38136],[102.80441,2.37626],[102.81644,2.3682],[102.83206,2.37776],[102.85108,2.391],[102.85863,2.41372],[102.88144,2.40927],[102.89061,2.39889],[102.89876,2.39307],[102.91845,2.38437],[102.95813,2.33533],[102.98002,2.33353],[103.02441,2.30341],[102.96138,2.20211],[103.00922,2.17959],[103.10494,2.16711],[103.10556,2.21623],[103.15122,2.25061],[103.1744,2.24807],[103.30156,2.30328],[103.38118,2.37948],[103.28889,2.57795],[103.1483,2.52028],[102.97169,2.59392]]]},"properties":{"state":"Johor","district":"Segamat","code_state":1,"code_district":8,"code_state_district":"1_8"}},
{"type":"Feature","geometry":{"type":"Polygon","coordinates":[[[103.51758,1.80393],[103.48286,1.80604],[103.44081,1.77655],[103.43015,1.78743],[103.40343,1.76453],[103.36331,1.70991],[103.46809,1.62059],[103.50944,1.58046],[103.51434,1.5438],[103.54125,1.52157],[103.54247,1.52168],[103.54587,1.53188],[103.54969,1.53575],[103.55243,1.54703],[103.57678,1.56236],[103.57893,1.55952],[103.59306,1.55671],[103.61352,1.56569],[103.63947,1.54079],[103.64849,1.55091],[103.66073,1.54483],[103.65207,1.59103],[103.65921,1.58544],[103.68823,1.60782],[103.68884,1.61995],[103.69695,1.60915],[103.69498,1.61827],[103.72326,1.63969],[103.73735,1.63971],[103.72573,1.66075],[103.6713,1.7312],[103.67852,1.7346],[103.66607,1.76002],[103.65886,1.75659],[103.64718,1.79127],[103.63877,1.79509],[103.62967,1.79491],[103.59267,1.80036],[103.55826,1.79176],[103.51758,1.80393]]]},"properties":{"state":"Johor","district":"Kulai","code_state":1,"code_district":9,"code_state_district":"1_9"}},
{"type":"Feature","geometry":{"type":"Polygon","coordinates":[[[102.65305,2.40968],[102.62347,2.44629],[102.63203,2.47854],[102.61452,2.47571],[102.6136,2.47331],[102.61475,2.46471],[102.60301,2.45562],[102.59356,2.4406],[102.59225,2.40541],[102.53957,2.38803],[102.53376,2.36811],[102.51133,2.34948],[102.5163,2.3261],[102.49021,2.24451],[102.49594,2.22412],[102.47201,2.20634],[102.47549,2.18355],[102.51845,2.1632],[102.53001,2.16775],[102.53987,2.1397],[102.53071,2.11786],[102.51819,2.11276],[102.50717,2.12659],[102.49225,2.12037],[102.48895,2.09882],[102.56374,2.04562],[102.57072,2.0523],[102.57247,2.05953],[102.5691,2.06401],[102.56408,2.06719],[102.56283,2.06608],[102.55345,2.08238],[102.56691,2.08339],[102.57573,2.10541],[102.59757,2.09087],[102.60203,2.10127],[102.58194,2.10806],[102.59636,2.1468],[102.60882,2.15116],[102.62186,2.13857],[102.60503,2.12979],[102.60559,2.11686],[102.60804,2.11466],[102.61276,2.11389],[102.61507,2.11562],[102.62113,2.13077],[102.64511,2.13015],[102.63343,2.14727],[102.64343,2.1592],[102.65192,2.15791],[102.65516,2.13855],[102.67676,2.14304],[102.68204,2.16067],[102.66104,2.16237],[102.66084,2.17211],[102.70333,2.2068],[102.71565,2.19931],[102.71135,2.17352],[102.74062,2.18003],[102.7484,2.20011],[102.76984,2.19988],[102.78888,2.22599],[102.77155,2.22826],[102.77573,2.23848],[102.80731,2.24412],[102.80936,2.24907],[102.80931,2.25673],[102.80686,2.25712],[102.79644,2.25331],[102.79243,2.26078],[102.8126,2.27908],[102.79618,2.28091],[102.78801,2.29751],[102.78726,2.30363],[102.78814,2.30477],[102.80086,2.30332],[102.79779,2.30758],[102.79804,2.31548],[102.80586,2.33972],[102.81361,2.33645],[102.81588,2.33291],[102.81788,2.33328],[102.82209,2.34397],[102.83069,2.35544],[102.82783,2.36089],[102.82897,2.36596],[102.81644,2.3682],[102.80441,2.37626],[102.80547,2.38136],[102.79978,2.39534],[102.79381,2.39461],[102.76672,2.41485],[102.7279,2.41074],[102.71079,2.42637],[102.69891,2.41604],[102.68888,2.39939],[102.67952,2.39955],[102.67385,2.41974],[102.65305,2.40968]]]},"properties":{"state":"Johor","district":"Tangkak","code_state":1,"code_district":10,"code_state_district":"1_10"}},
{"type":"Feature","geometry":{"type":"Polygon","coordinates":[[[100.98309,5.77593],[100.99068,5.7855],[100.9848,5.80826],[101.0142,5.8421],[101.0108,5.87657],[101.02821,5.91753],[101.06326,5.92489],[101.08631,5.91743],[101.09433,5.95698],[101.12207,5.98402],[101.10532,5.99605],[101.10995,6.04508],[101.10108,6.0521],[101.0558,6.04715],[100.98737,6.04311],[100.97886,6.03277],[100.96005,6.04051],[100.86583,5.98343],[100.89581,5.9368],[100.89697,5.91566],[100.87438,5.83165],[100.8815,5.79804],[100.85828,5.76684],[100.87368,5.75012],[100.87286,5.73676],[100.88924,5.73374],[100.87433,5.69171],[100.85606,5.69676],[100.85488,5.71749],[100.84266,5.71193],[100.80212,5.72233],[100.78618,5.71202],[100.73971,5.71785],[100.7158,5.70489],[100.71688,5.69342],[100.70869,5.69791],[100.70057,5.68711],[100.68731,5.69001],[100.67348,5.70594],[100.67332,5.71429],[100.669,5.71512],[100.66938,5.73416],[100.66776,5.73591],[100.65285,5.73559],[100.64819,5.70118],[100.65326,5.6967],[100.67151,5.66841],[100.65946,5.6493],[100.66365,5.63436],[100.65232,5.61305],[100.62303,5.61173],[100.63213,5.60067],[100.61693,5.59915],[100.60944,5.5775],[100.61296,5.56805],[100.60272,5.55146],[100.63865,5.56693],[100.64364,5.5647],[100.64897,5.55217],[100.66177,5.54985],[100.67867,5.54596],[100.6838,5.53662],[100.68196,5.53622],[100.68955,5.51554],[100.70893,5.49523],[100.70054,5.45511],[100.7224,5.44444],[100.72922,5.41508],[100.75519,5.40179],[100.7926,5.41436],[100.7994,5.40617],[100.80818,5.39961],[100.83462,5.40532],[100.86703,5.42899],[100.86759,5.45714],[100.86861,5.47108],[100.88514,5.49644],[100.9082,5.49511],[100.9178,5.49718],[100.93416,5.52748],[100.93951,5.54073],[100.93395,5.56988],[100.94593,5.58199],[100.92272,5.60362],[100.9245,5.6192],[100.9477,5.63092],[100.94199,5.65128],[100.96626,5.64937],[100.97777,5.71749],[100.9789,5.72435],[100.9711,5.72902],[100.95741,5.74013],[100.94254,5.76547],[100.96186,5.77758],[100.98309,5.77593]]]},"properties":{"state":"Kedah","district":"Baling","code_state":2,"code_district":1,"code_state_district":"2_1"}},
{"type":"Feature","geometry":{"type":"Polygon","coordinates":[[[100.72164,5.33256],[100.71057,5.33722],[100.68919,5.32737],[100.68792,5.28878],[100.66465,5.28498],[100.6681,5.27665],[100.65164,5.26403],[100.64264,5.28059],[100.63211,5.23917],[100.56686,5.26263],[100.55458,5.2622],[100.5476,5.24946],[100.54414,5.25294],[100.54086,5.25045],[100.53935,5.24858],[100.55256,5.14372],[100.50796,5.1461],[100.50065,5.1431],[100.49686,5.13956],[100.49486,5.13221],[100.49922,5.1277],[100.50519,5.11853],[100.51094,5.12719],[100.52041,5.11796],[100.5165,5.09451],[100.55612,5.0919],[100.54863,5.08549],[100.555,5.07718],[100.58853,5.09707],[100.59225,5.12069],[100.61067,5.13403],[100.61988,5.13315],[100.62453,5.13562],[100.6289,5.1452],[100.62997,5.16105],[100.67197,5.19578],[100.69235,5.24455],[100.72543,5.25957],[100.72951,5.2727],[100.73819,5.30388],[100.7276,5.31081],[100.72164,5.33256]]]},"properties":{"state":"Kedah","district":"Bandar Baharu","code_state":2,"code_district":2,"code_state_district":"2_2"}},
{"type":"Feature","geometry":{"type":"Polygon","coordinates":[[[100.375,6.21077],[100.3456,6.23236],[100.28734,6.2228],[100.28395,6.20416],[100.25879,6.18362],[100.28555,6.0966],[100.32731,6.04622],[100.34771,5.97902],[100.36199,5.97038],[100.3863,5.98014],[100.4015,5.97066],[100.41154,5.97266],[100.38852,6.04036],[100.44451,6.04091],[100.46677,6.06628],[100.47002,6.07407],[100.47443,6.0768],[100.47116,6.08612],[100.46063,6.08171],[100.4416,6.1071],[100.44847,6.15785],[100.45616,6.15923],[100.46534,6.16322],[100.46499,6.18139],[100.47178,6.18401],[100.45605,6.21367],[100.43646,6.21332],[100.43133,6.20651],[100.41562,6.20055],[100.375,6.21077]]]},"properties":{"state":"Kedah","district":"Kota Setar","code_state":2,"code_district":3,"code_state_district":"2_3"}},
{"type":"Feature","geometry":{"type":"Polygon","coordinates":[[[100.47982,5.86295],[100.48027,5.89305],[100.47549,5.89977],[100.4783,5.86702],[100.4624,5.86535],[100.46449,5.84946],[100.46889,5.84214],[100.46599,5.83772],[100.44362,5.82789],[100.43577,5.78603],[100.40491,5.76174],[100.3918,5.71836],[100.35214,5.71847],[100.36083,5.68254],[100.38096,5.67764],[100.35671,5.66488],[100.34249,5.67346],[100.33303,5.66224],[100.3382,5.58043],[100.36212,5.57538],[100.36625,5.57754],[100.36693,5.58341],[100.36911,5.5858],[100.37082,5.58631],[100.3786,5.58102],[100.43324,5.56005],[100.45146,5.56709],[100.48452,5.55974],[100.48533,5.56982],[100.5219,5.55703],[100.5259,5.55375],[100.53744,5.56406],[100.56749,5.53138],[100.57245,5.54224],[100.60272,5.55146],[100.61296,5.56805],[100.60944,5.5775],[100.61693,5.59915],[100.63213,5.60067],[100.62303,5.61173],[100.65232,5.61305],[100.66365,5.63436],[100.65946,5.6493],[100.67151,5.66841],[100.65326,5.6967],[100.64819,5.70118],[100.65285,5.73559],[100.65233,5.74653],[100.65863,5.76701],[100.64927,5.78903],[100.63327,5.78807],[100.62428,5.8063],[100.63326,5.81346],[100.62744,5.81897],[100.62562,5.82973],[100.60526,5.82621],[100.60335,5.83994],[100.56614,5.84523],[100.52122,5.87128],[100.47982,5.86295]]]},"properties":{"state":"Kedah","district":"Kuala Muda","code_state":2,"code_district":4,"code_state_district":"2_4"}},
{"type":"Feature","geometry":{"type":"Polygon","coordinates":[[[100.59453,6.45948],[100.59764,6.47449],[100.56306,6.49471],[100.5488,6.48424],[100.51276,6.49026],[100.49298,6.52339],[100.4685,6.52072],[100.45829,6.53058],[100.4236,6.51828],[100.37576,6.5415],[100.3679,6.53956],[100.37136,6.53059],[100.36356,6.45365],[100.30693,6.4093],[100.20536,6.29196],[100.20377,6.2786],[100.203,6.2698],[100.19923,6.25713],[100.24182,6.21535],[100.25879,6.18362],[100.28395,6.20416],[100.28734,6.2228],[100.3456,6.23236],[100.375,6.21077],[100.41562,6.20055],[100.43133,6.20651],[100.43646,6.21332],[100.45605,6.21367],[100.45903,6.21056],[100.47062,6.21071],[100.46649,6.23251],[100.47305,6.23745],[100.50244,6.25474],[100.51058,6.25972],[100.5174,6.25874],[100.52183,6.26998],[100.52879,6.29437],[100.50587,6.31887],[100.50028,6.34771],[100.51619,6.37726],[100.55949,6.39241],[100.56733,6.42656],[100.59106,6.43057],[100.59453,6.45948]]]},"properties":{"state":"Kedah","district":"Kubang Pasu","code_state":2,"code_district":5,"code_state_district":"2_5"}},
{"type":"Feature","geometry":{"type":"Polygon","coordinates":[[[100.64364,5.5647],[100.63865,5.56693],[100.60272,5.55146],[100.57245,5.54224],[100.56749,5.53138],[100.53744,5.56406],[100.52922,5.55645],[100.52516,5.36898],[100.53935,5.24858],[100.54315,5.25125],[100.54309,5.25306],[100.5476,5.24946],[100.55458,5.2622],[100.56686,5.26263],[100.63211,5.23917],[100.64264,5.28059],[100.65164,5.26403],[100.6681,5.27665],[100.66465,5.28498],[100.68792,5.28878],[100.68919,5.32737],[100.71057,5.33722],[100.72164,5.33256],[100.7276,5.31081],[100.75291,5.31614],[100.76179,5.31366],[100.81837,5.32106],[100.84866,5.35106],[100.85368,5.40471],[100.86703,5.42899],[100.83462,5.40532],[100.80818,5.39961],[100.7994,5.40617],[100.7926,5.41436],[100.75519,5.40179],[100.72922,5.41508],[100.7224,5.44444],[100.70054,5.45511],[100.70893,5.49523],[100.68955,5.51554],[100.68196,5.53622],[100.6838,5.53662],[100.67867,5.54596],[100.66177,5.54985],[100.64897,5.55217],[100.64364,5.5647]]]},"properties":{"state":"Kedah","district":"Kulim","code_state":2,"code_district":6,"code_state_district":"2_6"}},
{"type":"Feature","geometry":{"type":"MultiPolygon","coordinates":[[[[99.8252,6.47703],[99.81815,6.46422],[99.84074,6.46179],[99.84487,6.44428],[99.83136,6.44736],[99.83109,6.45627],[99.82261,6.45132],[99.82904,6.45901],[99.81319,6.45555],[99.79233,6.42379],[99.77352,6.4212],[99.76764,6.42944],[99.75654,6.42185],[99.74683,6.43022],[99.73018,6.39705],[99.73306,6.43071],[99.67709,6.43649],[99.66657,6.42576],[99.66281,6.43395],[99.6409,6.43416],[99.65268,6.36216],[99.68059,6.36537],[99.69293,6.35435],[99.71213,6.36108],[99.71751,6.35289],[99.71982,6.29728],[99.73398,6.27376],[99.72938,6.25762],[99.75704,6.28281],[99.77596,6.27873],[99.80741,6.31791],[99.84732,6.32342],[99.85696,6.31073],[99.85208,6.295],[99.86392,6.2923],[99.86562,6.30589],[99.91438,6.33327],[99.89863,6.3632],[99.91003,6.39136],[99.88791,6.37839],[99.89966,6.38948],[99.89653,6.40623],[99.85423,6.43422],[99.85326,6.46121],[99.8252,6.47703]]],[[[99.83392,6.29367],[99.82197,6.27657],[99.79809,6.26937],[99.79177,6.23827],[99.76828,6.21611],[99.77251,6.20155],[99.78191,6.20552],[99.78684,6.17435],[99.79935,6.18616],[99.81431,6.16514],[99.8361,6.21392],[99.81519,6.21479],[99.82531,6.21709],[99.81733,6.23382],[99.82336,6.26313],[99.8403,6.27395],[99.8418,6.29265],[99.83392,6.29367]]],[[[99.84843,6.26166],[99.83316,6.25964],[99.82139,6.23194],[99.8263,6.21627],[99.85107,6.22313],[99.85386,6.21033],[99.86409,6.23623],[99.84843,6.26166]]],[[[99.74533,6.22083],[99.74176,6.23106],[99.73383,6.21847],[99.73384,6.22752],[99.7208,6.20551],[99.72515,6.17594],[99.7479,6.19107],[99.73865,6.20173],[99.75138,6.21119],[99.74533,6.22083]]],[[[99.89431,6.44253],[99.88905,6.4548],[99.88162,6.42883],[99.90713,6.41283],[99.89431,6.44253]]],[[[99.92668,6.32202],[99.88361,6.30823],[99.91158,6.30698],[99.92186,6.29167],[99.92753,6.31323],[99.93676,6.31568],[99.92668,6.32202]]],[[[99.71421,6.2299],[99.71731,6.21272],[99.72223,6.22671],[99.71421,6.2299]]],[[[99.69699,6.30328],[99.68802,6.28913],[99.7026,6.29334],[99.69699,6.30328]]],[[[99.91541,6.42313],[99.9189,6.43661],[99.90838,6.41083],[99.91335,6.39902],[99.91541,6.42313]]]]},"properties":{"state":"Kedah","district":"Langkawi","code_state":2,"code_district":7,"code_state_district":"2_7"}},
{"type":"Feature","geometry":{"type":"Polygon","coordinates":[[[100.85307,6.23294],[100.83577,6.28932],[100.84926,6.31564],[100.82194,6.35883],[100.82426,6.40597],[100.81219,6.44376],[100.77751,6.46129],[100.75626,6.45588],[100.74059,6.50679],[100.7085,6.4708],[100.65469,6.44346],[100.64297,6.44944],[100.64637,6.4574],[100.61893,6.45976],[100.60712,6.47139],[100.59453,6.45948],[100.59106,6.43057],[100.56733,6.42656],[100.55949,6.39241],[100.51619,6.37726],[100.50028,6.34771],[100.50587,6.31887],[100.52879,6.29437],[100.52183,6.26998],[100.5174,6.25874],[100.51058,6.25972],[100.50994,6.25719],[100.51694,6.23947],[100.54415,6.19214],[100.57626,6.22041],[100.58313,6.22785],[100.5865,6.21657],[100.60297,6.17785],[100.59581,6.16531],[100.61888,6.15766],[100.63814,6.12753],[100.64144,6.12331],[100.64064,6.11506],[100.64407,6.11395],[100.64648,6.10588],[100.64523,6.09712],[100.6389,6.08097],[100.63903,6.07603],[100.64608,6.06482],[100.66026,6.0305],[100.69321,6.01489],[100.70092,5.99804],[100.68896,5.97995],[100.68947,5.96971],[100.7166,5.95816],[100.71605,5.9699],[100.74019,5.99624],[100.72978,6.00673],[100.73332,6.01528],[100.73777,6.04076],[100.75013,6.0329],[100.76671,6.06237],[100.77602,6.05507],[100.78578,6.06308],[100.78604,6.09494],[100.80598,6.12555],[100.80456,6.1591],[100.81653,6.1547],[100.83176,6.15405],[100.84774,6.15482],[100.85707,6.1579],[100.85647,6.21096],[100.85307,6.23294]]]},"properties":{"state":"Kedah","district":"Padang Terap","code_state":2,"code_district":8,"code_state_district":"2_8"}},
{"type":"Feature","geometry":{"type":"Polygon","coordinates":[[[101.0558,6.04715],[101.09865,6.05194],[101.11366,6.09361],[101.12267,6.09575],[101.11993,6.11331],[101.05824,6.14187],[101.0739,6.16936],[101.12562,6.19307],[101.1055,6.23862],[101.11279,6.25144],[101.09413,6.26057],[101.01868,6.24644],[100.96841,6.28424],[100.94887,6.26373],[100.94574,6.24272],[100.91455,6.24705],[100.89995,6.23341],[100.87373,6.2636],[100.8713,6.24017],[100.85307,6.23294],[100.85647,6.21096],[100.85707,6.1579],[100.84774,6.15482],[100.83176,6.15405],[100.81653,6.1547],[100.80456,6.1591],[100.80598,6.12555],[100.78604,6.09494],[100.78578,6.06308],[100.77602,6.05507],[100.76671,6.06237],[100.75013,6.0329],[100.73777,6.04076],[100.73332,6.01528],[100.72978,6.00673],[100.74019,5.99624],[100.71605,5.9699],[100.7166,5.95816],[100.68947,5.96971],[100.67554,5.97197],[100.61399,5.89382],[100.60632,5.84557],[100.60526,5.82621],[100.62562,5.82973],[100.62744,5.81897],[100.63325,5.81338],[100.62428,5.8063],[100.63327,5.78807],[100.64927,5.78903],[100.65863,5.76701],[100.65233,5.74653],[100.66776,5.73591],[100.66938,5.73416],[100.669,5.71512],[100.67332,5.71429],[100.67348,5.70594],[100.68731,5.69001],[100.70057,5.68711],[100.70869,5.69791],[100.71688,5.69342],[100.7158,5.70489],[100.73971,5.71785],[100.78618,5.71202],[100.80212,5.72233],[100.84266,5.71193],[100.85488,5.71749],[100.85606,5.69676],[100.87433,5.69171],[100.88924,5.73374],[100.87286,5.73676],[100.87368,5.75012],[100.85828,5.76684],[100.8815,5.79804],[100.87438,5.83165],[100.89697,5.91566],[100.89581,5.9368],[100.86583,5.98343],[100.96005,6.04051],[100.97886,6.03277],[100.98737,6.04311],[101.0558,6.04715]]]},"properties":{"state":"Kedah","district":"Sik","code_state":2,"code_district":9,"code_state_district":"2_9"}},
{"type":"Feature","geometry":{"type":"Polygon","coordinates":[[[100.4015,5.97066],[100.3863,5.98014],[100.36199,5.97038],[100.34899,5.97159],[100.36586,5.77114],[100.35214,5.71847],[100.3918,5.71836],[100.40491,5.76174],[100.43577,5.78603],[100.44362,5.82789],[100.46599,5.83772],[100.46889,5.84214],[100.46449,5.84946],[100.44961,5.89325],[100.45715,5.9111],[100.44905,5.93254],[100.43765,5.95031],[100.42264,5.9701],[100.41154,5.97266],[100.4015,5.97066]]]},"properties":{"state":"Kedah","district":"Yan","code_state":2,"code_district":10,"code_state_district":"2_10"}},
{"type":"Feature","geometry":{"type":"Polygon","coordinates":[[[100.61976,6.11822],[100.60926,6.12366],[100.60398,6.11102],[100.54332,6.10824],[100.51688,6.07733],[100.47893,6.07993],[100.47443,6.0768],[100.47002,6.07407],[100.46256,6.07336],[100.46677,6.06628],[100.44451,6.04091],[100.38852,6.04036],[100.41154,5.97266],[100.42264,5.9701],[100.43765,5.95031],[100.44905,5.93254],[100.45715,5.9111],[100.44961,5.89325],[100.4624,5.86535],[100.4783,5.86702],[100.47549,5.89977],[100.48027,5.89305],[100.47982,5.86295],[100.52122,5.87128],[100.56614,5.84523],[100.60335,5.83994],[100.60632,5.84557],[100.61399,5.89382],[100.67554,5.97197],[100.68896,5.97995],[100.70092,5.99804],[100.69321,6.01489],[100.66026,6.0305],[100.64608,6.06482],[100.63983,6.07417],[100.63889,6.0786],[100.64628,6.10346],[100.64407,6.11395],[100.64064,6.11506],[100.63438,6.11192],[100.62614,6.11424],[100.62381,6.11887],[100.61976,6.11822]]]},"properties":{"state":"Kedah","district":"Pendang","code_state":2,"code_district":11,"code_state_district":"2_11"}},
{"type":"Feature","geometry":{"type":"Polygon","coordinates":[[[100.51694,6.23947],[100.50994,6.25719],[100.50244,6.25474],[100.47305,6.23745],[100.46649,6.23251],[100.47062,6.21071],[100.45903,6.21056],[100.47178,6.18401],[100.46499,6.18139],[100.46481,6.16255],[100.44847,6.15785],[100.4416,6.1071],[100.46063,6.08171],[100.47116,6.08612],[100.47893,6.07993],[100.51688,6.07733],[100.54332,6.10824],[100.60398,6.11102],[100.60926,6.12366],[100.61976,6.11822],[100.62425,6.11865],[100.62456,6.11576],[100.62851,6.11331],[100.63568,6.11164],[100.64036,6.11441],[100.64171,6.12093],[100.63814,6.12753],[100.61888,6.15766],[100.59581,6.16531],[100.60297,6.17785],[100.5865,6.21657],[100.58313,6.22785],[100.57626,6.22041],[100.54415,6.19214],[100.51694,6.23947]]]},"properties":{"state":"Kedah","district":"Pokok Sena","code_state":2,"code_district":12,"code_state_district":"2_12"}},
{"type":"Feature","geometry":{"type":"Polygon","coordinates":[[[102.46838,5.91676],[102.37517,6.12398],[102.36456,6.14095],[102.3456,6.1657],[102.34035,6.17032],[102.34281,6.165],[102.33124,6.15226],[102.33471,6.11258],[102.30784,6.11463],[102.30794,6.10764],[102.31953,6.09291],[102.32369,6.08616],[102.33559,6.0804],[102.34735,6.06395],[102.31584,6.04325],[102.34063,6.01182],[102.33301,6.00524],[102.32543,5.96976],[102.30249,5.96643],[102.29317,5.95174],[102.27937,5.95318],[102.28113,5.93727],[102.28563,5.94095],[102.29289,5.94071],[102.29647,5.93695],[102.34506,5.94257],[102.40319,5.88491],[102.46838,5.91676]]]},"properties":{"state":"Kelantan","district":"Bachok","code_state":3,"code_district":1,"code_state_district":"3_1"}},
{"type":"Feature","geometry":{"type":"Polygon","coordinates":[[[102.33124,6.15226],[102.33949,6.16133],[102.34298,6.16549],[102.34054,6.17013],[102.34011,6.1683],[102.33788,6.17226],[102.22173,6.22535],[102.22364,6.21869],[102.23542,6.18644],[102.24854,6.17141],[102.23715,6.16094],[102.23205,6.14786],[102.23211,6.12136],[102.21819,6.10048],[102.22184,6.08264],[102.22056,6.06878],[102.21237,6.05705],[102.19639,6.0465],[102.17552,6.04392],[102.15465,6.04583],[102.14971,6.04293],[102.14515,6.03749],[102.14607,6.032],[102.15276,6.02543],[102.18485,6.00911],[102.19974,5.98593],[102.20661,5.96127],[102.19918,5.93627],[102.19654,5.91403],[102.23718,5.8894],[102.2472,5.8953],[102.25854,5.88785],[102.2636,5.8871],[102.26349,5.89738],[102.27198,5.90171],[102.27533,5.93153],[102.27902,5.95278],[102.29317,5.95174],[102.30249,5.96643],[102.32543,5.96976],[102.33301,6.00524],[102.34063,6.01182],[102.31584,6.04325],[102.34735,6.06395],[102.33559,6.0804],[102.32369,6.08616],[102.31953,6.09291],[102.30794,6.10764],[102.30784,6.11463],[102.33471,6.11258],[102.33124,6.15226]]]},"properties":{"state":"Kelantan","district":"Kota Bharu","code_state":3,"code_district":2,"code_state_district":"3_2"}},
{"type":"Feature","geometry":{"type":"Polygon","coordinates":[[[102.4328,5.74881],[102.40982,5.74218],[102.40473,5.74495],[102.40403,5.75599],[102.39357,5.74867],[102.39947,5.77348],[102.37306,5.76636],[102.374,5.74237],[102.31067,5.75894],[102.3029,5.80714],[102.29284,5.80228],[102.27832,5.81592],[102.27514,5.86221],[102.27972,5.8717],[102.27498,5.88302],[102.2718,5.88286],[102.25854,5.88785],[102.2472,5.8953],[102.23718,5.8894],[102.19654,5.91403],[102.18157,5.88719],[102.17648,5.8527],[102.1635,5.82605],[102.16873,5.79939],[102.15806,5.79402],[102.15335,5.79],[102.15167,5.78646],[102.15023,5.76906],[102.149,5.74482],[102.14287,5.72195],[102.14557,5.69279],[102.11307,5.69293],[102.10815,5.68882],[102.10593,5.66703],[102.1129,5.64111],[102.1216,5.62956],[102.16004,5.65291],[102.16574,5.63359],[102.17943,5.63753],[102.19317,5.64273],[102.19972,5.64886],[102.1925,5.66641],[102.20286,5.66887],[102.21896,5.66213],[102.24138,5.67103],[102.24328,5.66132],[102.27904,5.65523],[102.30404,5.66986],[102.34225,5.66735],[102.36392,5.67531],[102.38134,5.68181],[102.42991,5.73814],[102.43645,5.74553],[102.4328,5.74881]]]},"properties":{"state":"Kelantan","district":"Machang","code_state":3,"code_district":3,"code_state_district":"3_3"}},
{"type":"Feature","geometry":{"type":"Polygon","coordinates":[[[102.10462,6.15104],[102.09085,6.15354],[102.05398,6.08108],[101.97575,6.03213],[101.97122,6.00637],[101.94722,5.99177],[101.94332,5.95679],[101.92873,5.95051],[101.92048,5.91522],[101.93715,5.8908],[101.93756,5.90674],[101.98089,5.93332],[102.00603,5.91557],[102.03132,5.89592],[102.04964,5.89549],[102.08976,5.89456],[102.11139,5.9076],[102.12534,5.90666],[102.12719,5.89766],[102.14472,5.907],[102.16946,5.89359],[102.17418,5.88956],[102.18156,5.88858],[102.18157,5.88719],[102.19918,5.93627],[102.20661,5.96127],[102.19974,5.98593],[102.18485,6.00911],[102.15276,6.02543],[102.14735,6.03024],[102.14481,6.03634],[102.14905,6.04232],[102.15465,6.04583],[102.17552,6.04392],[102.19241,6.04541],[102.20585,6.05166],[102.21526,6.0602],[102.22056,6.06878],[102.22035,6.08891],[102.2075,6.09053],[102.18654,6.10109],[102.18695,6.11079],[102.12572,6.12735],[102.12546,6.14161],[102.12837,6.13939],[102.13338,6.13865],[102.13462,6.14156],[102.12547,6.15021],[102.1145,6.15245],[102.10462,6.15104]]]},"properties":{"state":"Kelantan","district":"Pasir Mas","code_state":3,"code_district":4,"code_state_district":"3_4"}},
{"type":"Feature","geometry":{"type":"Polygon","coordinates":[[[102.46838,5.91676],[102.40319,5.88491],[102.34506,5.94257],[102.29647,5.93695],[102.29289,5.94071],[102.28563,5.94095],[102.27533,5.93153],[102.27198,5.90171],[102.26349,5.89738],[102.2636,5.8871],[102.2718,5.88286],[102.27498,5.88302],[102.27972,5.8717],[102.27514,5.86221],[102.27832,5.81592],[102.29284,5.80228],[102.3029,5.80714],[102.31067,5.75894],[102.374,5.74237],[102.37306,5.76636],[102.39947,5.77348],[102.39357,5.74867],[102.40403,5.75599],[102.40473,5.74495],[102.40982,5.74218],[102.4328,5.74881],[102.4341,5.74775],[102.48807,5.79058],[102.53662,5.8473],[102.46838,5.91676]]]},"properties":{"state":"Kelantan","district":"Pasir Puteh","code_state":3,"code_district":5,"code_state_district":"3_5"}},
{"type":"Feature","geometry":{"type":"Polygon","coordinates":[[[102.04964,5.89549],[102.0331,5.89575],[102.00603,5.91557],[101.98089,5.93332],[101.97246,5.93584],[101.93756,5.90674],[101.94333,5.87403],[101.91452,5.84421],[101.88003,5.83359],[101.88342,5.80484],[101.89781,5.77514],[101.90473,5.7545],[101.90724,5.75459],[101.91313,5.7547],[101.93613,5.71919],[101.97023,5.72111],[101.95664,5.70171],[101.97625,5.65486],[101.9641,5.62689],[101.95066,5.62783],[101.94426,5.61071],[101.96271,5.59197],[101.9691,5.55071],[101.97008,5.54026],[101.97346,5.53843],[101.99518,5.53134],[102.01697,5.51431],[102.02928,5.52488],[102.02855,5.53393],[102.03422,5.55249],[102.05288,5.58175],[102.06013,5.58605],[102.07652,5.5829],[102.08653,5.59528],[102.09883,5.60265],[102.09383,5.61906],[102.10179,5.62489],[102.10909,5.63836],[102.11323,5.64272],[102.10744,5.65996],[102.1056,5.67066],[102.10921,5.69034],[102.11307,5.69293],[102.14557,5.69279],[102.14287,5.72195],[102.149,5.74482],[102.15023,5.76906],[102.15243,5.78859],[102.15837,5.79424],[102.16873,5.79939],[102.1635,5.82605],[102.17648,5.8527],[102.18156,5.88858],[102.17418,5.88956],[102.16946,5.89359],[102.14472,5.907],[102.12719,5.89766],[102.12534,5.90666],[102.11139,5.9076],[102.08976,5.89456],[102.04964,5.89549]]]},"properties":{"state":"Kelantan","district":"Tanah Merah","code_state":3,"code_district":6,"code_state_district":"3_6"}},
{"type":"Feature","geometry":{"type":"Polygon","coordinates":[[[102.22364,6.21869],[102.1811,6.21541],[102.18351,6.20585],[102.1606,6.20167],[102.12696,6.21619],[102.16748,6.21998],[102.12747,6.21847],[102.08677,6.24397],[102.09272,6.23424],[102.08082,6.22563],[102.07847,6.17114],[102.10462,6.15104],[102.1145,6.15245],[102.12796,6.14872],[102.13448,6.14238],[102.1345,6.14017],[102.13225,6.13875],[102.12546,6.14161],[102.12572,6.12735],[102.18695,6.11079],[102.18654,6.10109],[102.2075,6.09053],[102.2202,6.08926],[102.21819,6.10048],[102.22918,6.11533],[102.2325,6.1232],[102.23715,6.16094],[102.24854,6.17141],[102.23542,6.18644],[102.22364,6.21869]]]},"properties":{"state":"Kelantan","district":"Tumpat","code_state":3,"code_district":7,"code_state_district":"3_7"}},
{"type":"Feature","geometry":{"type":"Polygon","coordinates":[[[101.81941,4.75171],[101.81967,4.72313],[101.8415,4.71964],[101.84702,4.687],[101.86218,4.69251],[101.86779,4.67936],[101.88863,4.67085],[101.88947,4.63592],[101.90295,4.6086],[101.91249,4.61098],[101.92679,4.65667],[101.94273,4.6662],[101.95054,4.72246],[101.94901,4.7449],[101.96401,4.76362],[101.98526,4.74053],[101.98706,4.75978],[102.00058,4.76219],[102.01418,4.73561],[102.02784,4.74083],[102.04891,4.72478],[102.05699,4.74176],[102.09461,4.75786],[102.11218,4.76181],[102.1154,4.76106],[102.12728,4.73778],[102.12346,4.72232],[102.12978,4.71348],[102.14093,4.70589],[102.14561,4.70469],[102.15973,4.69253],[102.17478,4.65824],[102.21836,4.62871],[102.2335,4.63299],[102.23271,4.65147],[102.27127,4.66276],[102.31659,4.63705],[102.34488,4.63983],[102.37242,4.68074],[102.36311,4.69577],[102.36743,4.70799],[102.449,4.7118],[102.50215,4.66747],[102.52848,4.67603],[102.54902,4.70947],[102.57083,4.6904],[102.60371,4.6871],[102.60081,4.76789],[102.60758,4.77228],[102.61138,4.77906],[102.63544,4.76419],[102.65707,4.75898],[102.66739,4.77773],[102.64601,4.81453],[102.64976,4.84748],[102.59299,4.87102],[102.57316,4.89348],[102.50772,4.90103],[102.52168,4.95887],[102.50585,4.97375],[102.49752,5.00553],[102.51879,5.02591],[102.49883,5.07401],[102.52762,5.10395],[102.5193,5.11468],[102.49702,5.13377],[102.48454,5.1444],[102.4657,5.16582],[102.41413,5.18218],[102.42416,5.21177],[102.41912,5.24008],[102.41758,5.27938],[102.41652,5.29045],[102.4188,5.29554],[102.41874,5.29954],[102.34884,5.29446],[102.29319,5.25552],[102.13186,5.25569],[102.14039,5.17482],[102.07571,5.17609],[102.01162,5.18691],[101.88171,5.26976],[101.82787,5.28659],[101.79067,5.36327],[101.74168,5.43875],[101.73993,5.43691],[101.74538,5.41309],[101.754,5.40826],[101.74025,5.38548],[101.70245,5.36084],[101.68187,5.36263],[101.67364,5.35192],[101.65799,5.36781],[101.64441,5.36754],[101.63715,5.36481],[101.61559,5.39102],[101.60986,5.39431],[101.60056,5.34794],[101.57613,5.34144],[101.57081,5.29703],[101.55038,5.28979],[101.54913,5.2706],[101.52414,5.27777],[101.51431,5.20193],[101.49166,5.17164],[101.49205,5.08446],[101.47421,5.06168],[101.47148,5.01454],[101.4442,4.99691],[101.44132,4.99231],[101.57724,4.93736],[101.78167,4.9438],[101.77778,4.96945],[101.76453,4.97774],[101.76884,4.99734],[101.78601,4.99759],[101.79334,4.97412],[101.81465,4.98957],[101.81616,4.94743],[101.79912,4.94246],[101.80813,4.92666],[101.83872,4.91613],[101.83331,4.90559],[101.84238,4.89589],[101.84039,4.80121],[101.81941,4.75171]]]},"properties":{"state":"Kelantan","district":"Gua Musang","code_state":3,"code_district":8,"code_state_district":"3_8"}},
{"type":"Feature","geometry":{"type":"Polygon","coordinates":[[[102.38501,5.67888],[102.38134,5.68181],[102.36392,5.67531],[102.34225,5.66735],[102.30404,5.66986],[102.27904,5.65523],[102.24328,5.66132],[102.24138,5.67103],[102.21896,5.66213],[102.20286,5.66887],[102.1925,5.66641],[102.19972,5.64886],[102.19317,5.64273],[102.17943,5.63753],[102.16574,5.63359],[102.16004,5.65291],[102.1216,5.62956],[102.1129,5.64111],[102.10909,5.63836],[102.10179,5.62489],[102.09883,5.60265],[102.08653,5.59528],[102.07652,5.5829],[102.06013,5.58605],[102.05288,5.58175],[102.03422,5.55249],[102.02855,5.53393],[102.02928,5.52488],[102.01697,5.51431],[101.99518,5.53134],[101.99123,5.51613],[101.99358,5.49145],[101.98938,5.47458],[101.99205,5.46257],[101.98663,5.45263],[101.9783,5.45277],[101.97799,5.4238],[101.90707,5.35039],[101.79067,5.36327],[101.82787,5.28659],[101.88171,5.26976],[102.01162,5.18691],[102.07571,5.17609],[102.14039,5.17482],[102.13186,5.25569],[102.29319,5.25552],[102.34884,5.29446],[102.41862,5.29895],[102.42126,5.31661],[102.43018,5.32316],[102.42839,5.3521],[102.44203,5.36117],[102.44346,5.36025],[102.44478,5.36186],[102.44153,5.3685],[102.42795,5.37344],[102.42321,5.39065],[102.38781,5.41001],[102.38675,5.42363],[102.40593,5.44191],[102.38274,5.51698],[102.41063,5.54297],[102.39987,5.57818],[102.40448,5.61273],[102.39089,5.63078],[102.38501,5.67888]]]},"properties":{"state":"Kelantan","district":"Kuala Krai","code_state":3,"code_district":9,"code_state_district":"3_9"}},
{"type":"Feature","geometry":{"type":"Polygon","coordinates":[[[101.88342,5.80484],[101.8823,5.81156],[101.8634,5.80303],[101.86654,5.79183],[101.83863,5.79032],[101.82041,5.75771],[101.82427,5.73355],[101.79012,5.75376],[101.77655,5.76875],[101.77746,5.78396],[101.76014,5.79699],[101.73455,5.79383],[101.70736,5.81093],[101.70102,5.79492],[101.67288,5.78528],[101.6799,5.73791],[101.64642,5.70196],[101.6515,5.66728],[101.64303,5.64304],[101.67211,5.62761],[101.66988,5.60556],[101.64894,5.55495],[101.65995,5.54314],[101.69308,5.53696],[101.70112,5.54746],[101.71517,5.54981],[101.71968,5.5397],[101.72942,5.54526],[101.74341,5.54],[101.74432,5.51275],[101.73358,5.49764],[101.74168,5.43875],[101.79067,5.36327],[101.90707,5.35039],[101.97799,5.4238],[101.9783,5.45277],[101.98663,5.45263],[101.99205,5.46257],[101.98938,5.47458],[101.99358,5.49145],[101.99123,5.51613],[101.99518,5.53134],[101.97346,5.53843],[101.97008,5.54026],[101.9691,5.55071],[101.96271,5.59197],[101.94426,5.61071],[101.95066,5.62783],[101.9641,5.62689],[101.97625,5.65486],[101.95664,5.70171],[101.97023,5.72111],[101.93613,5.71919],[101.91313,5.7547],[101.90724,5.75459],[101.90473,5.7545],[101.89781,5.77514],[101.88342,5.80484]]]},"properties":{"state":"Kelantan","district":"Jeli","code_state":3,"code_district":10,"code_state_district":"3_10"}},
{"type":"Feature","geometry":{"type":"Polygon","coordinates":[[[101.81941,4.75171],[101.84039,4.80121],[101.84238,4.89589],[101.83331,4.90559],[101.83872,4.91613],[101.80813,4.92666],[101.79912,4.94246],[101.81616,4.94743],[101.81465,4.98957],[101.79334,4.97412],[101.78601,4.99759],[101.76884,4.99734],[101.76453,4.97774],[101.77778,4.96945],[101.78167,4.9438],[101.57724,4.93736],[101.44132,4.99231],[101.43925,4.98905],[101.42222,4.98443],[101.42587,4.97214],[101.44489,4.95765],[101.44351,4.94211],[101.44579,4.93596],[101.45321,4.8921],[101.43555,4.87456],[101.4455,4.85815],[101.41023,4.85437],[101.40029,4.83253],[101.41252,4.8009],[101.39505,4.76063],[101.37361,4.75888],[101.38672,4.71697],[101.37562,4.70455],[101.34474,4.71049],[101.33475,4.68108],[101.33964,4.67762],[101.35481,4.66021],[101.36409,4.63581],[101.36839,4.63515],[101.37424,4.63039],[101.36922,4.61834],[101.38442,4.61054],[101.41348,4.61468],[101.42582,4.60682],[101.44404,4.58925],[101.45225,4.57537],[101.4701,4.57381],[101.47733,4.57627],[101.48065,4.60093],[101.50157,4.61389],[101.52215,4.61235],[101.5503,4.57731],[101.5591,4.5791],[101.57458,4.57092],[101.5776,4.56466],[101.58526,4.55689],[101.58981,4.5524],[101.59192,4.55682],[101.59489,4.55905],[101.61389,4.5606],[101.6212,4.54651],[101.65178,4.55726],[101.67303,4.59372],[101.72267,4.60913],[101.72682,4.62165],[101.75225,4.61031],[101.75341,4.62214],[101.764,4.62263],[101.77306,4.67345],[101.77134,4.69223],[101.77506,4.71652],[101.77396,4.74146],[101.78007,4.75881],[101.81465,4.75934],[101.81941,4.75171]]]},"properties":{"state":"Kelantan","district":"Kecil Lojing","code_state":3,"code_district":11,"code_state_district":"3_11"}},
{"type":"Feature","geometry":{"type":"MultiPolygon","coordinates":[[[[102.22889,2.46478],[102.19317,2.48513],[102.17371,2.49766],[102.13939,2.45637],[102.11888,2.46145],[102.08553,2.44603],[102.06777,2.45716],[102.06318,2.44086],[102.04727,2.42722],[102.04835,2.42012],[102.03947,2.42039],[102.03425,2.42465],[102.03306,2.42837],[102.03536,2.43379],[102.02983,2.43921],[102.02683,2.42814],[101.98279,2.39546],[101.97681,2.38959],[101.97413,2.39138],[101.96877,2.38632],[101.97659,2.36875],[102.01629,2.36297],[102.05449,2.34183],[102.08796,2.28932],[102.09052,2.29003],[102.10183,2.28687],[102.11468,2.28674],[102.1217,2.28747],[102.14518,2.28867],[102.14382,2.30066],[102.15618,2.30661],[102.20789,2.31646],[102.23616,2.29558],[102.23887,2.33715],[102.25039,2.33282],[102.26126,2.30436],[102.26073,2.29521],[102.24237,2.27784],[102.25823,2.26936],[102.30335,2.28961],[102.31353,2.284],[102.33134,2.28207],[102.3344,2.28595],[102.34306,2.31459],[102.35126,2.35147],[102.35913,2.3682],[102.33883,2.43079],[102.36535,2.45647],[102.35829,2.46364],[102.36046,2.46958],[102.35875,2.47136],[102.36154,2.48778],[102.31869,2.47865],[102.27384,2.45655],[102.22889,2.46478]]],[[[101.85993,2.41414],[101.84765,2.41123],[101.85435,2.40013],[101.85993,2.41414]]]]},"properties":{"state":"Melaka","district":"Alor Gajah","code_state":4,"code_district":1,"code_state_district":"4_1"}},
{"type":"Feature","geometry":{"type":"Polygon","coordinates":[[[102.42925,2.46369],[102.41744,2.46944],[102.36154,2.48778],[102.35875,2.47136],[102.36046,2.46958],[102.35829,2.46364],[102.36535,2.45647],[102.33883,2.43079],[102.35913,2.3682],[102.35126,2.35147],[102.34306,2.31459],[102.3344,2.28595],[102.32853,2.27909],[102.31575,2.24289],[102.31661,2.23887],[102.31407,2.23671],[102.31298,2.22969],[102.31936,2.22804],[102.32701,2.23397],[102.33667,2.23526],[102.34114,2.23037],[102.39353,2.24159],[102.3917,2.22359],[102.39898,2.21171],[102.37373,2.17572],[102.36101,2.17474],[102.35785,2.18046],[102.34206,2.18043],[102.3387,2.1599],[102.33584,2.15548],[102.37136,2.13369],[102.40769,2.1305],[102.48895,2.09882],[102.49225,2.12037],[102.50717,2.12659],[102.51819,2.11276],[102.53071,2.11786],[102.53987,2.1397],[102.53001,2.16775],[102.51845,2.1632],[102.47549,2.18355],[102.47201,2.20634],[102.49594,2.22412],[102.49021,2.24451],[102.5163,2.3261],[102.51133,2.34948],[102.53376,2.36811],[102.53957,2.38803],[102.59225,2.40541],[102.43106,2.4538],[102.42925,2.46369]]]},"properties":{"state":"Melaka","district":"Jasin","code_state":4,"code_district":2,"code_state_district":"4_2"}},
{"type":"Feature","geometry":{"type":"MultiPolygon","coordinates":[[[[102.25039,2.33282],[102.23887,2.33715],[102.23616,2.29558],[102.20789,2.31646],[102.15618,2.30661],[102.14382,2.30066],[102.14518,2.28867],[102.1217,2.28747],[102.11468,2.28674],[102.10183,2.28687],[102.09052,2.29003],[102.08796,2.28932],[102.10103,2.27058],[102.12205,2.26565],[102.15951,2.21423],[102.19592,2.21831],[102.24861,2.1842],[102.33584,2.15548],[102.3387,2.1599],[102.34206,2.18043],[102.35785,2.18046],[102.36101,2.17474],[102.37373,2.17572],[102.39898,2.21171],[102.3917,2.22359],[102.39353,2.24159],[102.34114,2.23037],[102.33712,2.23504],[102.33079,2.2354],[102.3246,2.23236],[102.32122,2.22851],[102.31351,2.22897],[102.31339,2.23499],[102.31667,2.23919],[102.31575,2.24289],[102.32853,2.27909],[102.33134,2.28207],[102.31353,2.284],[102.30335,2.28961],[102.25823,2.26936],[102.24237,2.27784],[102.26073,2.29521],[102.26126,2.30436],[102.25039,2.33282]]],[[[102.32819,2.11532],[102.32039,2.11378],[102.3264,2.1028],[102.33491,2.11541],[102.32819,2.11532]]]]},"properties":{"state":"Melaka","district":"Melaka Tengah","code_state":4,"code_district":3,"code_state_district":"4_3"}},
{"type":"Feature","geometry":{"type":"Polygon","coordinates":[[[101.95654,3.27342],[101.9538,3.27885],[101.94845,3.28523],[101.93822,3.2899],[101.93489,3.28361],[101.93304,3.27536],[101.92738,3.27013],[101.92297,3.26915],[101.91732,3.26339],[101.92258,3.2639],[101.94552,3.22744],[101.93984,3.18992],[101.96545,3.14352],[101.94969,3.10823],[101.97075,3.0325],[101.94079,3.01918],[101.92949,2.98268],[101.92349,2.97003],[101.93186,2.96389],[101.98285,2.93054],[101.9963,2.85414],[102.00194,2.8504],[102.04014,2.83299],[102.05482,2.83652],[102.06511,2.84176],[102.06768,2.8339],[102.09438,2.84909],[102.10577,2.86938],[102.12955,2.89622],[102.16755,2.9032],[102.18738,2.89476],[102.20361,2.91152],[102.24156,2.90785],[102.23739,2.91914],[102.2384,2.92451],[102.24757,2.92514],[102.27161,2.95587],[102.35105,2.96111],[102.33728,3.00398],[102.34276,3.0356],[102.32242,3.08298],[102.31177,3.08818],[102.31798,3.1052],[102.29251,3.13744],[102.15898,3.17909],[102.14175,3.19837],[102.09672,3.1927],[102.07774,3.18111],[102.07454,3.16686],[102.05792,3.16818],[102.04428,3.22627],[101.98531,3.23761],[101.97456,3.2459],[101.97254,3.2739],[101.95654,3.27342]]]},"properties":{"state":"Negeri Sembilan","district":"Jelebu","code_state":5,"code_district":1,"code_state_district":"5_1"}},
{"type":"Feature","geometry":{"type":"Polygon","coordinates":[[[102.24411,2.89891],[102.20361,2.91152],[102.18738,2.89476],[102.16755,2.9032],[102.12955,2.89622],[102.10577,2.86938],[102.09438,2.84909],[102.06768,2.8339],[102.06556,2.82587],[102.05281,2.80177],[102.05381,2.78479],[102.05162,2.71275],[102.05251,2.68904],[102.05906,2.68373],[102.06846,2.68624],[102.07957,2.69288],[102.08383,2.70061],[102.09047,2.70917],[102.10234,2.70417],[102.11859,2.70577],[102.12656,2.69933],[102.11594,2.64208],[102.1487,2.61231],[102.16728,2.61204],[102.17904,2.56807],[102.19685,2.55591],[102.20875,2.54058],[102.32435,2.53745],[102.32004,2.56901],[102.34687,2.59851],[102.34664,2.64413],[102.33562,2.64496],[102.3561,2.67667],[102.35312,2.69847],[102.35706,2.7038],[102.37272,2.715],[102.39606,2.73617],[102.39857,2.76115],[102.3954,2.76492],[102.38897,2.78307],[102.36641,2.78297],[102.36609,2.77089],[102.34791,2.76839],[102.314,2.82434],[102.28972,2.83004],[102.29918,2.86311],[102.27531,2.87035],[102.24411,2.89891]]]},"properties":{"state":"Negeri Sembilan","district":"Kuala Pilah","code_state":5,"code_district":2,"code_state_district":"5_2"}},
{"type":"Feature","geometry":{"type":"Polygon","coordinates":[[[101.79435,2.67882],[101.78046,2.72207],[101.75986,2.72416],[101.76121,2.70694],[101.73867,2.67658],[101.7454,2.65765],[101.72428,2.64278],[101.72798,2.62056],[101.70168,2.61156],[101.70974,2.60216],[101.75477,2.60274],[101.78461,2.57695],[101.79126,2.58113],[101.79994,2.5616],[101.79845,2.54543],[101.78454,2.5455],[101.79279,2.51479],[101.81377,2.5233],[101.83608,2.50182],[101.85223,2.47217],[101.85993,2.41414],[101.92857,2.42386],[101.9442,2.40887],[101.97057,2.39846],[101.97566,2.38953],[101.98279,2.39546],[102.02683,2.42814],[102.03111,2.44117],[102.03079,2.54296],[102.01188,2.54303],[102.01169,2.57032],[101.96531,2.57123],[101.98109,2.55107],[101.93895,2.54413],[101.93199,2.54392],[101.93711,2.56162],[101.92603,2.57039],[101.9277,2.59795],[101.9104,2.60487],[101.91009,2.62494],[101.86956,2.62764],[101.87848,2.65701],[101.86402,2.66925],[101.85404,2.6718],[101.84832,2.646],[101.82831,2.66874],[101.79351,2.66973],[101.79435,2.67882]]]},"properties":{"state":"Negeri Sembilan","district":"Port Dickson","code_state":5,"code_district":3,"code_state_district":"5_3"}},
{"type":"Feature","geometry":{"type":"Polygon","coordinates":[[[102.10234,2.70417],[102.09047,2.70917],[102.08383,2.70061],[102.07957,2.69288],[102.06846,2.68624],[102.05906,2.68373],[102.05251,2.68904],[102.0264,2.65203],[102.03121,2.57019],[102.01169,2.57032],[102.01188,2.54303],[102.03079,2.54296],[102.03111,2.44117],[102.02983,2.43921],[102.03536,2.43379],[102.03342,2.43095],[102.03347,2.42572],[102.04057,2.42015],[102.04835,2.42012],[102.04727,2.42722],[102.06318,2.44086],[102.06777,2.45716],[102.08553,2.44603],[102.11888,2.46145],[102.13939,2.45637],[102.17371,2.49766],[102.19317,2.48513],[102.20385,2.48075],[102.21166,2.50198],[102.19593,2.51396],[102.19521,2.53484],[102.20252,2.54305],[102.19685,2.55591],[102.17904,2.56807],[102.16728,2.61204],[102.1487,2.61231],[102.11594,2.64208],[102.12656,2.69933],[102.11859,2.70577],[102.10234,2.70417]]]},"properties":{"state":"Negeri Sembilan","district":"Rembau","code_state":5,"code_district":4,"code_state_district":"5_4"}},
{"type":"Feature","geometry":{"type":"Polygon","coordinates":[[[101.93186,2.96389],[101.92663,2.96357],[101.92349,2.97003],[101.88177,2.86999],[101.74993,2.87321],[101.75986,2.72416],[101.78045,2.7221],[101.79435,2.67882],[101.79351,2.66973],[101.82831,2.66874],[101.84832,2.646],[101.85404,2.6718],[101.86402,2.66925],[101.87848,2.65701],[101.86956,2.62764],[101.91009,2.62494],[101.9104,2.60487],[101.9277,2.59795],[101.92603,2.57039],[101.93711,2.56162],[101.9319,2.54447],[101.93895,2.54413],[101.98109,2.55107],[101.96531,2.57123],[102.03121,2.57019],[102.0264,2.65203],[102.05251,2.68904],[102.05162,2.71275],[102.05381,2.78479],[102.05281,2.80177],[102.06556,2.82587],[102.06511,2.84176],[102.05482,2.83652],[102.04014,2.83299],[102.00194,2.8504],[101.9963,2.85414],[101.98285,2.93054],[101.93186,2.96389]]]},"properties":{"state":"Negeri Sembilan","district":"Seremban","code_state":5,"code_district":5,"code_state_district":"5_5"}},
{"type":"Feature","geometry":{"type":"Polygon","coordinates":[[[102.54955,2.68484],[102.42875,2.68865],[102.32004,2.56901],[102.32435,2.53745],[102.20875,2.54058],[102.19521,2.53484],[102.19593,2.51396],[102.21166,2.50198],[102.20385,2.48075],[102.22889,2.46478],[102.27384,2.45655],[102.31869,2.47865],[102.36238,2.48769],[102.41195,2.47219],[102.42925,2.46369],[102.43106,2.4538],[102.59225,2.40541],[102.59356,2.4406],[102.60301,2.45562],[102.61475,2.46471],[102.6136,2.47331],[102.61452,2.47571],[102.60634,2.48806],[102.60631,2.50549],[102.61902,2.51657],[102.60724,2.56387],[102.63833,2.59993],[102.63344,2.60949],[102.62382,2.62517],[102.63141,2.64534],[102.60467,2.64731],[102.60077,2.65153],[102.59547,2.64861],[102.58223,2.66091],[102.56715,2.65499],[102.55009,2.66946],[102.54955,2.68484]]]},"properties":{"state":"Negeri Sembilan","district":"Tampin","code_state":5,"code_district":6,"code_state_district":"5_6"}},
{"type":"Feature","geometry":{"type":"Polygon","coordinates":[[[102.69038,2.87755],[102.67978,2.89561],[102.66625,2.88541],[102.46634,3.01947],[102.38901,3.11847],[102.29251,3.13744],[102.31798,3.1052],[102.31177,3.08818],[102.32242,3.08298],[102.34276,3.0356],[102.33728,3.00398],[102.35105,2.96111],[102.27161,2.95587],[102.24757,2.92514],[102.23908,2.92511],[102.23721,2.92088],[102.24156,2.90785],[102.24411,2.89891],[102.27531,2.87035],[102.29918,2.86311],[102.28972,2.83004],[102.314,2.82434],[102.34791,2.76839],[102.36609,2.77089],[102.36641,2.78297],[102.38897,2.78307],[102.3954,2.76492],[102.39857,2.76115],[102.39606,2.73617],[102.37272,2.715],[102.35706,2.7038],[102.35312,2.69847],[102.3561,2.67667],[102.33562,2.64496],[102.34664,2.64413],[102.34687,2.59851],[102.42875,2.68865],[102.54955,2.68484],[102.55009,2.66946],[102.56715,2.65499],[102.58223,2.66091],[102.59547,2.64861],[102.60077,2.65153],[102.60467,2.64731],[102.63141,2.64534],[102.6997,2.83246],[102.69507,2.8321],[102.69385,2.85367],[102.69038,2.87755]]]},"properties":{"state":"Negeri Sembilan","district":"Jempol","code_state":5,"code_district":7,"code_state_district":"5_7"}},
{"type":"Feature","geometry":{"type":"Polygon","coordinates":[[[101.87537,3.6893],[101.86294,3.69144],[101.88105,3.65296],[101.85258,3.6356],[101.83692,3.64021],[101.80833,3.61586],[101.80774,3.61254],[101.81419,3.60604],[101.80391,3.55318],[101.77981,3.54331],[101.76071,3.50834],[101.78326,3.432],[101.78992,3.42603],[101.78764,3.42171],[101.78019,3.41539],[101.76215,3.39994],[101.7571,3.37516],[101.76959,3.36538],[101.78109,3.35344],[101.77944,3.34646],[101.79654,3.33605],[101.82388,3.29936],[101.85288,3.27981],[101.87366,3.27477],[101.91272,3.26453],[101.91732,3.26339],[101.92297,3.26915],[101.92738,3.27013],[101.93304,3.27536],[101.93585,3.28625],[101.93929,3.29017],[101.95036,3.2834],[101.95654,3.27342],[101.97254,3.2739],[101.97456,3.2459],[101.98531,3.23761],[102.04428,3.22627],[102.05792,3.16818],[102.07454,3.16686],[102.07774,3.18111],[102.09672,3.1927],[102.14175,3.19837],[102.15898,3.17909],[102.29251,3.13744],[102.31351,3.15636],[102.31306,3.17211],[102.294,3.17256],[102.27328,3.19099],[102.29806,3.21739],[102.29118,3.25524],[102.30597,3.27192],[102.30363,3.29282],[102.34345,3.32209],[102.33258,3.32792],[102.32019,3.35112],[102.31766,3.35185],[102.31475,3.35605],[102.25949,3.37675],[102.24423,3.37752],[102.22804,3.39225],[102.21836,3.3868],[102.20583,3.37698],[102.14826,3.36334],[102.13529,3.34756],[102.12649,3.35322],[102.11782,3.35156],[102.09647,3.3977],[102.10495,3.47909],[102.08462,3.4969],[102.06302,3.49715],[102.05884,3.49895],[102.05643,3.50389],[102.06082,3.51001],[102.03599,3.54484],[102.02137,3.56572],[102.01878,3.55242],[102.00772,3.56193],[101.98965,3.57001],[101.98457,3.57092],[101.98347,3.56185],[101.97638,3.55929],[101.94371,3.61954],[101.93855,3.65644],[101.92581,3.66522],[101.89605,3.66331],[101.87537,3.6893]]]},"properties":{"state":"Pahang","district":"Bentong","code_state":6,"code_district":1,"code_state_district":"6_1"}},
{"type":"Feature","geometry":{"type":"Polygon","coordinates":[[[101.42582,4.60682],[101.41348,4.61468],[101.38442,4.61054],[101.36588,4.60707],[101.36046,4.60059],[101.3486,4.59222],[101.35695,4.54471],[101.37161,4.5288],[101.38442,4.50604],[101.35861,4.49542],[101.36579,4.48507],[101.35272,4.45925],[101.33074,4.44578],[101.33281,4.42976],[101.35175,4.42574],[101.3574,4.39467],[101.39056,4.4076],[101.40981,4.38986],[101.43672,4.38925],[101.44297,4.37654],[101.42029,4.34301],[101.44167,4.33027],[101.44317,4.31958],[101.4523,4.32082],[101.45907,4.31851],[101.47404,4.32683],[101.48864,4.31977],[101.54813,4.34562],[101.56336,4.36174],[101.57746,4.35488],[101.58753,4.35897],[101.60745,4.41168],[101.6035,4.44704],[101.58924,4.45408],[101.58827,4.51928],[101.5877,4.5466],[101.58981,4.5524],[101.58526,4.55689],[101.5776,4.56466],[101.57458,4.57092],[101.5591,4.5791],[101.5503,4.57731],[101.52215,4.61235],[101.50157,4.61389],[101.48065,4.60093],[101.47733,4.57627],[101.4701,4.57381],[101.45225,4.57537],[101.44404,4.58925],[101.42582,4.60682]]]},"properties":{"state":"Pahang","district":"Cameron Highlands","code_state":6,"code_district":2,"code_state_district":"6_2"}},
{"type":"Feature","geometry":{"type":"Polygon","coordinates":[[[102.21093,3.85753],[102.2434,3.86605],[102.24446,3.85457],[102.24002,3.84949],[102.24462,3.82604],[102.28317,3.8403],[102.29562,3.83525],[102.30728,3.80162],[102.31464,3.81501],[102.36375,3.81443],[102.38846,3.76572],[102.39171,3.75516],[102.39685,3.75352],[102.39739,3.75135],[102.40614,3.75641],[102.41832,3.74294],[102.43825,3.75371],[102.42908,3.75737],[102.44465,3.76384],[102.4362,3.77391],[102.45758,3.79563],[102.45266,3.81233],[102.47866,3.85893],[102.46639,3.87348],[102.4833,3.88523],[102.48579,3.88547],[102.48829,3.88092],[102.49702,3.87817],[102.49858,3.86511],[102.51287,3.82792],[102.54831,3.85116],[102.56238,3.83427],[102.61732,3.8536],[102.62315,3.84169],[102.63109,3.8526],[102.64856,3.85236],[102.70843,3.83437],[102.71026,3.85025],[102.74276,3.87822],[102.74562,3.88257],[102.74303,3.88595],[102.74201,3.89982],[102.74488,3.91272],[102.75808,3.91488],[102.77218,3.94229],[102.79254,3.94753],[102.80018,3.96753],[102.82952,3.93203],[102.84646,3.93545],[102.86092,3.95664],[102.86888,4.00119],[102.89205,4.00852],[102.90294,4.01184],[102.91086,4.01448],[102.91903,4.03899],[102.91378,4.06048],[102.91927,4.08478],[102.92232,4.09226],[102.92995,4.09879],[102.89256,4.13723],[102.92164,4.15779],[102.91369,4.21492],[102.93536,4.24498],[102.93119,4.27853],[102.9547,4.29025],[102.97029,4.33042],[103.01759,4.33479],[103.00773,4.34467],[103.0068,4.37729],[103.02041,4.39311],[103.02802,4.40617],[103.02594,4.40951],[103.01371,4.41147],[103.01051,4.42019],[103.01222,4.43422],[102.99997,4.45094],[102.99595,4.45085],[102.98887,4.46379],[102.96923,4.48087],[102.95401,4.46859],[102.9571,4.4569],[102.95116,4.45186],[102.9298,4.46815],[102.87978,4.46387],[102.87554,4.48279],[102.84744,4.49769],[102.83824,4.55668],[102.84318,4.55862],[102.86009,4.5606],[102.86869,4.57141],[102.87258,4.58172],[102.8589,4.60136],[102.88228,4.60878],[102.86557,4.62802],[102.86804,4.64514],[102.84147,4.6711],[102.84083,4.67997],[102.82305,4.68213],[102.77701,4.67041],[102.74429,4.68824],[102.73202,4.68381],[102.71987,4.69424],[102.7138,4.69486],[102.69912,4.71536],[102.68314,4.71493],[102.66249,4.75491],[102.63544,4.76419],[102.61138,4.77906],[102.60758,4.77228],[102.60081,4.76789],[102.60371,4.6871],[102.57083,4.6904],[102.54902,4.70947],[102.52848,4.67603],[102.50215,4.66747],[102.449,4.7118],[102.36743,4.70799],[102.36311,4.69577],[102.37242,4.68074],[102.34488,4.63983],[102.31659,4.63705],[102.27127,4.66276],[102.23271,4.65147],[102.2335,4.63299],[102.21824,4.61145],[102.22675,4.56398],[102.26092,4.51992],[102.23971,4.46355],[102.25746,4.43349],[102.22186,4.42357],[102.21412,4.41293],[102.21999,4.39627],[102.20925,4.38162],[102.22117,4.36018],[102.22158,4.34885],[102.21747,4.33005],[102.22813,4.33299],[102.23639,4.31855],[102.23009,4.30301],[102.24059,4.29206],[102.23814,4.28426],[102.23368,4.28331],[102.236,4.2756],[102.24957,4.25878],[102.25005,4.23584],[102.27235,4.19413],[102.24715,4.14134],[102.25217,4.1319],[102.25093,4.12677],[102.25897,4.1203],[102.29328,4.11753],[102.31561,4.09711],[102.30687,4.07059],[102.29482,4.06634],[102.28189,4.05264],[102.27703,4.05843],[102.27124,4.06209],[102.26513,4.0622],[102.25856,4.05852],[102.25571,4.04598],[102.2396,4.05127],[102.23289,4.03422],[102.21638,4.03869],[102.20697,4.03294],[102.19441,4.03764],[102.16876,4.03583],[102.13253,4.07413],[102.09609,4.07727],[102.09068,4.03833],[102.11976,4.01392],[102.12838,4.00302],[102.11853,3.99962],[102.11437,3.98998],[102.10966,3.98163],[102.10118,3.97916],[102.06198,3.97259],[102.06159,3.96128],[102.06435,3.94623],[102.08094,3.92274],[102.09691,3.9105],[102.07569,3.85166],[102.10874,3.8335],[102.161,3.85726],[102.17793,3.85716],[102.1852,3.85942],[102.20475,3.86467],[102.20364,3.85993],[102.19698,3.8323],[102.2131,3.83459],[102.21093,3.85753]]]},"properties":{"state":"Pahang","district":"Jerantut","code_state":6,"code_district":3,"code_state_district":"6_3"}},
{"type":"Feature","geometry":{"type":"Polygon","coordinates":[[[103.44507,4.18128],[103.44024,4.1877],[103.34488,4.17912],[103.32087,4.19689],[103.32468,4.14371],[103.32433,4.12762],[103.3225,4.12537],[103.30834,4.11928],[103.30812,4.11003],[103.3022,4.08872],[103.3075,4.06537],[103.32646,4.04991],[103.33446,3.98437],[103.33361,3.97438],[103.33603,3.97007],[103.33452,3.94694],[103.32842,3.93716],[103.30927,3.9238],[103.31989,3.89413],[103.3157,3.88507],[103.30301,3.89284],[103.26704,3.94983],[103.27567,3.96789],[103.24939,3.99101],[103.2446,4.01784],[103.22647,4.02184],[103.21229,4.01291],[103.20036,4.04112],[103.19115,4.02915],[103.17934,4.03143],[103.15605,4.04809],[103.13498,4.05212],[103.12837,4.07123],[103.12016,4.08427],[103.10852,4.08814],[103.07657,4.0956],[103.07463,4.10832],[103.07158,4.11434],[103.01754,4.12095],[103.00902,4.12169],[102.99527,4.13096],[102.96171,4.11372],[102.92232,4.09226],[102.91927,4.08478],[102.91378,4.06048],[102.91903,4.03899],[102.91086,4.01448],[102.90294,4.01184],[102.89205,4.00852],[102.86888,4.00119],[102.86092,3.95664],[102.84646,3.93545],[102.82952,3.93203],[102.80018,3.96753],[102.79254,3.94753],[102.77218,3.94229],[102.75808,3.91488],[102.74488,3.91272],[102.74201,3.89982],[102.74303,3.88595],[102.74562,3.88257],[102.74276,3.87822],[102.71026,3.85025],[102.70843,3.83437],[102.70898,3.81815],[102.75785,3.74941],[102.76847,3.75717],[102.79733,3.76194],[102.8014,3.73399],[102.82762,3.71531],[102.82587,3.69917],[102.85986,3.72082],[102.91018,3.67124],[102.91932,3.65916],[103.00736,3.64216],[103.12023,3.61923],[103.39722,3.60163],[103.36767,3.64114],[103.32626,3.75618],[103.34249,3.80629],[103.37421,3.80473],[103.36762,3.90408],[103.37699,3.93351],[103.40237,3.96643],[103.43191,3.95676],[103.44186,3.96487],[103.39871,4.04117],[103.38485,4.11214],[103.40803,4.13082],[103.41488,4.17275],[103.44507,4.18128]]]},"properties":{"state":"Pahang","district":"Kuantan","code_state":6,"code_district":4,"code_state_district":"6_4"}},
{"type":"Feature","geometry":{"type":"Polygon","coordinates":[[[101.77158,4.08516],[101.77835,4.08602],[101.77355,4.15101],[101.78448,4.18546],[101.79687,4.18574],[101.81208,4.16815],[101.79862,4.15347],[101.80587,4.10664],[101.80793,4.08815],[101.81215,4.03599],[101.85269,4.02933],[101.86351,4.05649],[101.88276,4.07614],[101.88607,4.07714],[101.89542,4.07252],[101.9108,4.10427],[101.92254,4.09829],[101.92788,4.09079],[101.95126,4.0892],[101.95529,4.07645],[101.93888,4.03786],[101.95816,4.0097],[101.96179,3.9895],[101.93804,3.96749],[101.92768,3.95979],[101.92652,3.94678],[101.95589,3.92862],[101.95774,3.92202],[101.98309,3.92892],[101.99837,3.95164],[102.01812,3.98285],[102.03376,3.98179],[102.05088,3.97247],[102.06198,3.97259],[102.10118,3.97916],[102.10966,3.98163],[102.11437,3.98998],[102.11853,3.99962],[102.12838,4.00302],[102.11976,4.01392],[102.09068,4.03833],[102.09609,4.07727],[102.13253,4.07413],[102.16876,4.03583],[102.19441,4.03764],[102.20697,4.03294],[102.21638,4.03869],[102.23289,4.03422],[102.2396,4.05127],[102.25571,4.04598],[102.25856,4.05852],[102.26513,4.0622],[102.27124,4.06209],[102.27703,4.05843],[102.28189,4.05264],[102.29482,4.06634],[102.30687,4.07059],[102.31561,4.09711],[102.29328,4.11753],[102.25897,4.1203],[102.25093,4.12677],[102.25217,4.1319],[102.24715,4.14134],[102.27235,4.19413],[102.25005,4.23584],[102.24957,4.25878],[102.236,4.2756],[102.23368,4.28331],[102.23814,4.28426],[102.24059,4.29206],[102.23009,4.30301],[102.23639,4.31855],[102.22813,4.33299],[102.21747,4.33005],[102.22158,4.34885],[102.22117,4.36018],[102.20925,4.38162],[102.21999,4.39627],[102.21412,4.41293],[102.22186,4.42357],[102.25746,4.43349],[102.23971,4.46355],[102.26092,4.51992],[102.22675,4.56398],[102.21824,4.61145],[102.22511,4.6282],[102.21836,4.62871],[102.17478,4.65824],[102.15973,4.69253],[102.13161,4.7118],[102.12727,4.71851],[102.12494,4.71965],[102.12356,4.72339],[102.12728,4.73778],[102.1139,4.76183],[102.09461,4.75786],[102.05699,4.74176],[102.04891,4.72478],[102.02784,4.74083],[102.01418,4.73561],[102.00058,4.76219],[101.98706,4.75978],[101.98526,4.74053],[101.96401,4.76362],[101.94901,4.7449],[101.95054,4.72246],[101.94273,4.6662],[101.92679,4.65667],[101.91249,4.61098],[101.90295,4.6086],[101.88947,4.63592],[101.88863,4.67085],[101.86779,4.67936],[101.86218,4.69251],[101.84702,4.687],[101.8415,4.71964],[101.81967,4.72313],[101.81465,4.75934],[101.78007,4.75881],[101.77396,4.74146],[101.77506,4.71652],[101.77134,4.69223],[101.77306,4.67345],[101.764,4.62263],[101.75341,4.62214],[101.75225,4.61031],[101.72682,4.62165],[101.72267,4.60913],[101.67303,4.59372],[101.65178,4.55726],[101.6212,4.54651],[101.61389,4.5606],[101.59489,4.55905],[101.59192,4.55682],[101.5877,4.5466],[101.58827,4.51928],[101.58924,4.45408],[101.6035,4.44704],[101.60745,4.41168],[101.58753,4.35897],[101.57746,4.35488],[101.56336,4.36174],[101.54813,4.34562],[101.48864,4.31977],[101.47404,4.32683],[101.45907,4.31851],[101.4523,4.32082],[101.44317,4.31958],[101.44451,4.31535],[101.44832,4.31234],[101.44325,4.27247],[101.4634,4.25471],[101.45064,4.22306],[101.50736,4.20576],[101.49394,4.16131],[101.51432,4.11784],[101.51756,4.11855],[101.53298,4.12605],[101.57338,4.09667],[101.57709,4.07983],[101.58053,4.0751],[101.61423,4.08104],[101.62741,4.09495],[101.70106,4.07304],[101.71426,4.09577],[101.73921,4.10419],[101.73952,4.11706],[101.76955,4.09962],[101.77158,4.08516]]]},"properties":{"state":"Pahang","district":"Lipis","code_state":6,"code_district":5,"code_state_district":"6_5"}},
{"type":"Feature","geometry":{"type":"Polygon","coordinates":[[[103.42772,2.94695],[103.43216,3.05429],[103.44693,3.12785],[103.42263,3.37952],[103.44135,3.44859],[103.47064,3.46498],[103.4743,3.51942],[103.39722,3.60163],[103.12023,3.61923],[103.00736,3.64216],[102.91932,3.65916],[102.91674,3.65096],[102.92073,3.59508],[102.89972,3.56959],[102.89779,3.54064],[102.87863,3.52506],[102.86585,3.52727],[102.86239,3.499],[102.849,3.47947],[102.81914,3.47313],[102.82283,3.4655],[102.81762,3.45769],[102.81043,3.46056],[102.79745,3.47116],[102.78856,3.46954],[102.78715,3.46754],[102.79115,3.45971],[102.77328,3.45958],[102.77143,3.45414],[102.77344,3.44985],[102.77589,3.42526],[102.79681,3.41045],[102.80631,3.39761],[102.8206,3.38235],[102.82937,3.37983],[102.82606,3.37726],[102.82371,3.35968],[102.85639,3.3187],[102.86071,3.31019],[102.88795,3.27634],[102.91206,3.26948],[102.93117,3.3089],[102.93654,3.30762],[102.95116,3.3118],[102.95623,3.30823],[102.95903,3.29336],[102.98038,3.27735],[103.00395,3.29025],[103.01936,3.28681],[103.06351,3.32601],[103.07795,3.29419],[103.07373,3.27766],[103.10532,3.24121],[103.11223,3.23936],[103.11472,3.22706],[103.12833,3.20544],[103.11611,3.18896],[103.12439,3.16266],[103.10129,3.14531],[103.10906,3.122],[103.08142,3.11806],[103.06611,3.10297],[103.0792,3.09766],[103.08042,3.08408],[103.10876,3.08323],[103.11922,3.06563],[103.13104,3.06566],[103.13599,3.01672],[103.11558,3.0167],[103.12823,2.99999],[103.12491,2.99018],[103.15316,2.98601],[103.16338,2.95882],[103.23487,2.96565],[103.36554,2.9637],[103.42772,2.94695]]]},"properties":{"state":"Pahang","district":"Pekan","code_state":6,"code_district":6,"code_state_district":"6_6"}},
{"type":"Feature","geometry":{"type":"Polygon","coordinates":[[[101.77835,4.08602],[101.77158,4.08516],[101.76955,4.09962],[101.73952,4.11706],[101.73921,4.10419],[101.71426,4.09577],[101.70106,4.07304],[101.62741,4.09495],[101.61423,4.08104],[101.58053,4.0751],[101.57627,4.06842],[101.55526,4.0278],[101.5733,3.99995],[101.57284,3.91598],[101.60556,3.87603],[101.60165,3.84421],[101.59068,3.8364],[101.59282,3.80317],[101.61345,3.79605],[101.6239,3.77966],[101.62678,3.77064],[101.65385,3.72897],[101.68927,3.7115],[101.72391,3.71369],[101.73671,3.71272],[101.73967,3.70074],[101.76613,3.68457],[101.76703,3.66798],[101.79945,3.61833],[101.80833,3.61586],[101.83692,3.64021],[101.85258,3.6356],[101.88105,3.65296],[101.86294,3.69144],[101.87537,3.6893],[101.89605,3.66331],[101.92581,3.66522],[101.93855,3.65644],[101.94371,3.61954],[101.97638,3.55929],[101.98347,3.56185],[101.98457,3.57092],[101.98965,3.57001],[102.00772,3.56193],[102.01611,3.56478],[102.02861,3.59168],[102.01728,3.61042],[102.02371,3.6241],[102.03393,3.63828],[102.05429,3.64257],[102.04112,3.66088],[102.04442,3.68339],[102.03652,3.68788],[102.03366,3.69229],[102.03881,3.70019],[102.04456,3.71049],[102.05479,3.71561],[102.0585,3.72618],[102.06823,3.73971],[102.07865,3.74283],[102.08201,3.75854],[102.09679,3.79172],[102.09189,3.82041],[102.10637,3.83],[102.10874,3.8335],[102.07569,3.85166],[102.09691,3.9105],[102.08094,3.92274],[102.06435,3.94623],[102.06159,3.96128],[102.06198,3.97259],[102.05088,3.97247],[102.03376,3.98179],[102.01812,3.98285],[101.99837,3.95164],[101.98309,3.92892],[101.95774,3.92202],[101.95589,3.92862],[101.92652,3.94678],[101.92768,3.95979],[101.93804,3.96749],[101.96179,3.9895],[101.95816,4.0097],[101.93888,4.03786],[101.95529,4.07645],[101.95126,4.0892],[101.92788,4.09079],[101.92254,4.09829],[101.9108,4.10427],[101.89542,4.07252],[101.88607,4.07714],[101.88276,4.07614],[101.86351,4.05649],[101.85269,4.02933],[101.81215,4.03599],[101.80793,4.08815],[101.80587,4.10664],[101.79862,4.15347],[101.81208,4.16815],[101.79687,4.18574],[101.78448,4.18546],[101.77355,4.15101],[101.77835,4.08602]]]},"properties":{"state":"Pahang","district":"Raub","code_state":6,"code_district":7,"code_state_district":"6_7"}},
{"type":"Feature","geometry":{"type":"Polygon","coordinates":[[[102.20475,3.86467],[102.1852,3.85942],[102.17793,3.85716],[102.161,3.85726],[102.10874,3.8335],[102.10637,3.83],[102.09212,3.81917],[102.09679,3.79172],[102.08201,3.75854],[102.07865,3.74283],[102.06823,3.73971],[102.0585,3.72618],[102.05479,3.71561],[102.04456,3.71049],[102.03881,3.70019],[102.0339,3.69361],[102.03483,3.68944],[102.04442,3.68339],[102.04112,3.66088],[102.05429,3.64257],[102.03393,3.63828],[102.02371,3.6241],[102.01728,3.61042],[102.02861,3.59168],[102.01611,3.56478],[102.01878,3.55242],[102.02137,3.56572],[102.03599,3.54484],[102.06082,3.51001],[102.05728,3.5064],[102.05643,3.50261],[102.06024,3.49774],[102.08462,3.4969],[102.10495,3.47909],[102.09647,3.3977],[102.11782,3.35156],[102.12649,3.35322],[102.13529,3.34756],[102.14826,3.36334],[102.20583,3.37698],[102.21836,3.3868],[102.22804,3.39225],[102.24423,3.37752],[102.25949,3.37675],[102.31475,3.35605],[102.31546,3.35486],[102.31904,3.35868],[102.31983,3.36864],[102.32697,3.37666],[102.33686,3.37394],[102.34949,3.36939],[102.35744,3.37363],[102.3642,3.38166],[102.37389,3.3714],[102.47304,3.36557],[102.48197,3.41695],[102.50296,3.41638],[102.50425,3.47011],[102.5056,3.47655],[102.49337,3.50015],[102.48556,3.51121],[102.49494,3.56288],[102.49136,3.59032],[102.48025,3.59574],[102.49182,3.62301],[102.47648,3.64753],[102.48406,3.65653],[102.48068,3.68691],[102.46435,3.70475],[102.4721,3.71749],[102.43918,3.72302],[102.44202,3.73011],[102.43921,3.73234],[102.42767,3.73954],[102.41832,3.74294],[102.40614,3.75641],[102.39852,3.75148],[102.39591,3.75413],[102.39223,3.75463],[102.38846,3.76572],[102.36375,3.81443],[102.31464,3.81501],[102.30728,3.80162],[102.29562,3.83525],[102.28317,3.8403],[102.24462,3.82604],[102.24002,3.84949],[102.2434,3.86604],[102.21093,3.85753],[102.2131,3.83459],[102.19698,3.8323],[102.20364,3.85993],[102.20475,3.86467]]]},"properties":{"state":"Pahang","district":"Temerloh","code_state":6,"code_district":8,"code_state_district":"6_8"}},
{"type":"Feature","geometry":{"type":"MultiPolygon","coordinates":[[[[102.74883,3.3807],[102.73492,3.38108],[102.72692,3.33421],[102.70333,3.31877],[102.69504,3.29882],[102.69846,3.29025],[102.70099,3.26806],[102.7102,3.2595],[102.72151,3.256],[102.73658,3.22045],[102.79703,3.18263],[102.80305,3.17235],[102.75083,3.14844],[102.74245,3.15418],[102.73655,3.15286],[102.7308,3.14688],[102.7324,3.13538],[102.72377,3.1215],[102.73263,3.11647],[102.74666,3.12721],[102.7493,3.12455],[102.74665,3.12065],[102.75096,3.11259],[102.74116,3.10237],[102.74304,3.08189],[102.77295,3.05188],[102.78524,3.04935],[102.78591,3.04641],[102.77836,3.0307],[102.7561,2.99063],[102.75908,2.91748],[102.74501,2.90889],[102.75087,2.89557],[102.73892,2.86394],[102.78134,2.80763],[102.79434,2.80348],[102.97169,2.59392],[103.1483,2.52028],[103.28889,2.57795],[103.3551,2.59039],[103.41821,2.55212],[103.45259,2.54668],[103.47171,2.52657],[103.60773,2.45784],[103.60885,2.45858],[103.60765,2.46802],[103.60905,2.47083],[103.61299,2.46444],[103.61697,2.4621],[103.62692,2.46485],[103.63795,2.48738],[103.61615,2.51766],[103.62341,2.5328],[103.59171,2.52733],[103.59518,2.54469],[103.59216,2.54708],[103.609,2.5621],[103.61276,2.55351],[103.61421,2.5724],[103.60954,2.57485],[103.60128,2.5647],[103.59768,2.56672],[103.60542,2.58462],[103.60994,2.58551],[103.62319,2.58612],[103.61015,2.59351],[103.62458,2.60326],[103.62361,2.60734],[103.61296,2.61512],[103.61179,2.61923],[103.6133,2.62187],[103.61995,2.62504],[103.62056,2.62776],[103.61839,2.6303],[103.61069,2.65119],[103.60369,2.64968],[103.59953,2.64617],[103.59955,2.64279],[103.60339,2.63364],[103.59991,2.63113],[103.593,2.6337],[103.58728,2.65035],[103.58944,2.65669],[103.59514,2.66106],[103.60295,2.66092],[103.60956,2.65759],[103.61425,2.65283],[103.61755,2.6522],[103.63203,2.6587],[103.63003,2.6637],[103.47825,2.82544],[103.45119,2.86833],[103.42772,2.94695],[103.36554,2.9637],[103.23487,2.96565],[103.16338,2.95882],[103.15316,2.98601],[103.12491,2.99018],[103.12823,2.99999],[103.11558,3.0167],[103.13599,3.01672],[103.13104,3.06566],[103.11922,3.06563],[103.10876,3.08323],[103.08042,3.08408],[103.0792,3.09766],[103.06611,3.10297],[103.08142,3.11806],[103.10906,3.122],[103.10129,3.14531],[103.12439,3.16266],[103.11611,3.18896],[103.12833,3.20544],[103.11472,3.22706],[103.11223,3.23936],[103.10532,3.24121],[103.07373,3.27766],[103.07795,3.29419],[103.06351,3.32601],[103.01936,3.28681],[103.00395,3.29025],[102.98038,3.27735],[102.95903,3.29336],[102.95623,3.30823],[102.95116,3.3118],[102.93654,3.30762],[102.93117,3.3089],[102.91206,3.26948],[102.88795,3.27634],[102.86071,3.31019],[102.85639,3.3187],[102.82371,3.35968],[102.82606,3.37726],[102.82292,3.37725],[102.77336,3.36547],[102.74883,3.3807]]],[[[104.17057,2.89702],[104.15671,2.8934],[104.14652,2.8698],[104.16379,2.82591],[104.12112,2.78814],[104.12036,2.74993],[104.1585,2.71712],[104.20513,2.71773],[104.21672,2.72275],[104.22382,2.76714],[104.2059,2.78103],[104.20662,2.7987],[104.2152,2.79982],[104.19433,2.83178],[104.18959,2.87631],[104.17057,2.89702]]],[[[103.97446,2.69978],[103.97538,2.67659],[103.98174,2.67423],[103.98037,2.68522],[103.99316,2.67509],[103.9936,2.69551],[103.97446,2.69978]]],[[[103.95951,2.70132],[103.95095,2.69908],[103.95685,2.68255],[103.96713,2.69095],[103.95951,2.70132]]],[[[104.1071,2.91512],[104.1015,2.9193],[104.1028,2.90558],[104.11489,2.91215],[104.1071,2.91512]]]]},"properties":{"state":"Pahang","district":"Rompin","code_state":6,"code_district":9,"code_state_district":"6_9"}},
{"type":"Feature","geometry":{"type":"Polygon","coordinates":[[[102.49858,3.86511],[102.49702,3.87817],[102.48931,3.88024],[102.48506,3.88567],[102.46639,3.87348],[102.47866,3.85893],[102.45266,3.81233],[102.45758,3.79563],[102.4362,3.77391],[102.44465,3.76384],[102.42908,3.75737],[102.43825,3.75371],[102.42767,3.73954],[102.43921,3.73234],[102.44202,3.73011],[102.43918,3.72302],[102.4721,3.71749],[102.46435,3.70475],[102.48068,3.68691],[102.48406,3.65653],[102.47648,3.64753],[102.49182,3.62301],[102.48025,3.59574],[102.49136,3.59032],[102.49494,3.56288],[102.48556,3.51121],[102.49337,3.50015],[102.50407,3.46444],[102.51201,3.46306],[102.52165,3.46246],[102.57271,3.45536],[102.58971,3.43618],[102.58147,3.40701],[102.59255,3.39374],[102.6282,3.39694],[102.65736,3.3765],[102.66316,3.35491],[102.68259,3.35242],[102.68596,3.34319],[102.69099,3.31643],[102.70086,3.31543],[102.70333,3.31877],[102.72692,3.33421],[102.73492,3.38108],[102.74883,3.3807],[102.77336,3.36547],[102.82292,3.37725],[102.82937,3.37983],[102.8206,3.38235],[102.80631,3.39761],[102.79681,3.41045],[102.77589,3.42526],[102.77344,3.44985],[102.77147,3.45341],[102.77281,3.45921],[102.78971,3.45876],[102.7914,3.46019],[102.78732,3.46815],[102.79745,3.47116],[102.81043,3.46056],[102.81762,3.45769],[102.82283,3.4655],[102.81914,3.47313],[102.849,3.47947],[102.86239,3.499],[102.86585,3.52727],[102.87863,3.52506],[102.89779,3.54064],[102.89972,3.56959],[102.92073,3.59508],[102.91674,3.65096],[102.91018,3.67124],[102.85986,3.72082],[102.82587,3.69917],[102.82762,3.71531],[102.8014,3.73399],[102.79733,3.76194],[102.76847,3.75717],[102.75785,3.74941],[102.70898,3.81815],[102.70843,3.83437],[102.64856,3.85236],[102.63109,3.8526],[102.62315,3.84169],[102.61732,3.8536],[102.56238,3.83427],[102.54831,3.85116],[102.51287,3.82792],[102.49858,3.86511]]]},"properties":{"state":"Pahang","district":"Maran","code_state":6,"code_district":10,"code_state_district":"6_10"}},
{"type":"Feature","geometry":{"type":"Polygon","coordinates":[[[102.52165,3.46246],[102.51201,3.46306],[102.50407,3.46444],[102.50296,3.41638],[102.48197,3.41695],[102.47304,3.36557],[102.37389,3.3714],[102.3642,3.38166],[102.35744,3.37363],[102.34949,3.36939],[102.33686,3.37394],[102.32697,3.37666],[102.31983,3.36864],[102.31904,3.35868],[102.31546,3.35486],[102.32019,3.35112],[102.33258,3.32792],[102.34345,3.32209],[102.30363,3.29282],[102.30597,3.27192],[102.29118,3.25524],[102.29806,3.21739],[102.27328,3.19099],[102.294,3.17256],[102.31306,3.17211],[102.31351,3.15636],[102.29251,3.13744],[102.38901,3.11847],[102.46634,3.01947],[102.66625,2.88541],[102.67978,2.89561],[102.69038,2.87755],[102.69385,2.85367],[102.69507,2.8321],[102.69927,2.83292],[102.78134,2.80763],[102.73892,2.86394],[102.75087,2.89557],[102.74501,2.90889],[102.75908,2.91748],[102.7561,2.99063],[102.77836,3.0307],[102.78596,3.04528],[102.78559,3.04853],[102.77295,3.05188],[102.74304,3.08189],[102.74116,3.10237],[102.75096,3.11259],[102.74665,3.12065],[102.7493,3.12455],[102.74666,3.12721],[102.73263,3.11647],[102.72377,3.1215],[102.7324,3.13538],[102.73026,3.1451],[102.7348,3.15171],[102.74166,3.15441],[102.75083,3.14844],[102.80305,3.17235],[102.79703,3.18263],[102.73658,3.22045],[102.72151,3.256],[102.7102,3.2595],[102.70099,3.26806],[102.69846,3.29025],[102.69504,3.29882],[102.70086,3.31543],[102.69099,3.31643],[102.68596,3.34319],[102.68259,3.35242],[102.66316,3.35491],[102.65736,3.3765],[102.6282,3.39694],[102.59255,3.39374],[102.58147,3.40701],[102.58971,3.43618],[102.57271,3.45536],[102.52165,3.46246]]]},"properties":{"state":"Pahang","district":"Bera","code_state":6,"code_district":11,"code_state_district":"6_11"}},
{"type":"Feature","geometry":{"type":"Polygon","coordinates":[[[100.44304,5.44969],[100.4451,5.45241],[100.44223,5.45431],[100.43892,5.45227],[100.44026,5.44463],[100.44055,5.4411],[100.44362,5.43988],[100.44655,5.44046],[100.4393,5.43877],[100.43711,5.43659],[100.43095,5.43178],[100.40051,5.42854],[100.40315,5.4069],[100.38654,5.40664],[100.39079,5.39752],[100.37838,5.39634],[100.37485,5.38709],[100.36319,5.38084],[100.40498,5.3391],[100.40228,5.32037],[100.41932,5.28151],[100.42631,5.28456],[100.43739,5.27469],[100.45326,5.28873],[100.46936,5.28467],[100.46636,5.29139],[100.50396,5.29793],[100.51267,5.29649],[100.51934,5.29834],[100.53256,5.28996],[100.53505,5.28459],[100.52516,5.36898],[100.52655,5.42841],[100.52369,5.42951],[100.52129,5.43414],[100.49896,5.43664],[100.48631,5.43016],[100.4536,5.44574],[100.44617,5.44795],[100.44304,5.44969]]]},"properties":{"state":"Pulau Pinang","district":"Seberang Perai Tengah","code_state":7,"code_district":1,"code_state_district":"7_1"}},
{"type":"Feature","geometry":{"type":"Polygon","coordinates":[[[100.3786,5.58102],[100.37082,5.58631],[100.36739,5.5845],[100.36689,5.57915],[100.3646,5.57611],[100.35841,5.57557],[100.33888,5.5794],[100.33573,5.57479],[100.35671,5.5622],[100.37224,5.53564],[100.38084,5.45683],[100.36329,5.3988],[100.36731,5.38236],[100.3752,5.38748],[100.37838,5.39634],[100.39079,5.39752],[100.38654,5.40664],[100.40315,5.4069],[100.40051,5.42854],[100.43095,5.43178],[100.43711,5.43659],[100.4393,5.43877],[100.44655,5.44046],[100.44362,5.43988],[100.44055,5.4411],[100.44026,5.44463],[100.4388,5.45199],[100.44168,5.45424],[100.4451,5.45241],[100.44304,5.44969],[100.44617,5.44795],[100.4536,5.44574],[100.48631,5.43016],[100.49896,5.43664],[100.52129,5.43414],[100.52369,5.42951],[100.52655,5.42841],[100.52922,5.55645],[100.5259,5.55375],[100.5219,5.55703],[100.48533,5.56982],[100.48452,5.55974],[100.45146,5.56709],[100.43324,5.56005],[100.3786,5.58102]]]},"properties":{"state":"Pulau Pinang","district":"Seberang Perai Utara","code_state":7,"code_district":2,"code_state_district":"7_2"}},
{"type":"Feature","geometry":{"type":"Polygon","coordinates":[[[100.53256,5.28996],[100.51934,5.29834],[100.51267,5.29649],[100.50396,5.29793],[100.46636,5.29139],[100.46936,5.28467],[100.45326,5.28873],[100.43739,5.27469],[100.42631,5.28456],[100.41932,5.28151],[100.40565,5.26571],[100.4322,5.20863],[100.4232,5.20775],[100.41603,5.17587],[100.42643,5.16881],[100.40026,5.12702],[100.4948,5.13358],[100.49766,5.14061],[100.50796,5.1461],[100.55256,5.14372],[100.53505,5.28459],[100.53256,5.28996]]]},"properties":{"state":"Pulau Pinang","district":"Seberang Perai Selatan","code_state":7,"code_district":3,"code_state_district":"7_3"}},
{"type":"Feature","geometry":{"type":"MultiPolygon","coordinates":[[[[100.32499,5.33678],[100.3104,5.30181],[100.32725,5.31908],[100.32499,5.33678]]],[[[100.30499,5.34756],[100.3182,5.39474],[100.34572,5.41959],[100.30826,5.44045],[100.30952,5.46452],[100.27936,5.46706],[100.27634,5.4787],[100.25719,5.48431],[100.23834,5.46376],[100.24194,5.45708],[100.24213,5.45211],[100.24678,5.41667],[100.24299,5.40392],[100.24018,5.3883],[100.24299,5.37938],[100.25859,5.38125],[100.25932,5.35461],[100.27919,5.3313],[100.29434,5.3337],[100.30499,5.34756]]]]},"properties":{"state":"Pulau Pinang","district":"Timur Laut","code_state":7,"code_district":4,"code_state_district":"7_4"}},
{"type":"Feature","geometry":{"type":"Polygon","coordinates":[[[100.23834,5.46376],[100.20835,5.46097],[100.18517,5.47952],[100.17591,5.47226],[100.18541,5.45477],[100.17838,5.43443],[100.19676,5.42205],[100.18781,5.37817],[100.19778,5.31153],[100.184,5.30489],[100.18354,5.27044],[100.19087,5.28091],[100.23083,5.28674],[100.24658,5.2742],[100.26451,5.2788],[100.28367,5.25839],[100.29352,5.28109],[100.2864,5.29774],[100.31539,5.34261],[100.30499,5.34756],[100.29434,5.3337],[100.27919,5.3313],[100.25932,5.35461],[100.25859,5.38125],[100.24299,5.37938],[100.24018,5.3883],[100.24299,5.40392],[100.24678,5.41667],[100.24213,5.45211],[100.24194,5.45708],[100.23834,5.46376]]]},"properties":{"state":"Pulau Pinang","district":"Barat Daya","code_state":7,"code_district":5,"code_state_district":"7_5"}},
{"type":"Feature","geometry":{"type":"Polygon","coordinates":[[[101.10622,4.18234],[101.13297,4.14654],[101.16405,4.1423],[101.1479,4.11418],[101.23725,4.02953],[101.24439,3.84357],[101.26045,3.84609],[101.3082,3.82051],[101.31902,3.8045],[101.33894,3.82394],[101.37329,3.82276],[101.37673,3.8242],[101.38071,3.82846],[101.38328,3.83944],[101.38153,3.84364],[101.38211,3.84667],[101.37482,3.86572],[101.37927,3.88301],[101.36219,3.89399],[101.42922,3.95769],[101.46159,3.95616],[101.45541,3.98095],[101.47087,4.00508],[101.45917,4.0267],[101.48732,4.03764],[101.50743,4.11413],[101.51432,4.11784],[101.49394,4.16131],[101.50736,4.20576],[101.45064,4.22306],[101.4634,4.25471],[101.44325,4.27247],[101.44832,4.31234],[101.44381,4.31719],[101.44167,4.33027],[101.42029,4.34301],[101.44297,4.37654],[101.43672,4.38925],[101.40981,4.38986],[101.39056,4.4076],[101.3574,4.39467],[101.35175,4.42574],[101.33281,4.42976],[101.32304,4.42161],[101.31417,4.39486],[101.31466,4.37685],[101.31056,4.36531],[101.29904,4.35702],[101.29678,4.34951],[101.29066,4.34096],[101.28735,4.33795],[101.26531,4.34056],[101.24662,4.34759],[101.23504,4.34695],[101.2305,4.34414],[101.20324,4.334],[101.19529,4.32425],[101.19476,4.29284],[101.19655,4.28522],[101.18688,4.28578],[101.16625,4.27729],[101.14911,4.25682],[101.14486,4.26303],[101.10739,4.248],[101.0675,4.24858],[101.1008,4.17813],[101.10622,4.18234]]]},"properties":{"state":"Perak","district":"Batang Padang","code_state":8,"code_district":1,"code_state_district":"8_1"}},
{"type":"Feature","geometry":{"type":"MultiPolygon","coordinates":[[[[100.55154,4.19846],[100.54474,4.20174],[100.54466,4.18789],[100.55154,4.19846]]],[[[100.56279,4.24996],[100.55055,4.26541],[100.54027,4.26377],[100.54967,4.25256],[100.53954,4.24554],[100.54891,4.23797],[100.54839,4.2122],[100.56056,4.21102],[100.56734,4.19061],[100.58535,4.18883],[100.57723,4.23627],[100.56279,4.24996]]],[[[100.64643,4.52848],[100.62787,4.53735],[100.61394,4.52118],[100.6118,4.43679],[100.57296,4.43141],[100.58487,4.37628],[100.55635,4.30844],[100.57382,4.31081],[100.5844,4.29445],[100.59297,4.23852],[100.5852,4.22677],[100.60981,4.21377],[100.59623,4.20548],[100.61037,4.21117],[100.60187,4.19799],[100.61399,4.16704],[100.60052,4.15666],[100.59034,4.16528],[100.6053,4.14756],[100.60204,4.1549],[100.62324,4.16437],[100.62777,4.13402],[100.63819,4.15487],[100.65601,4.15474],[100.65916,4.16924],[100.70747,4.14744],[100.72579,4.11644],[100.76308,4.08522],[100.76443,4.05937],[100.76086,4.0423],[100.75802,4.01186],[100.76405,4.00313],[100.76988,4.00141],[100.77643,4.00309],[100.79055,4.01205],[100.80893,4.03461],[100.82188,4.04429],[100.82174,4.05027],[100.82883,4.05161],[100.81411,4.08255],[100.80176,4.07908],[100.7887,4.11823],[100.76702,4.12534],[100.76451,4.13841],[100.78382,4.16918],[100.78073,4.18625],[100.80127,4.20711],[100.80362,4.27498],[100.82778,4.29056],[100.82443,4.35435],[100.8108,4.34669],[100.79881,4.35343],[100.79865,4.37134],[100.80928,4.3797],[100.80757,4.47725],[100.82223,4.48282],[100.8316,4.47418],[100.84026,4.48583],[100.8532,4.48437],[100.86264,4.50765],[100.85773,4.55107],[100.85593,4.55218],[100.77314,4.53397],[100.77238,4.53215],[100.73919,4.52209],[100.64643,4.52848]]]]},"properties":{"state":"Perak","district":"Manjung","code_state":8,"code_district":2,"code_state_district":"8_2"}},
{"type":"Feature","geometry":{"type":"Polygon","coordinates":[[[101.13943,4.77974],[101.12232,4.78313],[101.05792,4.75907],[101.0342,4.71239],[101.0426,4.69596],[101.03118,4.69287],[101.01291,4.64615],[101.01066,4.63982],[101.01294,4.62833],[101.0136,4.59229],[100.99839,4.56361],[100.99664,4.55525],[100.98572,4.53749],[100.96015,4.47964],[100.9468,4.3896],[100.98071,4.38637],[100.97167,4.37239],[100.99001,4.36036],[101.01009,4.34288],[101.01507,4.31998],[101.00977,4.30914],[101.01271,4.29746],[101.00189,4.28991],[100.99878,4.29027],[101.00502,4.26743],[101.008,4.25149],[101.04617,4.25407],[101.07121,4.24804],[101.07394,4.25284],[101.0799,4.25711],[101.08051,4.26261],[101.08149,4.27172],[101.07057,4.31228],[101.08019,4.3337],[101.07957,4.37645],[101.06282,4.3851],[101.05118,4.41728],[101.06346,4.42989],[101.05445,4.44847],[101.06861,4.44857],[101.08596,4.43668],[101.08393,4.45544],[101.11725,4.45977],[101.11123,4.46382],[101.1267,4.46847],[101.12626,4.4823],[101.11769,4.47933],[101.12228,4.49314],[101.15573,4.48626],[101.16574,4.49892],[101.2669,4.53815],[101.35763,4.53925],[101.35695,4.54471],[101.3486,4.59222],[101.36046,4.60059],[101.36588,4.60707],[101.36922,4.61834],[101.37469,4.62888],[101.36952,4.63447],[101.36409,4.63581],[101.35481,4.66021],[101.33964,4.67762],[101.31732,4.67974],[101.29558,4.6915],[101.28493,4.71464],[101.26965,4.71799],[101.267,4.73537],[101.24956,4.73521],[101.23111,4.75635],[101.21463,4.75169],[101.19279,4.77311],[101.17063,4.77601],[101.13943,4.77974]]]},"properties":{"state":"Perak","district":"Kinta","code_state":8,"code_district":3,"code_state_district":"8_3"}},
{"type":"Feature","geometry":{"type":"Polygon","coordinates":[[[100.62647,5.1388],[100.62453,5.13562],[100.61988,5.13315],[100.61067,5.13403],[100.59225,5.12069],[100.58853,5.09707],[100.555,5.07718],[100.54863,5.08549],[100.55612,5.0919],[100.5165,5.09451],[100.52041,5.11796],[100.51094,5.12719],[100.50519,5.11853],[100.49922,5.1277],[100.4948,5.13358],[100.40026,5.12702],[100.36107,5.08652],[100.39188,5.01573],[100.42603,4.98261],[100.4391,4.92605],[100.45163,4.914],[100.47605,4.92802],[100.50292,4.91432],[100.48663,4.89443],[100.5005,4.86662],[100.54446,4.88274],[100.56568,4.85857],[100.58648,4.84219],[100.6211,4.84017],[100.62734,4.85133],[100.62324,4.86086],[100.62733,4.87026],[100.63442,4.8693],[100.63623,4.89631],[100.68114,4.91627],[100.68659,4.92042],[100.6924,4.92141],[100.70906,4.92876],[100.7253,4.95146],[100.7356,4.9799],[100.73371,5.01074],[100.72397,5.07555],[100.7203,5.08169],[100.71956,5.09732],[100.70094,5.08827],[100.69173,5.09981],[100.69189,5.12709],[100.63364,5.12926],[100.62647,5.1388]]]},"properties":{"state":"Perak","district":"Kerian","code_state":8,"code_district":4,"code_state_district":"8_4"}},
{"type":"Feature","geometry":{"type":"Polygon","coordinates":[[[101.32654,5.05038],[101.31955,5.04447],[101.28932,5.06514],[101.27247,5.05482],[101.24793,5.07273],[101.19306,5.05278],[101.17415,5.06673],[101.1397,5.0631],[101.0964,5.0761],[101.04728,5.02014],[101.02828,4.97183],[101.01897,4.9691],[100.98967,4.98073],[100.96129,4.97402],[100.93584,4.98299],[100.91105,4.98096],[100.87323,4.96612],[100.8701,4.95738],[100.874,4.9495],[100.85623,4.93471],[100.86788,4.92263],[100.85642,4.9098],[100.85694,4.88847],[100.80662,4.85657],[100.80501,4.79085],[100.81519,4.76867],[100.78201,4.70484],[100.78669,4.69174],[100.8072,4.68216],[100.80061,4.6785],[100.80397,4.66247],[100.80641,4.64911],[100.80584,4.63643],[100.79012,4.58662],[100.77563,4.58257],[100.7494,4.54469],[100.73948,4.52274],[100.77238,4.53214],[100.77314,4.53397],[100.85593,4.55218],[100.89271,4.55891],[100.9055,4.56335],[100.92449,4.55318],[100.99537,4.55394],[100.99839,4.56361],[101.0136,4.59229],[101.01294,4.62833],[101.01066,4.63982],[101.01291,4.64615],[101.03118,4.69287],[101.0426,4.69596],[101.0342,4.71239],[101.05792,4.75907],[101.12232,4.78313],[101.13943,4.77974],[101.17063,4.77601],[101.19279,4.77311],[101.21463,4.75169],[101.23111,4.75635],[101.24956,4.73521],[101.267,4.73537],[101.26965,4.71799],[101.28493,4.71464],[101.29558,4.6915],[101.31732,4.67974],[101.33475,4.68108],[101.34474,4.71049],[101.37562,4.70455],[101.38672,4.71697],[101.37361,4.75888],[101.39505,4.76063],[101.41252,4.8009],[101.40029,4.83253],[101.41023,4.85437],[101.4455,4.85815],[101.43555,4.87456],[101.45321,4.8921],[101.44579,4.93596],[101.44351,4.94211],[101.44489,4.95765],[101.42587,4.97214],[101.42222,4.98443],[101.41559,4.98007],[101.4026,4.98635],[101.36397,4.97107],[101.36561,5.02461],[101.3467,5.04351],[101.32654,5.05038]]]},"properties":{"state":"Perak","district":"Kuala Kangsar","code_state":8,"code_district":5,"code_state_district":"8_5"}},
{"type":"Feature","geometry":{"type":"Polygon","coordinates":[[[100.75887,5.09685],[100.75513,5.10228],[100.73482,5.09694],[100.72397,5.07555],[100.73371,5.01074],[100.7356,4.9799],[100.7253,4.95146],[100.70906,4.92876],[100.6924,4.92141],[100.68659,4.92042],[100.68114,4.91627],[100.63623,4.89631],[100.63442,4.8693],[100.62806,4.87077],[100.62386,4.86315],[100.6233,4.85949],[100.62746,4.85227],[100.6211,4.84017],[100.58648,4.84219],[100.56568,4.85857],[100.54821,4.83443],[100.55784,4.803],[100.5894,4.77175],[100.57492,4.74546],[100.58369,4.72548],[100.57791,4.69825],[100.59006,4.66567],[100.61329,4.65176],[100.58342,4.6152],[100.58253,4.57205],[100.64643,4.52848],[100.73919,4.52209],[100.7494,4.54469],[100.77563,4.58257],[100.79012,4.58662],[100.80584,4.63643],[100.80641,4.64911],[100.80397,4.66247],[100.80061,4.6785],[100.8072,4.68216],[100.78669,4.69174],[100.78201,4.70484],[100.81519,4.76867],[100.80501,4.79085],[100.80662,4.85657],[100.85694,4.88847],[100.85642,4.9098],[100.86788,4.92263],[100.85623,4.93471],[100.874,4.9495],[100.8701,4.95738],[100.87874,4.98817],[100.88601,4.99118],[100.88627,5.00136],[100.89308,5.0065],[100.88994,5.01466],[100.87889,5.03158],[100.88501,5.04927],[100.91378,5.07257],[100.91645,5.08394],[100.91025,5.09038],[100.87543,5.07838],[100.86206,5.08587],[100.85239,5.09193],[100.83217,5.08218],[100.75887,5.09685]]]},"properties":{"state":"Perak","district":"Larut Dan Matang","code_state":8,"code_district":6,"code_state_district":"8_6"}},
{"type":"Feature","geometry":{"type":"Polygon","coordinates":[[[100.963,4.03977],[100.93314,4.05835],[100.92427,4.06448],[100.91929,4.05855],[100.93036,4.03155],[100.91228,4.0262],[100.89983,4.00578],[100.89419,4.01511],[100.88619,4.01049],[100.89835,3.99753],[100.88227,3.97426],[100.90129,3.95754],[100.90813,3.95569],[100.9112,3.95624],[100.9202,3.9633],[100.92761,3.96684],[100.93293,3.96442],[100.94017,3.94714],[100.94403,3.94348],[100.95267,3.94219],[100.95922,3.9449],[100.98505,3.92058],[101.00289,3.90947],[101.10734,3.88154],[101.22772,3.86965],[101.24384,3.85322],[101.23929,3.93957],[101.23725,4.02953],[101.1479,4.11418],[101.16405,4.1423],[101.13297,4.14654],[101.10622,4.18234],[101.08708,4.1661],[101.0244,4.1235],[101.0015,4.06058],[100.97823,4.06307],[100.97732,4.04678],[100.963,4.03977]]]},"properties":{"state":"Perak","district":"Hilir Perak","code_state":8,"code_district":7,"code_state_district":"8_7"}},
{"type":"Feature","geometry":{"type":"Polygon","coordinates":[[[101.67288,5.78528],[101.65823,5.8128],[101.65955,5.8746],[101.62928,5.87441],[101.6148,5.90993],[101.58981,5.91568],[101.58314,5.93213],[101.51792,5.90277],[101.48605,5.88253],[101.48396,5.86994],[101.39151,5.87583],[101.37343,5.83383],[101.34023,5.81132],[101.30981,5.80338],[101.28763,5.81592],[101.27139,5.80497],[101.25385,5.76838],[101.26221,5.73225],[101.25177,5.6988],[101.21891,5.68758],[101.2149,5.66126],[101.17195,5.64745],[101.16661,5.63287],[101.13492,5.61403],[101.11972,5.67085],[101.09835,5.70326],[101.08056,5.71257],[101.08342,5.72188],[101.06357,5.72817],[101.06154,5.74495],[101.0366,5.73899],[100.99543,5.78673],[100.98309,5.77593],[100.96186,5.77758],[100.94254,5.76547],[100.95741,5.74013],[100.9711,5.72902],[100.9789,5.72435],[100.97777,5.71749],[100.96626,5.64937],[100.94199,5.65128],[100.9477,5.63092],[100.9245,5.6192],[100.92272,5.60362],[100.94593,5.58199],[100.93395,5.56988],[100.93951,5.54073],[100.93416,5.52748],[100.9178,5.49718],[100.9082,5.49511],[100.88514,5.49644],[100.86861,5.47108],[100.86759,5.45714],[100.86703,5.42899],[100.87133,5.42146],[100.88264,5.41208],[100.89516,5.41965],[100.90829,5.41103],[100.9343,5.34079],[100.92665,5.32652],[100.94427,5.29473],[100.94849,5.25743],[100.89057,5.20412],[100.93162,5.15363],[100.9214,5.14528],[100.92922,5.12313],[100.91888,5.09263],[100.91378,5.07257],[100.88501,5.04927],[100.87889,5.03158],[100.88994,5.01466],[100.89308,5.0065],[100.88627,5.00136],[100.88601,4.99118],[100.87874,4.98817],[100.87323,4.96612],[100.91105,4.98096],[100.93584,4.98299],[100.96129,4.97402],[100.98967,4.98073],[101.01897,4.9691],[101.02828,4.97183],[101.04728,5.02014],[101.0964,5.0761],[101.1397,5.0631],[101.17415,5.06673],[101.19306,5.05278],[101.24793,5.07273],[101.27247,5.05482],[101.28932,5.06514],[101.31955,5.04447],[101.32654,5.05038],[101.3467,5.04351],[101.36561,5.02461],[101.36397,4.97107],[101.4026,4.98635],[101.41559,4.98007],[101.42753,4.98804],[101.43925,4.98905],[101.4442,4.99691],[101.47148,5.01454],[101.47421,5.06168],[101.49205,5.08446],[101.49166,5.17164],[101.51431,5.20193],[101.52414,5.27777],[101.54913,5.2706],[101.55038,5.28979],[101.57081,5.29703],[101.57613,5.34144],[101.60056,5.34794],[101.60986,5.39431],[101.61559,5.39102],[101.63715,5.36481],[101.64441,5.36754],[101.65799,5.36781],[101.67364,5.35192],[101.68187,5.36263],[101.70245,5.36084],[101.74025,5.38548],[101.754,5.40826],[101.74538,5.41309],[101.73993,5.43691],[101.74168,5.43875],[101.73358,5.49764],[101.74432,5.51275],[101.74341,5.54],[101.72942,5.54526],[101.71968,5.5397],[101.71616,5.54945],[101.7062,5.54884],[101.70112,5.54746],[101.69308,5.53696],[101.65995,5.54314],[101.64894,5.55495],[101.66988,5.60556],[101.67211,5.62761],[101.64303,5.64304],[101.6515,5.66728],[101.64642,5.70196],[101.6799,5.73791],[101.67288,5.78528]]]},"properties":{"state":"Perak","district":"Hulu Perak","code_state":8,"code_district":8,"code_state_district":"8_8"}},
{"type":"Feature","geometry":{"type":"MultiPolygon","coordinates":[[[[100.80893,4.03461],[100.80718,4.03254],[100.81357,4.03889],[100.80893,4.03461]]],[[[100.82883,4.05161],[100.82174,4.05027],[100.82188,4.04429],[100.84603,4.04609],[100.85674,4.04262],[100.86153,4.03768],[100.86848,4.02402],[100.8698,4.0157],[100.86854,4.00686],[100.86019,3.98834],[100.86083,3.97379],[100.86288,3.96852],[100.86724,3.9655],[100.88132,3.9675],[100.88227,3.97426],[100.89835,3.99753],[100.88619,4.01049],[100.89419,4.01511],[100.89983,4.00578],[100.91228,4.0262],[100.93036,4.03155],[100.91929,4.05855],[100.92427,4.06448],[100.93314,4.05835],[100.963,4.03977],[100.97732,4.04678],[100.97823,4.06307],[101.0015,4.06058],[101.0244,4.1235],[101.08708,4.1661],[101.1008,4.17813],[101.0675,4.24858],[101.04617,4.25407],[101.008,4.25149],[101.00502,4.26743],[100.99878,4.29027],[101.00215,4.29005],[101.01287,4.29801],[101.00977,4.30914],[101.01507,4.31998],[101.01009,4.34288],[100.99001,4.36036],[100.97167,4.37239],[100.98071,4.38637],[100.9468,4.3896],[100.96015,4.47964],[100.98572,4.53749],[100.99537,4.55394],[100.92449,4.55318],[100.9055,4.56335],[100.89271,4.55891],[100.85773,4.55107],[100.86264,4.50765],[100.8532,4.48437],[100.84026,4.48583],[100.8316,4.47418],[100.82223,4.48282],[100.80757,4.47725],[100.80928,4.3797],[100.79865,4.37134],[100.79881,4.35343],[100.8108,4.34669],[100.82443,4.35435],[100.82778,4.29056],[100.80362,4.27498],[100.80127,4.20711],[100.78073,4.18625],[100.78382,4.16918],[100.76451,4.13841],[100.76702,4.12534],[100.7887,4.11823],[100.80176,4.07908],[100.81411,4.08255],[100.82883,4.05161]]]]},"properties":{"state":"Perak","district":"Perak Tengah","code_state":8,"code_district":9,"code_state_district":"8_9"}},
{"type":"Feature","geometry":{"type":"Polygon","coordinates":[[[101.37161,4.5288],[101.35763,4.53925],[101.2669,4.53815],[101.16574,4.49892],[101.15573,4.48626],[101.12228,4.49314],[101.11769,4.47933],[101.12626,4.4823],[101.1267,4.46847],[101.11123,4.46382],[101.11725,4.45977],[101.08393,4.45544],[101.08596,4.43668],[101.06861,4.44857],[101.05439,4.44846],[101.06346,4.42989],[101.05118,4.41728],[101.06282,4.3851],[101.07957,4.37645],[101.08019,4.3337],[101.07057,4.31228],[101.08149,4.27172],[101.08051,4.26261],[101.0799,4.25711],[101.07394,4.25284],[101.07121,4.24804],[101.10739,4.248],[101.14486,4.26303],[101.14911,4.25682],[101.16625,4.27729],[101.18688,4.28578],[101.19627,4.28496],[101.19476,4.29284],[101.19529,4.32425],[101.20324,4.334],[101.2305,4.34414],[101.23504,4.34695],[101.24662,4.34759],[101.26531,4.34056],[101.28735,4.33795],[101.29066,4.34096],[101.29678,4.34951],[101.29904,4.35702],[101.31056,4.36531],[101.31466,4.37685],[101.31417,4.39486],[101.32304,4.42161],[101.33281,4.42976],[101.33074,4.44578],[101.35272,4.45925],[101.36579,4.48507],[101.35861,4.49542],[101.38442,4.50604],[101.37161,4.5288]]]},"properties":{"state":"Perak","district":"Kampar","code_state":8,"code_district":10,"code_state_district":"8_10"}},
{"type":"Feature","geometry":{"type":"Polygon","coordinates":[[[101.33316,3.69017],[101.34532,3.71372],[101.33977,3.72603],[101.3368,3.74884],[101.32779,3.76137],[101.32471,3.76806],[101.32281,3.76697],[101.32067,3.77288],[101.32546,3.77536],[101.32716,3.77872],[101.33085,3.78845],[101.35578,3.80328],[101.37008,3.8],[101.37697,3.79609],[101.38135,3.79236],[101.38577,3.77328],[101.39209,3.77356],[101.40429,3.76559],[101.40333,3.76508],[101.41911,3.75888],[101.42467,3.75239],[101.42694,3.75319],[101.44139,3.75242],[101.45336,3.73017],[101.45659,3.72642],[101.456,3.72482],[101.45975,3.71829],[101.4692,3.71668],[101.5053,3.69252],[101.52581,3.68141],[101.53925,3.68295],[101.5475,3.70239],[101.58171,3.72686],[101.58152,3.73809],[101.60505,3.774],[101.62678,3.77064],[101.6239,3.77966],[101.61345,3.79605],[101.59282,3.80317],[101.59068,3.8364],[101.60165,3.84421],[101.60556,3.87603],[101.57284,3.91598],[101.5733,3.99995],[101.55526,4.0278],[101.57627,4.06842],[101.57709,4.07983],[101.57338,4.09667],[101.53298,4.12605],[101.51756,4.11855],[101.50743,4.11413],[101.48732,4.03764],[101.45917,4.0267],[101.47087,4.00508],[101.45541,3.98095],[101.46159,3.95616],[101.42922,3.95769],[101.36219,3.89399],[101.37927,3.88301],[101.37482,3.86572],[101.38325,3.8406],[101.3821,3.83214],[101.37926,3.82625],[101.37329,3.82276],[101.33894,3.82394],[101.31902,3.8045],[101.3082,3.82051],[101.26045,3.84609],[101.24439,3.84349],[101.25039,3.72929],[101.24386,3.71989],[101.24812,3.71926],[101.24832,3.69248],[101.25253,3.6727],[101.29896,3.67394],[101.30646,3.67603],[101.32072,3.69151],[101.33316,3.69017]]]},"properties":{"state":"Perak","district":"Muallim","code_state":8,"code_district":11,"code_state_district":"8_11"}},
{"type":"Feature","geometry":{"type":"Polygon","coordinates":[[[101.25039,3.72929],[101.24385,3.85322],[101.22772,3.86965],[101.10734,3.88154],[101.00289,3.90947],[100.98505,3.92058],[100.96023,3.94389],[100.95005,3.94213],[100.94522,3.94305],[100.94113,3.946],[100.9371,3.95895],[100.93337,3.96425],[100.92934,3.96613],[100.92469,3.96596],[100.91237,3.95695],[100.90768,3.95587],[100.90129,3.95754],[100.88814,3.967],[100.86566,3.96595],[100.86327,3.96792],[100.86026,3.97598],[100.85945,3.98406],[100.86793,4.00468],[100.86984,4.0165],[100.86889,4.02243],[100.86188,4.03728],[100.85305,4.04442],[100.83985,4.04622],[100.8219,4.04415],[100.80967,4.03538],[100.78846,4.01015],[100.77943,4.00447],[100.77146,4.00164],[100.76339,4.00358],[100.75842,4.01284],[100.73692,4.0187],[100.71427,4.03141],[100.69667,4.01287],[100.69378,3.88665],[100.72318,3.8413],[100.7332,3.84769],[100.78609,3.82368],[100.80777,3.84887],[100.81785,3.85113],[100.81939,3.84935],[100.84737,3.85008],[100.86366,3.85521],[100.88504,3.85429],[100.90781,3.85955],[100.93435,3.87028],[100.94131,3.87042],[100.94496,3.86881],[100.94664,3.86372],[100.94097,3.84427],[100.94022,3.83595],[100.94417,3.83119],[100.94924,3.82938],[100.97695,3.81962],[100.9788,3.80707],[100.95952,3.7955],[100.95976,3.78337],[100.9662,3.77247],[100.97766,3.76951],[100.98516,3.77321],[100.98792,3.7947],[100.99154,3.79886],[100.99674,3.80131],[101.00738,3.79905],[101.02013,3.80521],[101.02547,3.80462],[101.03112,3.79679],[101.03097,3.79292],[101.02727,3.7858],[101.02809,3.78343],[101.04409,3.78595],[101.05188,3.79221],[101.059,3.79479],[101.06068,3.79346],[101.06037,3.78902],[101.05514,3.78099],[101.05922,3.77118],[101.05823,3.75549],[101.06044,3.75377],[101.06375,3.75406],[101.0676,3.76487],[101.07667,3.76738],[101.0854,3.78029],[101.08902,3.78192],[101.08851,3.76632],[101.10117,3.74934],[101.07541,3.75863],[101.07407,3.73515],[101.0816,3.73077],[101.08565,3.74233],[101.09752,3.74444],[101.10025,3.73563],[101.10596,3.7326],[101.11334,3.74584],[101.11977,3.73756],[101.12437,3.73951],[101.12829,3.7531],[101.1321,3.76379],[101.13437,3.76169],[101.13603,3.75287],[101.14501,3.74663],[101.1348,3.73606],[101.15304,3.72878],[101.15447,3.73114],[101.15152,3.74209],[101.15408,3.74476],[101.16284,3.72577],[101.1632,3.74525],[101.17098,3.72878],[101.1903,3.73184],[101.18191,3.72534],[101.17115,3.7197],[101.17507,3.71105],[101.19082,3.72201],[101.19771,3.71767],[101.19766,3.72828],[101.21285,3.70864],[101.23969,3.7199],[101.24386,3.71989],[101.25039,3.72929]]]},"properties":{"state":"Perak","district":"Bagan Datuk","code_state":8,"code_district":12,"code_state_district":"8_12"}},
{"type":"Feature","geometry":{"type":"Polygon","coordinates":[[[100.88264,5.41208],[100.87133,5.42146],[100.86703,5.42899],[100.85368,5.40471],[100.84866,5.35106],[100.81837,5.32106],[100.76179,5.31366],[100.75291,5.31614],[100.73468,5.31031],[100.73819,5.30388],[100.72951,5.2727],[100.72543,5.25957],[100.69235,5.24455],[100.67197,5.19578],[100.62997,5.16105],[100.6289,5.1452],[100.62647,5.1388],[100.63364,5.12926],[100.69189,5.12709],[100.69173,5.09981],[100.70094,5.08827],[100.71956,5.09732],[100.7203,5.08169],[100.73482,5.09694],[100.75513,5.10228],[100.75887,5.09685],[100.83217,5.08218],[100.85239,5.09193],[100.86206,5.08587],[100.87543,5.07838],[100.91025,5.09038],[100.91645,5.08394],[100.91888,5.09263],[100.92922,5.12313],[100.9214,5.14528],[100.93162,5.15363],[100.89057,5.20412],[100.94849,5.25743],[100.94427,5.29473],[100.92665,5.32652],[100.9343,5.34079],[100.90829,5.41103],[100.89516,5.41965],[100.88264,5.41208]]]},"properties":{"state":"Perak","district":"Selama","code_state":8,"code_district":13,"code_state_district":"8_13"}},
{"type":"Feature","geometry":{"type":"Polygon","coordinates":[[[100.37136,6.53059],[100.35232,6.57065],[100.30439,6.60786],[100.32472,6.62052],[100.31781,6.63835],[100.32725,6.66387],[100.29436,6.68229],[100.29274,6.70922],[100.26456,6.70023],[100.25869,6.71112],[100.25134,6.69673],[100.22958,6.69454],[100.2033,6.72558],[100.18817,6.71677],[100.17199,6.69309],[100.18025,6.65792],[100.16841,6.64739],[100.16726,6.62305],[100.18354,6.57609],[100.1765,6.56816],[100.15656,6.57639],[100.15847,6.47778],[100.12029,6.42166],[100.16808,6.29157],[100.19923,6.25713],[100.203,6.2698],[100.20377,6.2786],[100.20536,6.29196],[100.30693,6.4093],[100.36356,6.45365],[100.37136,6.53059]]]},"properties":{"state":"Perlis","district":"Perlis","code_state":9,"code_district":1,"code_state_district":"9_1"}},
{"type":"Feature","geometry":{"type":"Polygon","coordinates":[[[101.46291,3.4],[101.45994,3.40278],[101.44343,3.39724],[101.44505,3.33441],[101.42964,3.30537],[101.46158,3.2999],[101.46176,3.27607],[101.49196,3.27626],[101.49234,3.23104],[101.49701,3.2252],[101.51358,3.22068],[101.54612,3.22137],[101.55981,3.23158],[101.5908,3.20402],[101.6174,3.21036],[101.63617,3.21903],[101.64032,3.23452],[101.65756,3.24396],[101.67329,3.23577],[101.71488,3.21596],[101.73033,3.23641],[101.73981,3.23664],[101.73964,3.2262],[101.74158,3.21746],[101.75106,3.20345],[101.75657,3.19969],[101.75532,3.18322],[101.73274,3.18123],[101.73182,3.17608],[101.73457,3.16784],[101.73924,3.16554],[101.75809,3.16342],[101.77897,3.15122],[101.78738,3.16264],[101.8098,3.15552],[101.80208,3.18927],[101.81392,3.22687],[101.82777,3.25183],[101.84368,3.27656],[101.85288,3.27981],[101.82388,3.29936],[101.79654,3.33605],[101.77944,3.34646],[101.78109,3.35344],[101.76959,3.36538],[101.7571,3.37516],[101.7433,3.37619],[101.73411,3.38113],[101.71624,3.38993],[101.69848,3.35498],[101.67881,3.34024],[101.66891,3.32917],[101.64912,3.3371],[101.63783,3.32388],[101.61506,3.32436],[101.59063,3.3298],[101.58964,3.34358],[101.57733,3.34094],[101.50136,3.3519],[101.46291,3.4]]]},"properties":{"state":"Selangor","district":"Gombak","code_state":10,"code_district":1,"code_state_district":"10_1"}},
{"type":"Feature","geometry":{"type":"MultiPolygon","coordinates":[[[[101.47345,3.16201],[101.43297,3.18929],[101.42695,3.19372],[101.40042,3.1935],[101.36884,3.18776],[101.36874,3.17758],[101.34153,3.17724],[101.34157,3.16338],[101.3059,3.16806],[101.31611,3.11652],[101.32721,3.11583],[101.35774,3.07806],[101.36047,3.00315],[101.38507,3.00212],[101.39305,2.99237],[101.35778,2.92787],[101.36762,2.90733],[101.3781,2.91059],[101.40218,2.95418],[101.41926,2.97878],[101.43838,2.96552],[101.42255,2.95372],[101.52504,2.95144],[101.55159,2.96395],[101.5513,2.95675],[101.577,2.97983],[101.56463,2.97876],[101.54638,3.01487],[101.5577,3.01365],[101.55207,3.02523],[101.54635,3.03172],[101.54102,3.03641],[101.52748,3.04617],[101.53087,3.03097],[101.51199,3.04351],[101.49868,3.04039],[101.49116,3.06302],[101.48144,3.05964],[101.47676,3.08632],[101.44404,3.09375],[101.442,3.11071],[101.45582,3.12085],[101.45158,3.13944],[101.47345,3.16201]]],[[[101.35504,2.99348],[101.31004,2.96232],[101.26932,2.89278],[101.27804,2.88068],[101.318,2.91233],[101.3266,2.91065],[101.34176,2.89448],[101.34698,2.89746],[101.3352,2.92443],[101.35103,2.93359],[101.36592,2.96894],[101.38933,2.99131],[101.35504,2.99348]]],[[[101.3273,3.06872],[101.30741,3.06655],[101.2942,3.0498],[101.26223,2.97661],[101.26245,2.95191],[101.28887,2.97601],[101.33768,3.00034],[101.33595,3.06211],[101.3273,3.06872]]],[[[101.25906,3.05942],[101.22894,3.04173],[101.2168,3.00692],[101.25702,3.01941],[101.27427,3.03659],[101.27403,3.04992],[101.25906,3.05942]]],[[[101.25531,2.93797],[101.25325,2.96509],[101.23174,2.94678],[101.23392,2.89921],[101.25535,2.90846],[101.25531,2.93797]]],[[[101.2512,3.01474],[101.22204,3.00152],[101.2281,2.99332],[101.22012,2.99326],[101.217,2.96438],[101.25774,2.99882],[101.25928,3.01488],[101.2512,3.01474]]],[[[101.29292,2.95115],[101.30086,2.97413],[101.26299,2.94672],[101.26253,2.91198],[101.29292,2.95115]]],[[[101.30341,2.97561],[101.28977,2.97504],[101.27882,2.96042],[101.29293,2.97306],[101.30341,2.97561]]]]},"properties":{"state":"Selangor","district":"Klang","code_state":10,"code_district":2,"code_state_district":"10_2"}},
{"type":"Feature","geometry":{"type":"Polygon","coordinates":[[[101.577,2.97983],[101.5513,2.95675],[101.55159,2.96395],[101.52504,2.95144],[101.42255,2.95372],[101.43838,2.96552],[101.41926,2.97878],[101.40218,2.95418],[101.37668,2.90539],[101.36583,2.90557],[101.35046,2.92132],[101.33943,2.9211],[101.34902,2.90233],[101.3468,2.8935],[101.34119,2.89235],[101.32601,2.90885],[101.31741,2.90976],[101.28576,2.88055],[101.2923,2.84238],[101.36861,2.81408],[101.41122,2.81008],[101.41042,2.78967],[101.44005,2.75791],[101.47365,2.6968],[101.58929,2.64605],[101.59643,2.65027],[101.59444,2.72921],[101.63164,2.73034],[101.63247,2.75861],[101.68152,2.81765],[101.6453,2.8444],[101.577,2.97983]]]},"properties":{"state":"Selangor","district":"Kuala Langat","code_state":10,"code_district":3,"code_state_district":"10_3"}},
{"type":"Feature","geometry":{"type":"Polygon","coordinates":[[[101.46823,3.48403],[101.40714,3.54604],[101.34873,3.59796],[101.1821,3.53892],[101.10361,3.48205],[101.17413,3.39358],[101.18703,3.35583],[101.232,3.3475],[101.24082,3.32043],[101.30245,3.25726],[101.3059,3.16806],[101.34157,3.16338],[101.34153,3.17724],[101.36874,3.17758],[101.36884,3.18776],[101.40042,3.1935],[101.46209,3.19366],[101.49196,3.18654],[101.49196,3.27626],[101.46176,3.27607],[101.46158,3.2999],[101.42964,3.30537],[101.44505,3.33441],[101.44343,3.39724],[101.45994,3.40278],[101.46823,3.48403]]]},"properties":{"state":"Selangor","district":"Kuala Selangor","code_state":10,"code_district":4,"code_state_district":"10_4"}},
{"type":"Feature","geometry":{"type":"Polygon","coordinates":[[[101.6174,3.21036],[101.5908,3.20402],[101.55981,3.23158],[101.54612,3.22137],[101.51358,3.22068],[101.49701,3.2252],[101.49234,3.23104],[101.49196,3.18654],[101.46209,3.19366],[101.42695,3.19372],[101.47345,3.16201],[101.45158,3.13944],[101.45582,3.12085],[101.442,3.11071],[101.44404,3.09375],[101.47676,3.08632],[101.48144,3.05964],[101.49116,3.06302],[101.49868,3.04039],[101.51199,3.04351],[101.53087,3.03097],[101.52748,3.04617],[101.54102,3.03641],[101.54635,3.03172],[101.55207,3.02523],[101.5577,3.01365],[101.54638,3.01487],[101.56463,2.97876],[101.58541,2.98159],[101.71431,2.987],[101.7179,3.01075],[101.72408,3.01695],[101.73125,3.03426],[101.72938,3.0409],[101.72284,3.03708],[101.71545,3.05742],[101.71166,3.05761],[101.67926,3.04516],[101.65262,3.04972],[101.66073,3.05279],[101.64724,3.07484],[101.66334,3.08921],[101.65912,3.11719],[101.65176,3.11291],[101.64671,3.1301],[101.62879,3.13349],[101.61347,3.15534],[101.61786,3.198],[101.62853,3.21138],[101.6174,3.21036]]]},"properties":{"state":"Selangor","district":"Petaling","code_state":10,"code_district":5,"code_state_district":"10_5"}},
{"type":"Feature","geometry":{"type":"Polygon","coordinates":[[[100.94924,3.82938],[100.94144,3.83338],[100.94006,3.84013],[100.9447,3.85515],[100.94664,3.86372],[100.94552,3.86798],[100.93782,3.87061],[100.90405,3.85831],[100.8884,3.85483],[100.86199,3.85486],[100.84626,3.84972],[100.82809,3.84914],[100.81809,3.85124],[100.82251,3.84602],[100.81096,3.81564],[100.81258,3.78218],[100.8735,3.7675],[100.90506,3.73801],[100.9288,3.69067],[100.95781,3.68231],[101.01981,3.63795],[101.05932,3.5864],[101.10218,3.48674],[101.1821,3.53892],[101.34873,3.59796],[101.34747,3.68902],[101.34008,3.69698],[101.33316,3.69017],[101.32072,3.69151],[101.30646,3.67603],[101.29896,3.67394],[101.25253,3.6727],[101.24832,3.69248],[101.24812,3.71926],[101.23969,3.7199],[101.21285,3.70864],[101.19766,3.72828],[101.19771,3.71767],[101.19082,3.72201],[101.17507,3.71105],[101.17115,3.7197],[101.18191,3.72534],[101.1903,3.73184],[101.17098,3.72878],[101.1632,3.74525],[101.16284,3.72577],[101.15408,3.74476],[101.15182,3.74374],[101.15144,3.73955],[101.15429,3.73221],[101.15362,3.72885],[101.13916,3.73584],[101.1348,3.73606],[101.14501,3.74663],[101.13603,3.75287],[101.13468,3.76111],[101.13278,3.76373],[101.13076,3.76163],[101.12829,3.7531],[101.12437,3.73951],[101.11977,3.73756],[101.11334,3.74584],[101.10596,3.7326],[101.10025,3.73563],[101.09752,3.74444],[101.08565,3.74233],[101.0816,3.73077],[101.07407,3.73515],[101.07541,3.75863],[101.10117,3.74934],[101.08851,3.76632],[101.08902,3.78192],[101.0854,3.78029],[101.07628,3.76699],[101.06669,3.76414],[101.06424,3.75477],[101.06118,3.75334],[101.05828,3.75505],[101.05964,3.7698],[101.05514,3.78099],[101.05639,3.78515],[101.06098,3.78998],[101.06029,3.79408],[101.05551,3.79442],[101.04455,3.78582],[101.02945,3.783],[101.02694,3.78438],[101.03191,3.79499],[101.0281,3.80225],[101.02454,3.80502],[101.01555,3.80392],[101.00552,3.79863],[100.99697,3.80085],[100.99306,3.79991],[100.98696,3.79296],[100.98516,3.77321],[100.97949,3.76987],[100.97199,3.76999],[100.96085,3.78084],[100.95933,3.78889],[100.96205,3.79635],[100.97795,3.80541],[100.97933,3.8079],[100.97915,3.81471],[100.97695,3.81962],[100.94924,3.82938]]]},"properties":{"state":"Selangor","district":"Sabak Bernam","code_state":10,"code_district":6,"code_state_district":"10_6"}},
{"type":"Feature","geometry":{"type":"Polygon","coordinates":[[[101.74656,2.96448],[101.72582,3.00629],[101.72049,3.01464],[101.7179,3.01075],[101.71431,2.987],[101.58541,2.98159],[101.577,2.97983],[101.6453,2.8444],[101.68152,2.81765],[101.63247,2.75861],[101.63164,2.73034],[101.59444,2.72921],[101.59643,2.65027],[101.58929,2.64605],[101.67212,2.61973],[101.69218,2.59888],[101.70974,2.60216],[101.70168,2.61156],[101.72798,2.62056],[101.72428,2.64278],[101.7454,2.65765],[101.73867,2.67658],[101.76121,2.70694],[101.74993,2.87321],[101.78518,2.87223],[101.77926,2.88007],[101.7652,2.88895],[101.74656,2.96448]],[[101.68541,2.97107],[101.70644,2.98313],[101.69829,2.96828],[101.73106,2.95313],[101.73129,2.92907],[101.70635,2.92915],[101.69614,2.89384],[101.67319,2.876],[101.65841,2.89906],[101.67094,2.91906],[101.66333,2.94389],[101.67317,2.94812],[101.66138,2.96365],[101.68541,2.97107]]]},"properties":{"state":"Selangor","district":"Sepang","code_state":10,"code_district":7,"code_state_district":"10_7"}},
{"type":"Feature","geometry":{"type":"Polygon","coordinates":[[[101.87366,3.27477],[101.85288,3.27981],[101.84368,3.27656],[101.82777,3.25183],[101.81392,3.22687],[101.80208,3.18927],[101.8098,3.15552],[101.78738,3.16264],[101.77897,3.15122],[101.75809,3.16342],[101.75058,3.16406],[101.73538,3.13988],[101.73804,3.11636],[101.75368,3.10748],[101.74507,3.08908],[101.74838,3.0573],[101.73075,3.05697],[101.73125,3.03426],[101.72408,3.01695],[101.72049,3.01464],[101.72582,3.00629],[101.74656,2.96448],[101.7652,2.88895],[101.77926,2.88007],[101.78518,2.87223],[101.88177,2.86999],[101.92415,2.97603],[101.92949,2.98268],[101.94079,3.01918],[101.97075,3.0325],[101.94969,3.10823],[101.96545,3.14352],[101.93984,3.18992],[101.94552,3.22744],[101.92258,3.2639],[101.91615,3.2633],[101.91272,3.26453],[101.87366,3.27477]]]},"properties":{"state":"Selangor","district":"Ulu Langat","code_state":10,"code_district":8,"code_state_district":"10_8"}},
{"type":"Feature","geometry":{"type":"Polygon","coordinates":[[[101.42467,3.75239],[101.41911,3.75888],[101.40333,3.76508],[101.40429,3.76559],[101.39209,3.77356],[101.38577,3.77328],[101.38135,3.79236],[101.37697,3.79609],[101.37008,3.8],[101.35578,3.80328],[101.33085,3.78845],[101.32716,3.77872],[101.32546,3.77536],[101.32067,3.77288],[101.32281,3.76697],[101.32471,3.76806],[101.32779,3.76137],[101.3368,3.74884],[101.33977,3.72603],[101.34532,3.71372],[101.33963,3.69822],[101.34747,3.68902],[101.34873,3.59796],[101.40714,3.54604],[101.46823,3.48403],[101.45994,3.40278],[101.46291,3.4],[101.50136,3.3519],[101.57733,3.34094],[101.58964,3.34358],[101.59063,3.3298],[101.61506,3.32436],[101.63783,3.32388],[101.64912,3.3371],[101.66891,3.32917],[101.67881,3.34024],[101.69848,3.35498],[101.71624,3.38993],[101.73411,3.38113],[101.7433,3.37619],[101.7571,3.37516],[101.76215,3.39994],[101.78019,3.41539],[101.78762,3.42168],[101.78994,3.42592],[101.78326,3.432],[101.76071,3.50834],[101.77981,3.54331],[101.80391,3.55318],[101.81419,3.60604],[101.80774,3.61254],[101.79945,3.61833],[101.76703,3.66798],[101.76613,3.68457],[101.73967,3.70074],[101.73569,3.71325],[101.72391,3.71369],[101.68927,3.7115],[101.65385,3.72897],[101.62678,3.77064],[101.60505,3.774],[101.58152,3.73809],[101.58171,3.72686],[101.5475,3.70239],[101.53925,3.68295],[101.52581,3.68141],[101.5053,3.69252],[101.4692,3.71668],[101.45975,3.71829],[101.456,3.72482],[101.45659,3.72642],[101.45336,3.73017],[101.44139,3.75242],[101.42694,3.75319],[101.42467,3.75239]]]},"properties":{"state":"Selangor","district":"Ulu Selangor","code_state":10,"code_district":9,"code_state_district":"10_9"}},
{"type":"Feature","geometry":{"type":"MultiPolygon","coordinates":[[[[102.43645,5.74553],[102.42991,5.73814],[102.38134,5.68181],[102.38501,5.67888],[102.39089,5.63078],[102.40448,5.61273],[102.39987,5.57818],[102.41063,5.54297],[102.38274,5.51698],[102.40593,5.44191],[102.38675,5.42363],[102.38781,5.41001],[102.42321,5.39065],[102.42795,5.37344],[102.44153,5.3685],[102.44478,5.36186],[102.44346,5.36025],[102.44655,5.35863],[102.44716,5.35506],[102.4678,5.34973],[102.48192,5.35884],[102.50975,5.34872],[102.51124,5.3371],[102.52953,5.33199],[102.53094,5.33511],[102.53708,5.34261],[102.54002,5.34442],[102.54581,5.35655],[102.56663,5.36797],[102.58516,5.36674],[102.58541,5.37387],[102.57921,5.38409],[102.5896,5.40186],[102.57771,5.41526],[102.59412,5.42911],[102.59554,5.47974],[102.5912,5.48279],[102.60616,5.50525],[102.60029,5.51224],[102.62157,5.51683],[102.61084,5.5399],[102.62383,5.56171],[102.61673,5.58691],[102.6427,5.59526],[102.66817,5.63773],[102.66588,5.68684],[102.65124,5.71081],[102.67344,5.72397],[102.63016,5.78437],[102.53662,5.8473],[102.48807,5.79058],[102.4341,5.74775],[102.43645,5.74553]]],[[[102.77104,5.9107],[102.76135,5.92379],[102.73926,5.9019],[102.74382,5.87974],[102.75553,5.89429],[102.76993,5.88381],[102.77104,5.9107]]],[[[102.72644,5.93779],[102.71618,5.92095],[102.72387,5.8925],[102.7332,5.9043],[102.72359,5.91815],[102.72644,5.93779]]]]},"properties":{"state":"Terengganu","district":"Besut","code_state":11,"code_district":1,"code_state_district":"11_1"}},
{"type":"Feature","geometry":{"type":"Polygon","coordinates":[[[103.23625,4.90933],[103.23087,4.95458],[103.22868,4.95658],[103.22301,4.95227],[103.20761,4.94156],[103.21164,4.92969],[103.19235,4.92187],[103.17054,4.95041],[103.14637,4.93901],[103.13274,4.94959],[103.11907,4.94666],[103.1155,4.95015],[103.10703,4.94838],[103.10001,4.92688],[103.08091,4.92702],[103.0819,4.864],[103.05396,4.85889],[103.04702,4.86707],[103.02652,4.83481],[102.99475,4.84476],[102.97354,4.8203],[102.94174,4.81047],[102.89361,4.81475],[102.89705,4.75941],[102.88098,4.74571],[102.8477,4.73075],[102.84345,4.70821],[102.84115,4.67964],[102.84147,4.6711],[102.86804,4.64514],[102.86557,4.62802],[102.88228,4.60878],[102.8589,4.60136],[102.87258,4.58172],[102.86869,4.57141],[102.86009,4.5606],[102.84318,4.55862],[102.83824,4.55668],[102.84744,4.49769],[102.87554,4.48279],[102.87978,4.46387],[102.9298,4.46815],[102.95116,4.45186],[102.9571,4.4569],[102.95401,4.46859],[102.96923,4.48087],[102.98887,4.46379],[102.99595,4.45085],[102.99997,4.45094],[103.01222,4.43422],[103.01051,4.42019],[103.01371,4.41147],[103.02594,4.40951],[103.03667,4.43257],[103.04914,4.43946],[103.0822,4.42302],[103.12746,4.44628],[103.15324,4.41955],[103.18729,4.48472],[103.20826,4.49775],[103.22508,4.45718],[103.28144,4.46693],[103.28226,4.49593],[103.29629,4.51741],[103.2912,4.55479],[103.32605,4.57247],[103.34169,4.59901],[103.36259,4.58233],[103.37022,4.58203],[103.37256,4.58608],[103.42959,4.5906],[103.45291,4.5953],[103.43929,4.65455],[103.43194,4.65429],[103.44714,4.65719],[103.44767,4.68876],[103.42301,4.75244],[103.42668,4.77914],[103.39129,4.77518],[103.40888,4.78446],[103.43919,4.78106],[103.38827,4.87714],[103.36844,4.85819],[103.34447,4.85176],[103.30853,4.87892],[103.28744,4.86885],[103.26925,4.89669],[103.23625,4.90933]]]},"properties":{"state":"Terengganu","district":"Dungun","code_state":11,"code_district":2,"code_state_district":"11_2"}},
{"type":"Feature","geometry":{"type":"Polygon","coordinates":[[[103.36259,4.58233],[103.34169,4.59901],[103.32605,4.57247],[103.2912,4.55479],[103.29629,4.51741],[103.28226,4.49593],[103.28144,4.46693],[103.22508,4.45718],[103.20826,4.49775],[103.18729,4.48472],[103.15324,4.41955],[103.12746,4.44628],[103.0822,4.42302],[103.04914,4.43946],[103.03667,4.43257],[103.02594,4.40951],[103.02802,4.40617],[103.02041,4.39311],[103.0068,4.37729],[103.00773,4.34467],[103.01759,4.33479],[102.97029,4.33042],[102.9547,4.29025],[102.93119,4.27853],[102.93536,4.24498],[102.91369,4.21492],[102.92164,4.15779],[102.89256,4.13723],[102.92995,4.09879],[102.96171,4.11372],[102.99527,4.13096],[103.00902,4.12169],[103.01754,4.12095],[103.07158,4.11434],[103.07463,4.10832],[103.07657,4.0956],[103.10852,4.08814],[103.12016,4.08427],[103.12837,4.07123],[103.13498,4.05212],[103.15605,4.04809],[103.17934,4.03143],[103.19115,4.02915],[103.20036,4.04112],[103.21229,4.01291],[103.22647,4.02184],[103.2446,4.01784],[103.24939,3.99101],[103.27567,3.96789],[103.26704,3.94983],[103.30301,3.89284],[103.3157,3.88507],[103.31989,3.89413],[103.30927,3.9238],[103.32842,3.93716],[103.33452,3.94694],[103.33603,3.97007],[103.33361,3.97438],[103.33446,3.98437],[103.32646,4.04991],[103.3075,4.06537],[103.3022,4.08872],[103.30812,4.11003],[103.32401,4.12663],[103.32468,4.14371],[103.32087,4.19689],[103.34488,4.17912],[103.44024,4.1877],[103.44507,4.18128],[103.43675,4.21186],[103.44233,4.23539],[103.45753,4.2389],[103.46047,4.25679],[103.47052,4.25812],[103.49128,4.32062],[103.45635,4.38936],[103.44392,4.47223],[103.44654,4.50681],[103.47535,4.52474],[103.45291,4.5953],[103.42959,4.5906],[103.37256,4.58608],[103.37022,4.58203],[103.36259,4.58233]]]},"properties":{"state":"Terengganu","district":"Kemaman","code_state":11,"code_district":3,"code_state_district":"11_3"}},
{"type":"Feature","geometry":{"type":"Polygon","coordinates":[[[103.17904,5.26254],[103.18633,5.26772],[103.13265,5.34676],[103.10295,5.32418],[103.10113,5.33411],[103.06712,5.35001],[103.04536,5.32342],[102.99711,5.29933],[102.98139,5.30384],[102.99159,5.26635],[102.97771,5.25915],[102.986,5.23731],[102.97936,5.23261],[102.98945,5.22509],[102.99696,5.23128],[103.01872,5.23755],[103.0375,5.23112],[103.03936,5.21848],[103.04744,5.21441],[103.04761,5.21879],[103.06868,5.23087],[103.07973,5.26433],[103.08922,5.26419],[103.11284,5.25685],[103.11858,5.25149],[103.1301,5.23053],[103.12276,5.21591],[103.14065,5.21702],[103.15432,5.25],[103.17435,5.24955],[103.17904,5.26254]]]},"properties":{"state":"Terengganu","district":"Kuala Terengganu","code_state":11,"code_district":4,"code_state_district":"11_4"}},
{"type":"Feature","geometry":{"type":"MultiPolygon","coordinates":[[[[103.08922,5.26419],[103.07973,5.26433],[103.06868,5.23087],[103.04761,5.21879],[103.04762,5.21215],[103.04431,5.20256],[103.05166,5.20223],[103.05572,5.17309],[103.04962,5.15206],[103.07928,5.10937],[103.1005,5.09555],[103.11852,5.10297],[103.13283,5.06588],[103.2026,4.99854],[103.21774,4.96242],[103.23087,4.95458],[103.23625,4.90933],[103.26925,4.89669],[103.28744,4.86885],[103.30853,4.87892],[103.34447,4.85176],[103.36844,4.85819],[103.38827,4.87714],[103.19091,5.23677],[103.17919,5.26148],[103.18633,5.26728],[103.17904,5.26254],[103.17435,5.24955],[103.15432,5.25],[103.14065,5.21702],[103.12276,5.21591],[103.1301,5.23053],[103.11858,5.25149],[103.11284,5.25685],[103.08922,5.26419]]],[[[103.26923,5.20966],[103.26752,5.22983],[103.26133,5.21832],[103.26923,5.20966]]]]},"properties":{"state":"Terengganu","district":"Marang","code_state":11,"code_district":5,"code_state_district":"11_5"}},
{"type":"Feature","geometry":{"type":"Polygon","coordinates":[[[102.62333,5.4719],[102.59554,5.47974],[102.59412,5.42911],[102.57771,5.41526],[102.5896,5.40186],[102.57921,5.38409],[102.58541,5.37387],[102.58516,5.36674],[102.56663,5.36797],[102.54581,5.35655],[102.54002,5.34442],[102.53708,5.34261],[102.53094,5.33511],[102.52953,5.33199],[102.51124,5.3371],[102.50975,5.34872],[102.48192,5.35884],[102.4678,5.34973],[102.44716,5.35506],[102.44655,5.35863],[102.44203,5.36117],[102.42839,5.3521],[102.43018,5.32316],[102.42126,5.31661],[102.4188,5.29553],[102.41652,5.29045],[102.41758,5.27938],[102.41912,5.24008],[102.42416,5.21177],[102.41413,5.18218],[102.4657,5.16582],[102.48454,5.1444],[102.49702,5.13377],[102.5193,5.11468],[102.52762,5.10395],[102.49883,5.07401],[102.51879,5.02591],[102.49752,5.00553],[102.50585,4.97375],[102.52168,4.95887],[102.50772,4.90103],[102.57316,4.89348],[102.59299,4.87102],[102.64976,4.84748],[102.64601,4.81453],[102.66739,4.77773],[102.65707,4.75898],[102.66249,4.75491],[102.68314,4.71493],[102.69912,4.71536],[102.7138,4.69486],[102.72155,4.69321],[102.72967,4.68503],[102.73392,4.6838],[102.74429,4.68824],[102.77701,4.67041],[102.82305,4.68213],[102.84115,4.67964],[102.84345,4.70821],[102.8477,4.73075],[102.88098,4.74571],[102.89705,4.75941],[102.89361,4.81475],[102.94174,4.81047],[102.97354,4.8203],[102.99475,4.84476],[103.02652,4.83481],[103.04702,4.86707],[103.05396,4.85889],[103.0819,4.864],[103.08091,4.92702],[103.10001,4.92688],[103.10703,4.94838],[103.1155,4.95015],[103.11907,4.94666],[103.13274,4.94959],[103.14637,4.93901],[103.17054,4.95041],[103.19235,4.92187],[103.21164,4.92969],[103.20761,4.94156],[103.22301,4.95227],[103.22868,4.95658],[103.21774,4.96242],[103.2026,4.99854],[103.13283,5.06588],[103.11852,5.10297],[103.1005,5.09555],[103.07928,5.10937],[103.04962,5.15206],[103.05572,5.17309],[103.05166,5.20223],[103.04431,5.20256],[103.04744,5.21441],[103.03936,5.21848],[103.0375,5.23112],[103.01872,5.23755],[102.99696,5.23128],[102.96816,5.20487],[102.96046,5.20046],[102.94877,5.20488],[102.94181,5.19953],[102.94086,5.19414],[102.9351,5.19259],[102.92013,5.19212],[102.88595,5.24494],[102.87337,5.2438],[102.85233,5.2666],[102.80021,5.22602],[102.78221,5.22344],[102.72931,5.26007],[102.72677,5.30566],[102.72472,5.32671],[102.71804,5.33658],[102.69893,5.33861],[102.68589,5.34458],[102.68226,5.39811],[102.65601,5.3896],[102.65244,5.43464],[102.62333,5.4719]]]},"properties":{"state":"Terengganu","district":"Hulu Terengganu","code_state":11,"code_district":6,"code_state_district":"11_6"}},
{"type":"Feature","geometry":{"type":"Polygon","coordinates":[[[102.99806,5.50032],[102.99301,5.51425],[102.96039,5.53332],[102.90723,5.54091],[102.8533,5.57228],[102.67344,5.72397],[102.65124,5.71081],[102.66588,5.68684],[102.66817,5.63773],[102.6427,5.59526],[102.61673,5.58691],[102.62383,5.56171],[102.61084,5.5399],[102.62157,5.51683],[102.60029,5.51224],[102.60616,5.50525],[102.5912,5.48279],[102.62333,5.4719],[102.65244,5.43464],[102.65601,5.3896],[102.68226,5.39811],[102.68589,5.34458],[102.69893,5.33861],[102.71804,5.33658],[102.72472,5.32671],[102.72677,5.30566],[102.72931,5.26007],[102.78221,5.22344],[102.80021,5.22602],[102.85233,5.2666],[102.87337,5.2438],[102.88595,5.24494],[102.92013,5.19212],[102.9351,5.19259],[102.94166,5.19502],[102.94063,5.19764],[102.94492,5.20287],[102.9496,5.20503],[102.96816,5.20487],[102.98945,5.22509],[102.96292,5.24508],[102.94522,5.26126],[102.93573,5.26515],[102.93234,5.26903],[102.93441,5.28113],[102.90745,5.30647],[102.93054,5.3196],[102.91753,5.3665],[102.9166,5.40832],[102.91262,5.4249],[102.91511,5.45073],[102.9363,5.43747],[102.99806,5.50032]]]},"properties":{"state":"Terengganu","district":"Setiu","code_state":11,"code_district":7,"code_state_district":"11_7"}},
{"type":"Feature","geometry":{"type":"MultiPolygon","coordinates":[[[[103.13265,5.34676],[103.13974,5.34422],[103.10816,5.3932],[102.99806,5.50032],[102.9363,5.43747],[102.91511,5.45073],[102.91262,5.4249],[102.9166,5.40832],[102.91753,5.3665],[102.93054,5.3196],[102.90745,5.30647],[102.93441,5.28113],[102.93219,5.27006],[102.9342,5.26669],[102.94522,5.26126],[102.96292,5.24508],[102.97936,5.23261],[102.986,5.23731],[102.97771,5.25915],[102.99159,5.26635],[102.98139,5.30384],[102.99711,5.29933],[103.04536,5.32342],[103.06712,5.35001],[103.10113,5.33411],[103.10295,5.32418],[103.13265,5.34676]]],[[[103.0036,5.81052],[102.99292,5.81246],[102.98619,5.78138],[102.99587,5.74743],[103.02763,5.76097],[103.04053,5.78663],[103.0223,5.79164],[103.01246,5.78395],[103.01525,5.80464],[103.0036,5.81052]]],[[[103.06824,5.61559],[103.06588,5.62619],[103.05597,5.62465],[103.05705,5.61051],[103.06824,5.61559]]],[[[102.90075,5.792],[102.89039,5.79952],[102.89274,5.78926],[102.90075,5.792]]]]},"properties":{"state":"Terengganu","district":"Kuala Nerus","code_state":11,"code_district":8,"code_state_district":"11_8"}},
{"type":"Feature","geometry":{"type":"MultiPolygon","coordinates":[[[[117.93129,4.6426],[117.92539,4.64601],[117.91133,4.63476],[117.88096,4.61617],[117.83372,4.59817],[117.83433,4.61964],[117.83257,4.6215],[117.82352,4.61998],[117.82308,4.53529],[117.78195,4.48264],[117.75385,4.4717],[117.71634,4.44981],[117.70469,4.4262],[117.70723,4.42417],[117.71565,4.39501],[117.7366,4.35165],[117.79232,4.35044],[117.80642,4.31071],[117.84437,4.29127],[117.87529,4.24528],[117.92138,4.25156],[117.98435,4.22272],[118.17107,4.30264],[118.17906,4.29327],[118.21834,4.29172],[118.21396,4.29849],[118.23477,4.30864],[118.31407,4.32328],[118.33647,4.34044],[118.32677,4.34863],[118.35112,4.33995],[118.33832,4.35892],[118.29386,4.39318],[118.28435,4.38826],[118.26805,4.41],[118.24684,4.4147],[118.24,4.48734],[118.24274,4.50219],[118.235,4.54486],[118.21599,4.57616],[118.16094,4.6014],[118.11398,4.61062],[118.10068,4.60039],[118.09516,4.61164],[118.05018,4.62933],[118.03576,4.61689],[118.02014,4.62999],[117.95596,4.61039],[117.93129,4.6426]]],[[[117.75007,4.34794],[117.75675,4.33418],[117.79039,4.33251],[117.75007,4.34794]]]]},"properties":{"state":"Sabah","district":"Tawau","code_state":12,"code_district":1,"code_state_district":"12_1"}},
{"type":"Feature","geometry":{"type":"MultiPolygon","coordinates":[[[[118.37801,4.76531],[118.38503,4.75596],[118.38145,4.77675],[118.37801,4.76531]]],[[[118.41246,4.78246],[118.37979,4.80512],[118.35758,4.80463],[118.36958,4.78769],[118.37789,4.79588],[118.37711,4.78394],[118.41246,4.78246]]],[[[118.94077,5.39253],[118.91771,5.39891],[118.90052,5.38666],[118.92474,5.38062],[118.94077,5.39253]]],[[[118.33869,4.97927],[118.34032,4.98961],[118.32284,4.98631],[118.33265,4.96246],[118.30597,4.95932],[118.30241,4.94979],[118.3249,4.94941],[118.38188,4.976],[118.33869,4.97927]]],[[[118.32929,5.01063],[118.32422,5.01711],[118.32128,5.00247],[118.32929,5.01063]]],[[[118.12902,4.85745],[118.12528,4.87905],[118.15751,4.88541],[118.16219,4.90578],[118.19224,4.92221],[118.18027,4.92699],[118.20497,4.95453],[118.22843,4.96044],[118.22737,4.98049],[118.27903,4.96117],[118.28993,4.98786],[118.29764,4.95894],[118.31996,5.01661],[118.3255,5.01936],[118.33113,5.01249],[118.32715,5.02038],[118.33769,5.02461],[118.34813,5.01543],[118.4,5.01665],[118.44626,4.98973],[118.44182,4.96133],[118.44903,4.96612],[118.44573,4.95356],[118.46358,4.92753],[118.51568,4.92716],[118.54539,4.96211],[118.67317,4.93046],[118.68122,4.94473],[118.74749,4.94767],[118.8086,4.98363],[118.86003,4.99296],[118.92391,5.0344],[119.04196,5.06049],[119.16633,5.10608],[119.21506,5.13864],[119.26802,5.20723],[119.26727,5.24616],[119.24906,5.26358],[119.26535,5.30747],[119.24657,5.38041],[119.19446,5.43369],[119.15007,5.45964],[119.1329,5.46828],[119.10428,5.46218],[119.10065,5.44702],[119.11035,5.4388],[119.0891,5.41441],[119.05898,5.40879],[118.93925,5.43048],[118.94982,5.38816],[119.00222,5.38892],[118.91059,5.37079],[118.87106,5.3779],[118.8923,5.40275],[118.87491,5.42333],[118.90532,5.40401],[118.92981,5.42048],[118.90993,5.44445],[118.84129,5.48259],[118.80505,5.5153],[118.81726,5.45602],[118.80621,5.44298],[118.80732,5.42271],[118.77677,5.40932],[118.77257,5.42455],[118.74782,5.39533],[118.75854,5.34885],[118.72334,5.285],[118.34452,5.29833],[118.30455,5.25972],[118.24848,5.22987],[117.96032,5.18008],[117.90578,5.21748],[117.84771,5.20688],[117.78181,5.23378],[117.76055,5.18779],[117.72925,5.18006],[117.69626,5.13952],[117.70923,5.12393],[117.68316,5.11327],[117.67963,5.09472],[117.69273,5.08302],[117.67712,5.03124],[117.61961,5.01262],[117.61726,5.00048],[117.63272,4.99306],[117.61937,4.98357],[117.58981,4.98305],[117.57077,4.9618],[117.55308,4.96863],[117.53764,4.96485],[117.53272,4.94789],[117.51467,4.95296],[117.50118,4.94493],[117.49366,4.93365],[117.51076,4.91762],[117.5143,4.86817],[117.4793,4.85489],[117.47473,4.84004],[117.48209,4.82944],[117.46639,4.80783],[117.4641,4.80279],[117.47646,4.79152],[117.48749,4.78667],[117.5389,4.78905],[117.61898,4.74667],[117.69954,4.77548],[117.73023,4.77497],[117.74569,4.7622],[117.81314,4.72157],[117.8293,4.73506],[117.86567,4.73618],[117.87243,4.75342],[117.89361,4.76565],[117.9231,4.7684],[117.94056,4.75222],[117.97121,4.79006],[117.96847,4.8209],[117.99912,4.82806],[117.99777,4.84457],[118.01942,4.8641],[118.07844,4.86932],[118.12065,4.8581],[118.12902,4.85745]]]]},"properties":{"state":"Sabah","district":"Lahad Datu","code_state":12,"code_district":2,"code_state_district":"12_2"}},
{"type":"Feature","geometry":{"type":"MultiPolygon","coordinates":[[[[118.33832,4.35892],[118.35307,4.33858],[118.37735,4.34405],[118.41115,4.32246],[118.42907,4.34063],[118.48565,4.35591],[118.54567,4.34662],[118.54417,4.37301],[118.55177,4.37911],[118.5513,4.36949],[118.56324,4.37019],[118.59416,4.39529],[118.56747,4.42821],[118.58467,4.42356],[118.58918,4.43528],[118.61064,4.39923],[118.64156,4.43961],[118.63172,4.45056],[118.6163,4.44845],[118.62601,4.46082],[118.60834,4.47952],[118.58687,4.49209],[118.56989,4.48577],[118.59236,4.50644],[118.54315,4.51963],[118.49055,4.47531],[118.48837,4.45584],[118.50199,4.43187],[118.48635,4.45216],[118.48258,4.48982],[118.43801,4.52037],[118.4389,4.5308],[118.464,4.52075],[118.47417,4.52642],[118.48357,4.56328],[118.46077,4.56642],[118.43206,4.59614],[118.41472,4.59454],[118.40339,4.56976],[118.39583,4.5725],[118.39364,4.58759],[118.37078,4.60405],[118.36722,4.62411],[118.31846,4.627],[118.31358,4.60086],[118.29725,4.59481],[118.29018,4.57452],[118.24509,4.55408],[118.24653,4.51866],[118.24,4.48734],[118.24684,4.4147],[118.26805,4.41],[118.28435,4.38826],[118.29386,4.39318],[118.33832,4.35892]]],[[[118.462,4.68477],[118.4567,4.69607],[118.42194,4.6788],[118.42706,4.65924],[118.3426,4.66373],[118.31961,4.65208],[118.42311,4.62906],[118.44007,4.62343],[118.44651,4.6047],[118.48022,4.6109],[118.51165,4.5926],[118.53016,4.59447],[118.52571,4.60303],[118.54126,4.61261],[118.55429,4.58594],[118.56378,4.61362],[118.5854,4.6219],[118.54524,4.65026],[118.53056,4.64029],[118.51745,4.64499],[118.51437,4.65656],[118.49506,4.63573],[118.48777,4.67229],[118.462,4.68477]]],[[[118.64834,4.48809],[118.62885,4.49509],[118.63758,4.48156],[118.62442,4.47961],[118.65913,4.43503],[118.64247,4.41193],[118.68528,4.43905],[118.71515,4.43224],[118.75145,4.45119],[118.732,4.46687],[118.73864,4.44678],[118.72948,4.44561],[118.72967,4.45827],[118.68892,4.46908],[118.6771,4.4873],[118.64834,4.48809]]],[[[118.50158,4.511],[118.50405,4.54298],[118.49528,4.55171],[118.47726,4.51949],[118.50158,4.511]]],[[[118.57941,4.55673],[118.56612,4.5604],[118.51907,4.53141],[118.55484,4.53433],[118.55175,4.54356],[118.57728,4.54527],[118.57941,4.55673]]],[[[118.75397,4.62295],[118.73203,4.61987],[118.72083,4.59891],[118.7475,4.61923],[118.77897,4.60617],[118.77007,4.62201],[118.75397,4.62295]]],[[[118.40984,4.7055],[118.3867,4.69761],[118.40057,4.68963],[118.40871,4.69698],[118.40802,4.68627],[118.43082,4.68857],[118.40984,4.7055]]],[[[118.46081,4.71644],[118.44973,4.71652],[118.44792,4.70236],[118.47601,4.71471],[118.46081,4.71644]]],[[[118.78694,4.58224],[118.79289,4.59901],[118.78158,4.60722],[118.77777,4.58595],[118.78694,4.58224]]],[[[118.61037,4.55335],[118.60654,4.56278],[118.59439,4.54972],[118.61037,4.55335]]],[[[118.97696,4.07709],[118.96634,4.09378],[118.96639,4.06795],[118.97696,4.07709]]],[[[118.50091,4.57274],[118.49362,4.56793],[118.50777,4.56425],[118.50091,4.57274]]],[[[118.76918,4.25909],[118.77047,4.26953],[118.75749,4.26299],[118.76918,4.25909]]],[[[118.76086,4.4108],[118.76721,4.41809],[118.75314,4.42386],[118.76086,4.4108]]],[[[118.58975,4.35161],[118.59352,4.36088],[118.58024,4.35248],[118.58975,4.35161]]]]},"properties":{"state":"Sabah","district":"Semporna","code_state":12,"code_district":3,"code_state_district":"12_3"}},
{"type":"Feature","geometry":{"type":"MultiPolygon","coordinates":[[[[118.1103,5.70374],[118.09993,5.70917],[118.10516,5.69041],[118.1103,5.70374]]],[[[118.12003,5.78363],[118.09221,5.78569],[118.08867,5.77284],[118.10857,5.77236],[118.12003,5.78363]]],[[[118.15771,5.69215],[118.14699,5.6972],[118.14804,5.68483],[118.15965,5.68357],[118.15771,5.69215]]],[[[118.13888,5.74838],[118.13097,5.75462],[118.13061,5.74497],[118.13888,5.74838]]],[[[118.18716,5.80195],[118.1879,5.81563],[118.14623,5.79959],[118.16202,5.78047],[118.18108,5.7878],[118.18716,5.80195]]],[[[118.1883,5.80329],[118.19504,5.80266],[118.18996,5.8136],[118.1883,5.80329]]],[[[118.23136,5.84086],[118.21975,5.84979],[118.17836,5.85526],[118.16073,5.8408],[118.17657,5.85288],[118.198,5.85241],[118.17329,5.84942],[118.15261,5.82512],[118.1765,5.8142],[118.20276,5.82622],[118.19712,5.83525],[118.2133,5.82324],[118.23136,5.84086]]],[[[118.13866,5.87945],[118.14509,5.85822],[118.15046,5.87568],[118.13984,5.89204],[118.13866,5.87945]]],[[[117.90573,5.76101],[117.89405,5.758],[117.88085,5.7648],[117.87496,5.75153],[117.87841,5.7469],[117.88382,5.7504],[117.8955,5.74604],[117.90615,5.75368],[117.90573,5.76101]]],[[[117.89264,5.76666],[117.89665,5.75978],[117.91657,5.77352],[117.89264,5.76666]]],[[[117.94238,5.79126],[117.91728,5.79945],[117.92147,5.78888],[117.91172,5.78566],[117.94905,5.77819],[117.96755,5.74494],[118.00212,5.74496],[118.0133,5.75983],[118.01551,5.7749],[118.00796,5.7683],[118.00798,5.7785],[117.99191,5.78077],[117.9903,5.77022],[117.98892,5.78726],[117.97728,5.76842],[117.97705,5.79039],[117.94238,5.79126]]],[[[117.89957,5.78499],[117.88738,5.79354],[117.85705,5.78464],[117.85537,5.77511],[117.88896,5.76423],[117.90603,5.77595],[117.89957,5.78499]]],[[[118.33761,5.79535],[118.30987,5.79868],[118.31093,5.77204],[118.30076,5.7872],[118.28076,5.76073],[118.28787,5.78612],[118.33017,5.81267],[118.28183,5.823],[118.26237,5.80913],[118.26695,5.8002],[118.25406,5.79891],[118.26168,5.81515],[118.27516,5.81855],[118.26677,5.83326],[118.23995,5.84283],[118.23369,5.82347],[118.19388,5.81753],[118.19693,5.80072],[118.18121,5.78538],[118.17111,5.7823],[118.18223,5.77195],[118.16735,5.78004],[118.15559,5.7684],[118.16806,5.75062],[118.18757,5.7515],[118.17955,5.75655],[118.19021,5.76254],[118.19039,5.74692],[118.2068,5.74295],[118.18856,5.7434],[118.16677,5.72081],[118.18436,5.7472],[118.13417,5.74373],[118.12569,5.72936],[118.13667,5.72206],[118.13192,5.71482],[118.14513,5.71526],[118.13443,5.7127],[118.14297,5.70294],[118.17275,5.69878],[118.15508,5.69723],[118.17285,5.68138],[118.12553,5.67617],[118.14842,5.6483],[118.14,5.64392],[118.11059,5.68828],[118.11188,5.66587],[118.0994,5.67007],[118.10624,5.6774],[118.09762,5.70739],[118.07994,5.69217],[118.06756,5.69903],[118.05645,5.68569],[118.06245,5.69561],[118.05473,5.69647],[118.07006,5.70478],[118.06586,5.722],[118.03113,5.7136],[118.01957,5.68566],[118.00202,5.68885],[117.99806,5.67356],[117.9918,5.68086],[117.97384,5.66294],[117.98614,5.68439],[117.96266,5.68104],[117.96641,5.672],[117.95603,5.66351],[117.96353,5.67324],[117.95131,5.68022],[117.94472,5.65702],[117.93734,5.65542],[117.93854,5.66454],[117.9258,5.65757],[117.94018,5.67213],[117.91942,5.67063],[117.95193,5.69202],[117.92063,5.6883],[117.93433,5.69047],[117.92117,5.69472],[117.93426,5.70211],[117.93432,5.71641],[117.91087,5.70768],[117.9477,5.72544],[117.89965,5.74686],[117.89522,5.74309],[117.87855,5.74507],[117.87401,5.74879],[117.87282,5.76045],[117.86764,5.76664],[117.85519,5.76546],[117.84857,5.78617],[117.88366,5.79555],[117.86223,5.80998],[117.87489,5.80362],[117.8776,5.81365],[117.89392,5.79571],[117.91571,5.80658],[117.93862,5.79822],[117.93729,5.80882],[117.94175,5.7966],[117.95246,5.79789],[117.94726,5.82109],[117.95195,5.8089],[117.95761,5.82323],[117.96741,5.80698],[117.96678,5.81998],[117.98948,5.80744],[118.01675,5.84462],[118.00568,5.80618],[118.01349,5.80955],[118.01564,5.79258],[118.02522,5.79326],[118.06197,5.81108],[118.08113,5.80819],[118.09148,5.83166],[118.12751,5.8442],[118.09475,5.87245],[118.0922,5.89975],[118.04478,5.93135],[118.05139,5.93401],[118.0438,5.94628],[118.05409,5.94],[118.06606,5.9622],[118.03346,6.0044],[118.04772,6.03525],[118.0127,6.02703],[118.01013,6.06036],[117.98087,6.07007],[117.96651,6.03824],[117.90444,5.99558],[117.89487,5.9827],[117.91002,5.96989],[117.88789,5.9529],[117.831,5.93903],[117.75341,5.9412],[117.77349,5.87131],[117.77558,5.88275],[117.78121,5.87785],[117.77474,5.86707],[117.75516,5.86382],[117.76765,5.87278],[117.7569,5.90608],[117.64841,5.90477],[117.62466,5.87856],[117.62593,5.83378],[117.69404,5.7482],[117.72985,5.67364],[117.75319,5.68284],[117.78958,5.66929],[117.81677,5.68751],[117.80915,5.64905],[117.84399,5.6073],[117.89792,5.6509],[117.94322,5.63462],[117.90354,5.57062],[117.94988,5.53852],[118.05298,5.53399],[118.05268,5.49341],[118.11156,5.49326],[118.11238,5.55181],[118.15111,5.56467],[118.18579,5.56059],[118.25185,5.59704],[118.27575,5.61291],[118.2653,5.63155],[118.27449,5.65377],[118.27135,5.65713],[118.27087,5.66162],[118.2808,5.66637],[118.31344,5.68008],[118.3135,5.70314],[118.33435,5.72741],[118.32687,5.7404],[118.33888,5.74514],[118.33706,5.77476],[118.33761,5.79535]]],[[[118.10209,5.92014],[118.11431,5.92289],[118.10632,5.93263],[118.10209,5.92014]]],[[[118.01548,6.11863],[118.01686,6.11029],[118.03045,6.12012],[118.01548,6.11863]]]]},"properties":{"state":"Sabah","district":"Sandakan","code_state":12,"code_district":4,"code_state_district":"12_4"}},
{"type":"Feature","geometry":{"type":"Polygon","coordinates":[[[118.80621,5.44298],[118.7985,5.43753],[118.79355,5.44674],[118.79012,5.51881],[118.76221,5.53555],[118.7508,5.52406],[118.74864,5.53766],[118.68464,5.57888],[118.64076,5.63835],[118.62909,5.64426],[118.60394,5.63058],[118.58901,5.63386],[118.6022,5.64916],[118.57119,5.68635],[118.53533,5.67208],[118.54628,5.70306],[118.45229,5.77067],[118.38788,5.79682],[118.35606,5.82357],[118.34489,5.81266],[118.3666,5.79888],[118.37172,5.76345],[118.3575,5.7985],[118.33761,5.79535],[118.33706,5.77476],[118.33888,5.74514],[118.32687,5.7404],[118.33435,5.72741],[118.3135,5.70314],[118.31344,5.68008],[118.2808,5.66637],[118.27043,5.6604],[118.27449,5.65377],[118.2653,5.63155],[118.27575,5.61291],[118.25185,5.59704],[118.18579,5.56059],[118.15111,5.56467],[118.11238,5.55181],[118.11156,5.49326],[118.05268,5.49341],[118.05298,5.53399],[117.94988,5.53852],[117.90354,5.57062],[117.94322,5.63462],[117.89792,5.6509],[117.84399,5.6073],[117.80915,5.64905],[117.81677,5.68751],[117.78958,5.66929],[117.75319,5.68284],[117.72985,5.67364],[117.70177,5.73268],[117.66982,5.70621],[117.60781,5.66605],[117.52319,5.67293],[117.48003,5.66344],[117.44419,5.65169],[117.4447,5.64655],[117.44329,5.64342],[117.4472,5.63875],[117.44754,5.62216],[117.44494,5.60732],[117.45162,5.59347],[117.4572,5.58854],[117.46114,5.58454],[117.46071,5.58306],[117.46977,5.58052],[117.48102,5.579],[117.4948,5.54256],[117.49086,5.24678],[117.48027,5.25292],[117.47751,5.24591],[117.47473,4.84004],[117.4793,4.85489],[117.5143,4.86817],[117.51076,4.91762],[117.49366,4.93365],[117.50118,4.94493],[117.51467,4.95296],[117.53272,4.94789],[117.53764,4.96485],[117.55308,4.96863],[117.57077,4.9618],[117.58981,4.98305],[117.61937,4.98357],[117.63272,4.99306],[117.61726,5.00048],[117.61961,5.01262],[117.67712,5.03124],[117.69273,5.08302],[117.67963,5.09472],[117.68316,5.11327],[117.70923,5.12393],[117.69626,5.13952],[117.72925,5.18006],[117.76055,5.18779],[117.78181,5.23378],[117.84771,5.20688],[117.90578,5.21748],[117.96032,5.18008],[118.24848,5.22987],[118.30455,5.25972],[118.34452,5.29833],[118.72334,5.285],[118.75854,5.34885],[118.74782,5.39533],[118.77257,5.42455],[118.77677,5.40932],[118.80732,5.42271],[118.80621,5.44298]]]},"properties":{"state":"Sabah","district":"Kinabatangan","code_state":12,"code_district":5,"code_state_district":"12_5"}},
{"type":"Feature","geometry":{"type":"MultiPolygon","coordinates":[[[[116.93483,6.28154],[116.94033,6.27236],[116.94756,6.27713],[116.96932,6.27403],[116.984,6.25901],[116.99468,6.25852],[116.99755,6.25504],[117.00059,6.24229],[117.01648,6.24474],[117.03692,6.19578],[117.0419,6.20287],[117.07379,6.18605],[117.08424,6.20156],[117.0954,6.16326],[117.12594,6.11771],[117.10348,6.10518],[117.08594,6.07754],[117.08645,6.05207],[117.08765,6.04779],[117.08223,6.04404],[117.09819,6.03671],[117.09994,6.04841],[117.12435,6.04665],[117.1269,6.02886],[117.14591,6.01112],[117.14037,6.00123],[117.14924,5.99698],[117.12579,5.97137],[117.12362,5.9325],[117.1343,5.92159],[117.13901,5.87868],[117.16265,5.84714],[117.19813,5.84211],[117.2141,5.87499],[117.20924,5.93108],[117.30296,5.98607],[117.31296,5.98851],[117.32975,5.96835],[117.31659,5.95318],[117.32778,5.94743],[117.34013,5.90993],[117.34182,5.88592],[117.32666,5.86664],[117.33426,5.83823],[117.37141,5.7987],[117.3734,5.75204],[117.40721,5.68563],[117.42493,5.68828],[117.41849,5.64245],[117.48003,5.66344],[117.52319,5.67293],[117.60781,5.66605],[117.66982,5.70621],[117.70177,5.73268],[117.69404,5.7482],[117.62593,5.83378],[117.62466,5.87856],[117.64841,5.90477],[117.61851,5.89847],[117.60657,5.87927],[117.60843,5.90016],[117.5553,5.9014],[117.55219,5.91163],[117.49255,5.88204],[117.47786,5.86182],[117.45741,5.86309],[117.47474,5.88614],[117.50859,5.8927],[117.57135,5.92636],[117.56799,5.9342],[117.55672,5.92578],[117.54876,5.94218],[117.55509,5.95863],[117.56994,5.95127],[117.57777,5.97728],[117.56657,5.98249],[117.55954,6.00659],[117.56858,6.02496],[117.64845,6.06031],[117.6303,6.10392],[117.61325,6.09929],[117.60725,6.06012],[117.55654,6.02478],[117.54185,5.98488],[117.51613,5.98066],[117.53815,5.99484],[117.5473,6.02387],[117.57626,6.05424],[117.59689,6.06436],[117.59897,6.09525],[117.62069,6.10924],[117.62106,6.12227],[117.59974,6.14202],[117.59869,6.16511],[117.58303,6.17083],[117.56243,6.15235],[117.53941,6.14794],[117.57295,6.16598],[117.576,6.17602],[117.55856,6.18164],[117.56885,6.19012],[117.57924,6.18261],[117.59525,6.20148],[117.59814,6.22201],[117.5892,6.22618],[117.61323,6.21507],[117.62277,6.22223],[117.61552,6.23742],[117.63311,6.23501],[117.64088,6.24788],[117.65125,6.23988],[117.64386,6.2973],[117.66273,6.24521],[117.69571,6.23096],[117.71189,6.24705],[117.6947,6.27568],[117.67399,6.2838],[117.69742,6.27967],[117.70807,6.26234],[117.72015,6.27869],[117.72235,6.29722],[117.70194,6.29842],[117.7258,6.30107],[117.72069,6.33376],[117.693,6.34652],[117.70972,6.3503],[117.71935,6.3906],[117.71104,6.41022],[117.72794,6.40618],[117.72483,6.38827],[117.73335,6.42821],[117.69957,6.43646],[117.71898,6.44653],[117.66291,6.46975],[117.67099,6.4774],[117.65107,6.49635],[117.6472,6.46966],[117.64545,6.49045],[117.62333,6.50887],[117.59552,6.49643],[117.60733,6.47358],[117.57234,6.47693],[117.60012,6.47998],[117.59049,6.49488],[117.59385,6.50758],[117.54707,6.53578],[117.5485,6.55232],[117.53985,6.55485],[117.51392,6.62752],[117.47359,6.55965],[117.47903,6.53581],[117.4691,6.49885],[117.46725,6.54945],[117.45051,6.52512],[117.4597,6.55906],[117.42262,6.55449],[117.39612,6.56972],[117.3764,6.56596],[117.39571,6.57766],[117.37637,6.60655],[117.35146,6.615],[117.32894,6.60616],[117.31319,6.61994],[117.2959,6.60907],[117.2807,6.62382],[117.2644,6.5815],[117.22912,6.58031],[117.18656,6.55989],[117.13589,6.57248],[117.12847,6.53829],[117.09358,6.54037],[117.08576,6.51551],[117.11926,6.47854],[117.07977,6.47137],[117.06857,6.45072],[117.0926,6.38999],[117.0795,6.35692],[117.0901,6.3468],[117.08524,6.33762],[117.03563,6.33482],[116.99958,6.356],[116.9006,6.31662],[116.89045,6.3087],[116.91258,6.29626],[116.91668,6.28843],[116.93483,6.28154]]],[[[117.4713,6.75076],[117.46905,6.75738],[117.39107,6.74655],[117.38779,6.71767],[117.43803,6.69769],[117.40401,6.67638],[117.34668,6.68276],[117.32365,6.67168],[117.31849,6.65687],[117.34151,6.63547],[117.3959,6.62177],[117.48116,6.64667],[117.50283,6.67472],[117.4713,6.75076]]],[[[117.63827,5.97082],[117.62609,5.993],[117.63041,6.00322],[117.64665,6.00791],[117.63613,6.02566],[117.60999,5.97813],[117.59597,5.96997],[117.57914,5.97352],[117.57172,5.94599],[117.55886,5.95661],[117.55808,5.93286],[117.56926,5.9374],[117.58499,5.92247],[117.62291,5.93001],[117.62159,5.93959],[117.64838,5.9541],[117.63827,5.97082]]],[[[117.61966,6.0283],[117.61086,6.04204],[117.59855,6.0266],[117.57354,6.02572],[117.56444,6.00741],[117.5723,5.98628],[117.59424,5.97446],[117.61708,5.99123],[117.61966,6.0283]]],[[[117.66311,6.00394],[117.63047,5.99679],[117.65027,5.95954],[117.67325,5.97789],[117.66311,6.00394]]],[[[117.70138,6.01123],[117.68271,6.00795],[117.67742,5.96641],[117.65384,5.94395],[117.66825,5.94229],[117.697,5.97569],[117.70969,5.99822],[117.70138,6.01123]]]]},"properties":{"state":"Sabah","district":"Beluran","code_state":12,"code_district":6,"code_state_district":"12_6"}},
{"type":"Feature","geometry":{"type":"MultiPolygon","coordinates":[[[[116.05295,5.91579],[116.05972,5.92979],[116.06439,5.93501],[116.19501,5.95024],[116.23869,5.89149],[116.27891,5.85785],[116.27141,5.88084],[116.25312,5.89582],[116.23574,5.95149],[116.24978,5.9733],[116.26677,5.97895],[116.26717,6.02593],[116.27909,6.02305],[116.28201,6.0421],[116.25332,6.03334],[116.24651,6.04085],[116.24077,6.03092],[116.21198,6.0367],[116.2033,6.06064],[116.21004,6.07288],[116.18539,6.09099],[116.1859,6.10876],[116.17884,6.11858],[116.15178,6.09903],[116.13917,6.0982],[116.13552,6.11697],[116.12861,6.12308],[116.13577,6.14188],[116.08397,6.10784],[116.10204,6.07683],[116.11622,6.08507],[116.11506,6.09628],[116.12602,6.08897],[116.11419,6.06886],[116.12506,6.06067],[116.10932,6.05073],[116.10772,5.99961],[116.09826,5.99215],[116.08054,5.99939],[116.06635,5.97439],[116.05763,5.97942],[116.0533,5.96202],[116.03849,5.95648],[116.04585,5.93824],[116.03726,5.91298],[116.04896,5.91656],[116.05295,5.91579]]],[[[116.04894,5.9987],[116.06804,5.99559],[116.06332,6.01816],[116.05239,6.00723],[116.0504,6.03186],[116.03003,6.0245],[116.01141,6.04433],[116.0079,6.01145],[116.03112,6.00996],[116.041,5.99027],[116.04894,5.9987]]],[[[116.07126,6.06301],[116.07242,6.07211],[116.0601,6.05424],[116.07126,6.06301]]],[[[115.93127,6.09451],[115.94977,6.10524],[115.94309,6.11576],[115.92582,6.10989],[115.93127,6.09451]]]]},"properties":{"state":"Sabah","district":"Kota Kinabalu","code_state":12,"code_district":7,"code_state_district":"12_7"}},
{"type":"Feature","geometry":{"type":"Polygon","coordinates":[[[116.84,5.86824],[116.83978,5.87355],[116.84238,5.88028],[116.84309,5.88848],[116.87529,5.9206],[116.88514,5.92673],[116.93062,5.93354],[116.99164,5.95896],[117.00021,5.98732],[117.02304,5.99354],[117.02688,6.0447],[117.07548,6.04062],[117.08765,6.04779],[117.08645,6.05207],[117.08594,6.07754],[117.10348,6.10518],[117.12594,6.11771],[117.0954,6.16326],[117.08424,6.20156],[117.07379,6.18605],[117.0419,6.20287],[117.03692,6.19578],[117.01648,6.24474],[117.00059,6.24229],[116.99603,6.25688],[116.99235,6.25917],[116.984,6.25901],[116.96932,6.27403],[116.94756,6.27713],[116.94048,6.27213],[116.93483,6.28154],[116.91668,6.28843],[116.91258,6.29626],[116.89045,6.3087],[116.88183,6.3002],[116.85366,6.28824],[116.84001,6.28592],[116.83965,6.26429],[116.77028,6.23875],[116.77401,6.22373],[116.71133,6.23962],[116.70258,6.22588],[116.66704,6.22058],[116.63656,6.19997],[116.58478,6.16286],[116.55742,6.06783],[116.54151,6.06039],[116.54723,6.05478],[116.53737,6.03608],[116.52141,6.01612],[116.50766,5.99725],[116.49277,6.00021],[116.49131,5.98695],[116.48615,5.97888],[116.49502,5.96847],[116.47909,5.95964],[116.45214,5.93629],[116.44463,5.91029],[116.46845,5.91012],[116.50483,5.88078],[116.54697,5.86514],[116.53256,5.83969],[116.53683,5.79176],[116.56097,5.76925],[116.55789,5.75788],[116.55874,5.74368],[116.56137,5.74054],[116.58025,5.72944],[116.5855,5.70855],[116.57404,5.6719],[116.57931,5.66149],[116.57687,5.64595],[116.5658,5.62447],[116.54768,5.59556],[116.55371,5.57663],[116.55223,5.57242],[116.54179,5.56124],[116.55625,5.54751],[116.58974,5.54219],[116.6152,5.55264],[116.63119,5.53246],[116.67469,5.53372],[116.74094,5.5173],[116.77915,5.49571],[116.83027,5.48943],[116.82238,5.51942],[116.86113,5.53435],[116.86843,5.58904],[116.89262,5.61989],[116.90231,5.66778],[116.95686,5.69044],[116.97467,5.68809],[116.99134,5.73574],[116.9607,5.8028],[116.84,5.86824]]]},"properties":{"state":"Sabah","district":"Ranau","code_state":12,"code_district":8,"code_state_district":"12_8"}},
{"type":"Feature","geometry":{"type":"MultiPolygon","coordinates":[[[[116.62189,6.66376],[116.61957,6.6718],[116.57378,6.65007],[116.56552,6.62496],[116.54358,6.60775],[116.53827,6.57969],[116.49508,6.53335],[116.49888,6.50967],[116.48199,6.4778],[116.35839,6.39251],[116.34927,6.39461],[116.34894,6.38595],[116.3366,6.38835],[116.34703,6.36806],[116.33811,6.36103],[116.32017,6.37093],[116.3111,6.35733],[116.32778,6.34927],[116.31213,6.34014],[116.32961,6.33602],[116.30891,6.32219],[116.33029,6.30982],[116.32105,6.30001],[116.30846,6.30901],[116.3089,6.29838],[116.29771,6.29465],[116.28487,6.28695],[116.36949,6.27924],[116.38464,6.23822],[116.40478,6.22121],[116.41588,6.1764],[116.43306,6.11628],[116.41939,6.09931],[116.42542,6.08708],[116.44774,6.02463],[116.46041,6.00934],[116.48707,6.01079],[116.50766,5.99725],[116.52141,6.01612],[116.53737,6.03608],[116.54723,6.05478],[116.54151,6.06039],[116.55742,6.06783],[116.58478,6.16286],[116.63656,6.19997],[116.62522,6.23726],[116.61262,6.24203],[116.61071,6.27185],[116.63304,6.29519],[116.63879,6.33559],[116.5893,6.35335],[116.59937,6.36435],[116.59252,6.3843],[116.6021,6.40139],[116.58036,6.41813],[116.59141,6.47105],[116.61486,6.51232],[116.62282,6.60168],[116.64851,6.63405],[116.62189,6.66376]]],[[[116.34414,6.71803],[116.33495,6.71735],[116.36051,6.70602],[116.34414,6.71803]]],[[[116.32936,6.39646],[116.33523,6.39082],[116.34137,6.40163],[116.32936,6.39646]]]]},"properties":{"state":"Sabah","district":"Kota Belud","code_state":12,"code_district":9,"code_state_district":"12_9"}},
{"type":"Feature","geometry":{"type":"Polygon","coordinates":[[[116.12861,6.12308],[116.13819,6.09987],[116.14022,6.09838],[116.14824,6.10082],[116.15178,6.09903],[116.17884,6.11858],[116.1859,6.10876],[116.18539,6.09099],[116.21004,6.07288],[116.2033,6.06064],[116.21198,6.0367],[116.24077,6.03092],[116.24651,6.04085],[116.25332,6.03334],[116.28201,6.0421],[116.27909,6.02305],[116.26717,6.02593],[116.26677,5.97895],[116.24978,5.9733],[116.23574,5.95149],[116.25312,5.89582],[116.27141,5.88084],[116.28093,5.8542],[116.31137,5.85231],[116.33444,5.8273],[116.33231,5.81992],[116.35242,5.81213],[116.35907,5.80711],[116.37271,5.82022],[116.39037,5.84427],[116.39101,5.8525],[116.40014,5.88727],[116.41158,5.90054],[116.43365,5.90383],[116.44463,5.91029],[116.45214,5.93629],[116.47909,5.95964],[116.49502,5.96847],[116.48615,5.97888],[116.49131,5.98695],[116.48707,6.01079],[116.46041,6.00934],[116.44774,6.02463],[116.42542,6.08708],[116.41939,6.09931],[116.43306,6.11628],[116.41588,6.1764],[116.40478,6.22121],[116.38464,6.23822],[116.36949,6.27924],[116.28487,6.28695],[116.29771,6.29465],[116.29118,6.31985],[116.27449,6.29221],[116.234,6.27898],[116.23095,6.26208],[116.19389,6.23483],[116.16341,6.17685],[116.14124,6.15991],[116.14,6.1373],[116.12861,6.12308]]]},"properties":{"state":"Sabah","district":"Tuaran","code_state":12,"code_district":10,"code_state_district":"12_10"}},
{"type":"Feature","geometry":{"type":"Polygon","coordinates":[[[116.05972,5.92979],[116.05682,5.91984],[116.0669,5.90808],[116.06707,5.89935],[116.05866,5.89466],[116.07125,5.89622],[116.07327,5.88402],[116.08831,5.87946],[116.0689,5.83761],[116.07847,5.83349],[116.11337,5.81942],[116.12913,5.81509],[116.1442,5.79196],[116.16658,5.79479],[116.2007,5.76817],[116.21743,5.74197],[116.24415,5.74374],[116.26269,5.73236],[116.28078,5.73319],[116.28672,5.73092],[116.28855,5.72766],[116.28797,5.74003],[116.32369,5.76175],[116.32388,5.7784],[116.32431,5.79273],[116.33444,5.8273],[116.31137,5.85231],[116.28093,5.8542],[116.27891,5.85785],[116.23869,5.89149],[116.19501,5.95024],[116.06439,5.93501],[116.05972,5.92979]]]},"properties":{"state":"Sabah","district":"Penampang","code_state":12,"code_district":11,"code_state_district":"12_11"}},
{"type":"Feature","geometry":{"type":"Polygon","coordinates":[[[116.0442,5.8469],[116.03408,5.83149],[116.01067,5.82456],[115.98211,5.78663],[115.90279,5.74869],[115.87128,5.58232],[115.796,5.53791],[115.80056,5.53236],[115.80289,5.52577],[115.81874,5.51314],[115.8388,5.49118],[115.82922,5.48647],[115.86291,5.41157],[115.87295,5.41634],[115.88025,5.39363],[115.91242,5.4019],[115.91576,5.39409],[115.93831,5.38245],[115.94678,5.36969],[115.96786,5.35818],[115.97297,5.36491],[115.97198,5.40138],[115.97963,5.43425],[115.98955,5.43596],[116.00878,5.43099],[116.02009,5.45034],[116.05156,5.4637],[116.06543,5.49803],[116.04944,5.51897],[116.06488,5.55731],[116.09247,5.57262],[116.10526,5.60514],[116.15622,5.61858],[116.17055,5.62528],[116.17641,5.66303],[116.17684,5.68851],[116.21259,5.66253],[116.28134,5.72734],[116.28855,5.72766],[116.28672,5.73092],[116.28078,5.73319],[116.26269,5.73236],[116.24415,5.74374],[116.21743,5.74197],[116.2007,5.76817],[116.16658,5.79479],[116.1442,5.79196],[116.12913,5.81509],[116.11337,5.81942],[116.07847,5.83349],[116.0442,5.8469]]]},"properties":{"state":"Sabah","district":"Papar","code_state":12,"code_district":12,"code_state_district":"12_12"}},
{"type":"Feature","geometry":{"type":"MultiPolygon","coordinates":[[[[116.76218,6.64628],[116.77931,6.65874],[116.76881,6.66536],[116.78704,6.66866],[116.81837,6.73428],[116.85716,6.77182],[116.85006,6.79963],[116.86572,6.82297],[116.84827,6.82532],[116.83677,6.8399],[116.85511,6.85633],[116.80797,6.85988],[116.79633,6.85102],[116.79462,6.86489],[116.78522,6.86592],[116.79128,6.87398],[116.7747,6.87858],[116.78786,6.88513],[116.80877,6.8693],[116.82379,6.88701],[116.84792,6.87416],[116.85541,6.89214],[116.83046,6.96239],[116.75073,7.03174],[116.73801,7.03433],[116.73414,7.01309],[116.72173,7.01009],[116.72051,6.965],[116.69871,6.9509],[116.70362,6.93103],[116.67613,6.88149],[116.63934,6.86202],[116.64107,6.83624],[116.66578,6.82234],[116.62355,6.78115],[116.64074,6.73112],[116.63682,6.69641],[116.64357,6.69137],[116.63467,6.68379],[116.7461,6.66529],[116.76218,6.64628]]],[[[117.06116,7.08764],[117.06748,7.09432],[117.05448,7.09545],[117.06116,7.08764]]],[[[117.25393,6.82057],[117.25955,6.81573],[117.28276,6.83863],[117.25393,6.82057]]],[[[117.54247,6.98413],[117.55224,6.94018],[117.571,6.92577],[117.61015,6.91642],[117.63517,6.95133],[117.61546,6.98838],[117.54247,6.98413]]],[[[117.33309,7.06455],[117.30162,7.07752],[117.29665,7.06802],[117.2684,7.07122],[117.26244,7.05978],[117.27992,7.05181],[117.26523,7.04592],[117.27884,7.0413],[117.28396,7.02605],[117.30863,7.0153],[117.32277,7.02568],[117.31721,7.03548],[117.34611,7.03929],[117.33309,7.06455]]],[[[117.14207,7.12902],[117.14843,7.15483],[117.11561,7.13331],[117.14207,7.12902]]],[[[117.18175,7.15754],[117.19702,7.15906],[117.20218,7.17252],[117.17074,7.16971],[117.16057,7.14989],[117.18175,7.15754]]],[[[117.27861,7.34896],[117.23231,7.36098],[117.20078,7.34974],[117.18836,7.35862],[117.16027,7.33994],[117.15005,7.35023],[117.12281,7.31329],[117.08897,7.30833],[117.06018,7.29099],[117.06728,7.26322],[117.05383,7.20694],[117.06337,7.19919],[117.05272,7.18417],[117.07429,7.17251],[117.06094,7.15677],[117.05682,7.1254],[117.07421,7.11543],[117.07143,7.10173],[117.09145,7.12316],[117.0873,7.13873],[117.11021,7.13915],[117.17273,7.18429],[117.21732,7.18309],[117.24546,7.22322],[117.24217,7.18407],[117.26003,7.19001],[117.28202,7.23346],[117.28164,7.24654],[117.25919,7.24851],[117.27652,7.26295],[117.26474,7.26364],[117.26249,7.27508],[117.29478,7.32307],[117.27861,7.34896]]],[[[117.01841,7.31992],[117.0116,7.34702],[116.9978,7.35552],[116.96771,7.31074],[116.92809,7.29051],[116.9054,7.29884],[116.88305,7.28557],[116.84966,7.19657],[116.8572,7.19005],[116.88426,7.19952],[116.89133,7.20886],[116.88191,7.22015],[116.86512,7.21534],[116.89399,7.22457],[116.89602,7.23665],[116.92992,7.23167],[116.95559,7.2495],[116.98186,7.24284],[116.96603,7.2876],[116.98014,7.30585],[116.99294,7.30079],[116.99498,7.28223],[117.0186,7.27181],[117.01841,7.31992]]],[[[117.30536,7.21794],[117.30834,7.20369],[117.3214,7.24095],[117.30243,7.23647],[117.29467,7.22136],[117.30536,7.21794]]],[[[117.33153,7.22137],[117.33709,7.23144],[117.32166,7.22868],[117.32177,7.21991],[117.33153,7.22137]]],[[[117.29419,7.26874],[117.29925,7.28575],[117.31701,7.29226],[117.31532,7.30568],[117.29459,7.30162],[117.28587,7.28838],[117.29419,7.26874]]]]},"properties":{"state":"Sabah","district":"Kudat","code_state":12,"code_district":13,"code_state_district":"12_13"}},
{"type":"Feature","geometry":{"type":"Polygon","coordinates":[[[116.63682,6.69641],[116.62003,6.67552],[116.62189,6.66376],[116.64851,6.63405],[116.62282,6.60168],[116.61486,6.51232],[116.59141,6.47105],[116.58036,6.41813],[116.6021,6.40139],[116.59252,6.3843],[116.59937,6.36435],[116.5893,6.35335],[116.63879,6.33559],[116.63304,6.29519],[116.61071,6.27185],[116.61262,6.24203],[116.62522,6.23726],[116.63656,6.19997],[116.66704,6.22058],[116.70258,6.22588],[116.71133,6.23962],[116.77401,6.22373],[116.77028,6.23875],[116.83965,6.26429],[116.84001,6.28592],[116.85366,6.28824],[116.88183,6.3002],[116.9006,6.31662],[116.99958,6.356],[117.03563,6.33482],[117.08524,6.33762],[117.0901,6.3468],[117.0795,6.35692],[117.0926,6.38999],[117.06857,6.45072],[117.03282,6.47508],[117.00743,6.46927],[116.97997,6.48625],[116.97897,6.51579],[116.94308,6.57292],[116.94999,6.59011],[116.90779,6.60948],[116.88034,6.60237],[116.85741,6.61444],[116.84797,6.5754],[116.82735,6.57862],[116.83018,6.56873],[116.81797,6.57401],[116.80878,6.55938],[116.7987,6.56272],[116.79809,6.5522],[116.78848,6.56469],[116.77717,6.56239],[116.76853,6.57954],[116.75873,6.56801],[116.74797,6.58943],[116.76218,6.64628],[116.7461,6.66529],[116.63467,6.68379],[116.64357,6.69137],[116.63682,6.69641]]]},"properties":{"state":"Sabah","district":"Kota Marudu","code_state":12,"code_district":14,"code_state_district":"12_14"}},
{"type":"Feature","geometry":{"type":"Polygon","coordinates":[[[117.2807,6.62382],[117.27755,6.66202],[117.26132,6.67555],[117.25673,6.69948],[117.27836,6.72988],[117.23531,6.70472],[117.23055,6.71513],[117.25048,6.71865],[117.26814,6.73767],[117.24032,6.75717],[117.23703,6.78755],[117.20981,6.81824],[117.24533,6.86916],[117.23708,6.87842],[117.24935,6.89993],[117.24129,6.94393],[117.18755,6.95723],[117.16786,6.99264],[117.14304,7.01052],[117.1246,7.01047],[117.12129,6.98387],[117.09666,6.9977],[117.05147,6.97305],[117.05207,6.95726],[117.0756,6.94897],[117.07301,6.94091],[117.04421,6.93691],[117.03108,6.95283],[117.02117,6.93682],[117.02494,6.89416],[117.05163,6.86918],[117.04469,6.84671],[117.06435,6.84042],[117.08665,6.80553],[117.06057,6.83833],[117.05587,6.82966],[117.05076,6.83927],[117.02136,6.82792],[117.02424,6.80616],[117.01612,6.81553],[117.01867,6.80626],[116.98861,6.77617],[116.99004,6.75297],[116.97999,6.75831],[116.96943,6.74184],[116.98166,6.72179],[116.97588,6.70377],[116.92369,6.66442],[116.90637,6.66301],[116.87424,6.62061],[116.85741,6.61444],[116.88034,6.60237],[116.90779,6.60948],[116.94999,6.59011],[116.94308,6.57292],[116.97897,6.51579],[116.97997,6.48625],[117.00743,6.46927],[117.03282,6.47508],[117.06857,6.45072],[117.07977,6.47137],[117.11926,6.47854],[117.08576,6.51551],[117.09358,6.54037],[117.12847,6.53829],[117.13589,6.57248],[117.18656,6.55989],[117.22912,6.58031],[117.2644,6.5815],[117.2807,6.62382]]]},"properties":{"state":"Sabah","district":"Pitas","code_state":12,"code_district":15,"code_state_district":"12_15"}},
{"type":"Feature","geometry":{"type":"Polygon","coordinates":[[[115.80056,5.53236],[115.65895,5.54176],[115.65923,5.50856],[115.60879,5.50791],[115.52927,5.41938],[115.53125,5.40738],[115.52248,5.4083],[115.52444,5.39011],[115.49157,5.38637],[115.48599,5.36554],[115.47716,5.28183],[115.46393,5.2615],[115.44806,5.25734],[115.44125,5.23849],[115.46616,5.24247],[115.45585,5.22278],[115.48247,5.20125],[115.5091,5.20159],[115.50765,5.19346],[115.51336,5.20068],[115.51247,5.19222],[115.53037,5.19826],[115.52936,5.20886],[115.53661,5.20764],[115.532,5.19604],[115.54725,5.1918],[115.5496,5.20217],[115.55347,5.19506],[115.55071,5.20475],[115.56622,5.21421],[115.55227,5.2223],[115.55153,5.23678],[115.5571,5.22156],[115.57367,5.22555],[115.56846,5.23919],[115.58696,5.2166],[115.59674,5.22889],[115.6049,5.22547],[115.5998,5.22098],[115.60842,5.21953],[115.57595,5.20366],[115.5863,5.20068],[115.58484,5.17019],[115.55976,5.18088],[115.55667,5.14843],[115.5999,5.15208],[115.60111,5.13538],[115.64946,5.12057],[115.67609,5.06675],[115.71049,5.04083],[115.7394,5.05878],[115.75032,5.05076],[115.75676,5.05012],[115.756,5.05146],[115.76661,5.06259],[115.77794,5.09631],[115.76829,5.12819],[115.80245,5.22236],[115.81378,5.22982],[115.8233,5.22083],[115.85111,5.28899],[115.86542,5.28779],[115.87653,5.30094],[115.91387,5.28117],[115.93406,5.30051],[115.93861,5.31403],[115.94268,5.35649],[115.96024,5.35306],[115.96388,5.35425],[115.96786,5.35818],[115.94678,5.36969],[115.93831,5.38245],[115.91576,5.39409],[115.91242,5.4019],[115.88025,5.39363],[115.87295,5.41634],[115.86291,5.41157],[115.82922,5.48647],[115.8388,5.49118],[115.81874,5.51314],[115.80289,5.52577],[115.80056,5.53236]]]},"properties":{"state":"Sabah","district":"Beaufort","code_state":12,"code_district":16,"code_state_district":"12_16"}},
{"type":"Feature","geometry":{"type":"MultiPolygon","coordinates":[[[[115.49157,5.38637],[115.52444,5.39011],[115.52248,5.4083],[115.53125,5.40738],[115.52927,5.41938],[115.60879,5.50791],[115.65923,5.50856],[115.65895,5.54176],[115.60413,5.57317],[115.62133,5.6143],[115.5931,5.63159],[115.54617,5.54107],[115.47606,5.48494],[115.422,5.42396],[115.37411,5.40254],[115.36494,5.38616],[115.36359,5.32736],[115.3388,5.29743],[115.36999,5.29661],[115.38003,5.32203],[115.39776,5.33292],[115.38114,5.29126],[115.40526,5.28418],[115.41578,5.26875],[115.42729,5.27978],[115.41847,5.26116],[115.43643,5.27208],[115.42445,5.25671],[115.43845,5.24425],[115.44806,5.25734],[115.46393,5.2615],[115.47716,5.28183],[115.48599,5.36554],[115.49157,5.38637]]],[[[115.64603,5.73566],[115.63676,5.74049],[115.63087,5.73004],[115.66793,5.70458],[115.69768,5.75106],[115.6808,5.76734],[115.64603,5.73566]]]]},"properties":{"state":"Sabah","district":"Kuala Penyu","code_state":12,"code_district":17,"code_state_district":"12_17"}},
{"type":"Feature","geometry":{"type":"Polygon","coordinates":[[[115.646,4.1264],[115.6615,4.12047],[115.67625,4.11498],[115.68231,4.16149],[115.70301,4.19535],[115.72411,4.19331],[115.73355,4.21154],[115.75111,4.21363],[115.76438,4.2447],[115.779,4.24372],[115.7895,4.22933],[115.80663,4.23454],[115.81328,4.26565],[115.85738,4.30272],[115.84942,4.338],[115.86248,4.38114],[115.8513,4.44844],[115.85802,4.47946],[115.84253,4.51445],[115.85106,4.5732],[115.82853,4.59088],[115.81016,4.62603],[115.82298,4.65575],[115.84288,4.82518],[115.83875,4.85256],[115.80195,4.87485],[115.81702,4.95776],[115.82628,4.99973],[115.81159,5.02327],[115.78735,5.03527],[115.79074,5.04655],[115.77479,5.04703],[115.76162,5.05109],[115.75032,5.05076],[115.7394,5.05878],[115.71049,5.04083],[115.67609,5.06675],[115.64946,5.12057],[115.60111,5.13538],[115.5999,5.15208],[115.55667,5.14843],[115.54113,5.12885],[115.53616,5.06902],[115.52106,5.06272],[115.49916,5.02421],[115.44984,5.00776],[115.43875,4.97422],[115.43859,4.96844],[115.49169,4.95483],[115.56506,4.99183],[115.57874,4.98694],[115.58648,4.97747],[115.60824,4.95789],[115.6251,4.85973],[115.63883,4.84358],[115.64122,4.77136],[115.62116,4.76168],[115.58687,4.6798],[115.54871,4.63904],[115.53012,4.59801],[115.55403,4.5705],[115.552,4.54379],[115.56524,4.51865],[115.54558,4.48061],[115.57964,4.42254],[115.57171,4.3721],[115.59388,4.36092],[115.59603,4.34687],[115.61867,4.35324],[115.65197,4.33319],[115.65631,4.30207],[115.62214,4.24483],[115.62608,4.20371],[115.61354,4.17076],[115.63403,4.14872],[115.62986,4.13297],[115.646,4.1264]]]},"properties":{"state":"Sabah","district":"Sipitang","code_state":12,"code_district":18,"code_state_district":"12_18"}},
{"type":"Feature","geometry":{"type":"Polygon","coordinates":[[[116.08097,4.83802],[116.05846,4.88863],[116.02855,4.9178],[116.00233,4.90751],[115.98796,4.94259],[116.01249,4.99317],[116.0179,5.0874],[116.04157,5.15781],[116.04888,5.2292],[116.04386,5.26093],[116.02455,5.27135],[116.02694,5.32941],[115.9918,5.3946],[115.98955,5.43596],[115.97963,5.43425],[115.97198,5.40138],[115.97297,5.36491],[115.96552,5.3556],[115.96024,5.35306],[115.94268,5.35649],[115.93861,5.31403],[115.93406,5.30051],[115.91387,5.28117],[115.87653,5.30094],[115.86542,5.28779],[115.85111,5.28899],[115.8233,5.22083],[115.81378,5.22982],[115.80245,5.22236],[115.76829,5.12819],[115.77794,5.09631],[115.76661,5.06259],[115.756,5.05146],[115.75676,5.05012],[115.76162,5.05109],[115.77479,5.04703],[115.79074,5.04655],[115.78735,5.03527],[115.81159,5.02327],[115.82628,4.99973],[115.81702,4.95776],[115.80195,4.87485],[115.83875,4.85256],[115.84288,4.82518],[115.82298,4.65575],[115.81016,4.62603],[115.82853,4.59088],[115.85106,4.5732],[115.84253,4.51445],[115.85802,4.47946],[115.8513,4.44844],[115.86248,4.38114],[115.88432,4.38723],[115.90664,4.41447],[115.93053,4.44439],[115.95332,4.49965],[115.97731,4.49693],[115.995,4.50676],[116.03439,4.60601],[116.05523,4.59031],[116.09056,4.61609],[116.09089,4.65181],[116.11988,4.70747],[116.11925,4.74551],[116.13073,4.76597],[116.0855,4.81131],[116.08097,4.83802]]]},"properties":{"state":"Sabah","district":"Tenom","code_state":12,"code_district":19,"code_state_district":"12_19"}},
{"type":"Feature","geometry":{"type":"Polygon","coordinates":[[[116.50903,5.06668],[116.50402,5.081],[116.49735,5.10217],[116.46959,5.11161],[116.44172,5.07318],[116.41621,5.06606],[116.39377,5.07761],[116.3558,5.05795],[116.36261,5.04129],[116.35115,5.01821],[116.28774,4.99319],[116.26869,5.00958],[116.2225,4.97787],[116.20716,4.93149],[116.19239,4.90981],[116.18534,4.8933],[116.18543,4.85142],[116.15806,4.81993],[116.11426,4.83978],[116.08097,4.83802],[116.0855,4.81131],[116.13073,4.76597],[116.11925,4.74551],[116.11988,4.70747],[116.09089,4.65181],[116.09056,4.61609],[116.05523,4.59031],[116.03439,4.60601],[115.995,4.50676],[115.97731,4.49693],[115.95332,4.49965],[115.93053,4.44439],[115.90664,4.41447],[115.88737,4.39085],[115.91,4.35673],[115.98151,4.34843],[116.01375,4.32869],[116.02333,4.29181],[116.05316,4.27447],[116.0655,4.27445],[116.10385,4.33021],[116.1397,4.33927],[116.15643,4.38744],[116.16956,4.37532],[116.23512,4.37332],[116.26436,4.35835],[116.3042,4.36709],[116.32666,4.38414],[116.36126,4.37494],[116.41902,4.32193],[116.4294,4.28686],[116.45294,4.29406],[116.48109,4.32899],[116.50552,4.31818],[116.52397,4.32231],[116.51636,4.35376],[116.55681,4.40346],[116.57543,4.36985],[116.59955,4.37435],[116.61353,4.33429],[116.65223,4.34481],[116.68846,4.33306],[116.71177,4.34343],[116.73901,4.38107],[116.7713,4.33685],[116.79849,4.34461],[116.81659,4.3277],[116.83341,4.32638],[116.89167,4.36137],[116.91754,4.35355],[116.93118,4.35281],[116.96674,4.37734],[117.00307,4.37787],[117.01977,4.39755],[117.02552,4.40768],[117.00791,4.43568],[117.04096,4.48245],[116.96934,4.54184],[116.89975,4.54808],[116.84808,4.60102],[116.80962,4.60092],[116.82755,4.62836],[116.85108,4.64124],[116.85882,4.65404],[116.85112,4.6649],[116.86459,4.67579],[116.85523,4.70164],[116.81726,4.72497],[116.81401,4.74159],[116.76246,4.80577],[116.75202,4.77862],[116.68202,4.79983],[116.65714,4.77896],[116.62944,4.77342],[116.61329,4.73066],[116.55851,4.74302],[116.55323,4.77579],[116.56075,4.7872],[116.5389,4.8098],[116.51369,4.88022],[116.51787,4.92426],[116.50551,4.96115],[116.53745,4.99495],[116.52898,5.04851],[116.50903,5.06668]]]},"properties":{"state":"Sabah","district":"Nabawan","code_state":12,"code_district":20,"code_state_district":"12_20"}},
{"type":"Feature","geometry":{"type":"Polygon","coordinates":[[[116.18027,5.60757],[116.16822,5.62384],[116.15622,5.61858],[116.10526,5.60514],[116.09247,5.57262],[116.06488,5.55731],[116.04944,5.51897],[116.06543,5.49803],[116.05156,5.4637],[116.02009,5.45034],[116.00878,5.43099],[115.98955,5.43596],[115.9918,5.3946],[116.02694,5.32941],[116.02455,5.27135],[116.04386,5.26093],[116.04888,5.2292],[116.04157,5.15781],[116.0179,5.0874],[116.01249,4.99317],[115.98796,4.94259],[116.00233,4.90751],[116.02855,4.9178],[116.05846,4.88863],[116.08097,4.83802],[116.11426,4.83978],[116.15806,4.81993],[116.18543,4.85142],[116.18534,4.8933],[116.19239,4.90981],[116.20716,4.93149],[116.2225,4.97787],[116.26869,5.00958],[116.28774,4.99319],[116.35115,5.01821],[116.36261,5.04129],[116.3558,5.05795],[116.39377,5.07761],[116.41621,5.06606],[116.44172,5.07318],[116.46959,5.11161],[116.4477,5.1508],[116.43816,5.20204],[116.46507,5.24865],[116.51583,5.26637],[116.54437,5.29602],[116.57937,5.29522],[116.55818,5.34403],[116.57828,5.36077],[116.58377,5.4077],[116.576,5.42262],[116.63642,5.41937],[116.66053,5.43329],[116.64013,5.48186],[116.67469,5.53372],[116.63119,5.53246],[116.6152,5.55264],[116.58974,5.54219],[116.55625,5.54751],[116.54179,5.56124],[116.53007,5.55106],[116.41163,5.51769],[116.36689,5.46859],[116.35733,5.4641],[116.29931,5.48961],[116.25532,5.52482],[116.23691,5.55686],[116.18027,5.60757]]]},"properties":{"state":"Sabah","district":"Keningau","code_state":12,"code_district":21,"code_state_district":"12_21"}},
{"type":"Feature","geometry":{"type":"Polygon","coordinates":[[[116.55789,5.75788],[116.56097,5.76925],[116.53683,5.79176],[116.53256,5.83969],[116.54697,5.86514],[116.50483,5.88078],[116.46845,5.91012],[116.44463,5.91029],[116.43365,5.90383],[116.41158,5.90054],[116.40014,5.88727],[116.39101,5.8525],[116.39037,5.84427],[116.37271,5.82022],[116.35907,5.80711],[116.35242,5.81213],[116.33231,5.81992],[116.32388,5.7784],[116.32369,5.76175],[116.28797,5.74003],[116.28826,5.72721],[116.28134,5.72734],[116.21259,5.66253],[116.17684,5.68851],[116.17641,5.66303],[116.17055,5.62528],[116.16822,5.62384],[116.18027,5.60757],[116.23691,5.55686],[116.25532,5.52482],[116.29931,5.48961],[116.35733,5.4641],[116.36689,5.46859],[116.41163,5.51769],[116.53007,5.55106],[116.54321,5.56253],[116.55331,5.57437],[116.55299,5.5805],[116.54768,5.59556],[116.5658,5.62447],[116.57687,5.64595],[116.57931,5.66149],[116.57404,5.6719],[116.5855,5.70855],[116.58025,5.72944],[116.55947,5.74224],[116.55789,5.75788]]]},"properties":{"state":"Sabah","district":"Tambunan","code_state":12,"code_district":22,"code_state_district":"12_22"}},
{"type":"Feature","geometry":{"type":"MultiPolygon","coordinates":[[[[118.12065,4.8581],[118.07844,4.86932],[118.01942,4.8641],[117.99777,4.84457],[117.99912,4.82806],[117.96847,4.8209],[117.97121,4.79006],[117.94056,4.75222],[117.9231,4.7684],[117.89361,4.76565],[117.87243,4.75342],[117.86567,4.73618],[117.8293,4.73506],[117.81314,4.72157],[117.74569,4.7622],[117.76709,4.73126],[117.76257,4.71563],[117.78031,4.7064],[117.78389,4.67474],[117.81965,4.65355],[117.81778,4.63193],[117.83257,4.6215],[117.83433,4.61964],[117.83372,4.59817],[117.88096,4.61617],[117.91133,4.63476],[117.92539,4.64601],[117.93129,4.6426],[117.95596,4.61039],[118.02014,4.62999],[118.03576,4.61689],[118.05018,4.62933],[118.09516,4.61164],[118.10068,4.60039],[118.11398,4.61062],[118.16094,4.6014],[118.21599,4.57616],[118.235,4.54486],[118.24274,4.50219],[118.24653,4.51866],[118.24509,4.55408],[118.29018,4.57452],[118.29725,4.59481],[118.31358,4.60086],[118.31846,4.627],[118.30092,4.62788],[118.29568,4.65345],[118.26021,4.66277],[118.258,4.69678],[118.24276,4.69131],[118.22951,4.70438],[118.23228,4.71528],[118.22478,4.70583],[118.21802,4.71058],[118.22262,4.7217],[118.20206,4.73041],[118.19481,4.75684],[118.17967,4.7628],[118.19196,4.77863],[118.18288,4.80695],[118.17451,4.80089],[118.17872,4.80885],[118.15707,4.83752],[118.12856,4.83643],[118.12902,4.85745],[118.12065,4.8581]]],[[[118.31879,4.80072],[118.30162,4.81211],[118.29387,4.79859],[118.31879,4.80072]]]]},"properties":{"state":"Sabah","district":"Kunak","code_state":12,"code_district":23,"code_state_district":"12_23"}},
{"type":"Feature","geometry":{"type":"Polygon","coordinates":[[[117.44494,5.60732],[117.44754,5.62216],[117.4472,5.63875],[117.44329,5.64342],[117.4447,5.64655],[117.44419,5.65169],[117.37671,5.62572],[117.31717,5.60002],[117.30418,5.56621],[117.27842,5.54113],[117.20891,5.5232],[117.14282,5.53905],[117.10854,5.52082],[117.08054,5.53942],[117.08648,5.5657],[117.07947,5.57644],[117.0186,5.57088],[116.99345,5.58632],[116.96497,5.58288],[116.92409,5.6132],[116.89262,5.61989],[116.86843,5.58904],[116.86113,5.53435],[116.82238,5.51942],[116.83027,5.48943],[116.77915,5.49571],[116.74094,5.5173],[116.67469,5.53372],[116.64013,5.48186],[116.66053,5.43329],[116.63642,5.41937],[116.576,5.42262],[116.58377,5.4077],[116.57828,5.36077],[116.55818,5.34403],[116.57937,5.29522],[116.54437,5.29602],[116.51583,5.26637],[116.46507,5.24865],[116.43816,5.20204],[116.4477,5.1508],[116.46959,5.11161],[116.49735,5.10217],[116.50402,5.081],[116.50903,5.06668],[116.52898,5.04851],[116.53745,4.99495],[116.50551,4.96115],[116.51787,4.92426],[116.51369,4.88022],[116.5389,4.8098],[116.56075,4.7872],[116.55323,4.77579],[116.55851,4.74302],[116.61329,4.73066],[116.62944,4.77342],[116.65714,4.77896],[116.68202,4.79983],[116.75202,4.77862],[116.76246,4.80577],[116.81401,4.74159],[116.81726,4.72497],[116.85523,4.70164],[116.86459,4.67579],[116.85112,4.6649],[116.85882,4.65404],[116.85108,4.64124],[116.82755,4.62836],[116.80962,4.60092],[116.84808,4.60102],[116.89975,4.54808],[116.96934,4.54184],[117.04096,4.48245],[117.05886,4.49585],[117.07024,4.52428],[117.12255,4.53757],[117.07467,4.58919],[117.03729,4.59327],[117.02762,4.6031],[117.04891,4.6319],[117.06693,4.68683],[117.08155,4.69666],[117.11656,4.68727],[117.14656,4.69255],[117.19577,4.67676],[117.23513,4.68473],[117.2668,4.71482],[117.28878,4.75463],[117.31181,4.7544],[117.37642,4.68487],[117.40249,4.66977],[117.42567,4.67256],[117.47293,4.70633],[117.47673,4.72705],[117.45646,4.77586],[117.46057,4.79414],[117.46639,4.80783],[117.48209,4.82944],[117.47473,4.84004],[117.47751,5.24591],[117.48027,5.25292],[117.49086,5.24678],[117.4948,5.54256],[117.48102,5.579],[117.46977,5.58052],[117.46071,5.58306],[117.46114,5.58454],[117.4572,5.58854],[117.45162,5.59347],[117.44494,5.60732]]]},"properties":{"state":"Sabah","district":"Tongod","code_state":12,"code_district":24,"code_state_district":"12_24"}},
{"type":"Feature","geometry":{"type":"Polygon","coordinates":[[[116.04896,5.91656],[116.03268,5.89774],[116.04071,5.8941],[116.0442,5.8469],[116.0689,5.83761],[116.08831,5.87946],[116.07327,5.88402],[116.07125,5.89622],[116.05866,5.89466],[116.06707,5.89935],[116.0669,5.90808],[116.05682,5.91984],[116.05295,5.91579],[116.04896,5.91656]]]},"properties":{"state":"Sabah","district":"Putatan","code_state":12,"code_district":25,"code_state_district":"12_25"}},
{"type":"Feature","geometry":{"type":"Polygon","coordinates":[[[117.41849,5.64245],[117.42493,5.68828],[117.40721,5.68563],[117.3734,5.75204],[117.37141,5.7987],[117.33426,5.83823],[117.32666,5.86664],[117.34182,5.88592],[117.34013,5.90993],[117.32778,5.94743],[117.31659,5.95318],[117.32975,5.96835],[117.31296,5.98851],[117.30296,5.98607],[117.20924,5.93108],[117.2141,5.87499],[117.19813,5.84211],[117.16265,5.84714],[117.13901,5.87868],[117.1343,5.92159],[117.12362,5.9325],[117.12579,5.97137],[117.14924,5.99698],[117.14037,6.00123],[117.14591,6.01112],[117.1269,6.02886],[117.12435,6.04665],[117.09994,6.04841],[117.09819,6.03671],[117.08223,6.04404],[117.07548,6.04062],[117.02688,6.0447],[117.02304,5.99354],[117.00021,5.98732],[116.99164,5.95896],[116.93062,5.93354],[116.88514,5.92673],[116.87529,5.9206],[116.84273,5.88783],[116.84,5.86824],[116.9607,5.8028],[116.99134,5.73574],[116.97467,5.68809],[116.95686,5.69044],[116.90231,5.66778],[116.89262,5.61989],[116.92409,5.6132],[116.96497,5.58288],[116.99345,5.58632],[117.0186,5.57088],[117.07947,5.57644],[117.08648,5.5657],[117.08054,5.53942],[117.10854,5.52082],[117.14282,5.53905],[117.20891,5.5232],[117.27842,5.54113],[117.30418,5.56621],[117.31717,5.60002],[117.37671,5.62572],[117.41849,5.64245]]]},"properties":{"state":"Sabah","district":"Telupid","code_state":12,"code_district":26,"code_state_district":"12_26"}},
{"type":"Feature","geometry":{"type":"MultiPolygon","coordinates":[[[[117.74569,4.7622],[117.73023,4.77497],[117.69954,4.77548],[117.61898,4.74667],[117.5389,4.78905],[117.48749,4.78667],[117.47646,4.79152],[117.4641,4.80279],[117.46057,4.79414],[117.45646,4.77586],[117.47673,4.72705],[117.47293,4.70633],[117.42567,4.67256],[117.40249,4.66977],[117.37642,4.68487],[117.31181,4.7544],[117.28878,4.75463],[117.2668,4.71482],[117.23513,4.68473],[117.19577,4.67676],[117.14656,4.69255],[117.11656,4.68727],[117.08155,4.69666],[117.06693,4.68683],[117.04891,4.6319],[117.02762,4.6031],[117.03729,4.59327],[117.07467,4.58919],[117.12255,4.53757],[117.07024,4.52428],[117.05886,4.49585],[117.04096,4.48245],[117.00791,4.43568],[117.02552,4.40768],[117.01977,4.39755],[117.00307,4.37787],[116.96674,4.37734],[116.93061,4.35249],[116.95037,4.33433],[116.99543,4.34391],[117.0015,4.32138],[117.03176,4.34651],[117.11204,4.33273],[117.15158,4.3513],[117.17414,4.33582],[117.19604,4.33655],[117.22936,4.36397],[117.24906,4.36585],[117.29603,4.31075],[117.36012,4.28402],[117.40558,4.25234],[117.43949,4.19897],[117.47211,4.17975],[117.51669,4.17129],[117.53263,4.19216],[117.50058,4.20868],[117.51465,4.20695],[117.51142,4.21513],[117.52839,4.2193],[117.54095,4.21123],[117.54755,4.22838],[117.5953,4.20309],[117.60208,4.22073],[117.55716,4.25319],[117.52806,4.24111],[117.50156,4.25055],[117.49075,4.26615],[117.5307,4.24714],[117.55265,4.2657],[117.6123,4.23233],[117.64539,4.25921],[117.63318,4.27981],[117.60363,4.27667],[117.55054,4.31265],[117.55267,4.32385],[117.56323,4.31206],[117.57075,4.31988],[117.59397,4.31872],[117.5898,4.32955],[117.60406,4.34702],[117.58085,4.3587],[117.59604,4.37028],[117.59237,4.38979],[117.58026,4.38564],[117.57936,4.39268],[117.61844,4.39725],[117.59136,4.41079],[117.64224,4.41961],[117.65083,4.43902],[117.67208,4.42215],[117.67087,4.3913],[117.68836,4.37578],[117.70684,4.37441],[117.70456,4.4086],[117.71565,4.39501],[117.70723,4.42417],[117.70469,4.4262],[117.71453,4.44764],[117.75385,4.4717],[117.78195,4.48264],[117.82308,4.53529],[117.82352,4.61998],[117.81778,4.63193],[117.81965,4.65355],[117.78389,4.67474],[117.78031,4.7064],[117.76257,4.71563],[117.76709,4.73126],[117.74569,4.7622]]],[[[117.69602,4.2638],[117.66584,4.26351],[117.62408,4.22454],[117.62088,4.21033],[117.68157,4.16955],[117.89666,4.16888],[117.87878,4.1902],[117.81452,4.20164],[117.75828,4.2529],[117.69602,4.2638]]],[[[117.56532,4.21138],[117.5483,4.22156],[117.54713,4.21072],[117.53545,4.20702],[117.53748,4.19307],[117.54911,4.19363],[117.55021,4.18],[117.57546,4.18466],[117.61602,4.16318],[117.6117,4.18498],[117.56532,4.21138]]],[[[117.57386,4.31438],[117.56936,4.30847],[117.60211,4.28535],[117.62266,4.2902],[117.65122,4.2802],[117.64229,4.2929],[117.59924,4.30172],[117.59775,4.31388],[117.57386,4.31438]]],[[[117.62355,4.34334],[117.61516,4.35858],[117.60729,4.35248],[117.61215,4.33882],[117.5988,4.33621],[117.61004,4.30338],[117.62355,4.34334]]],[[[117.65105,4.39673],[117.6465,4.40994],[117.62547,4.39202],[117.63604,4.38163],[117.65105,4.39673]]],[[[117.67118,4.41181],[117.66197,4.42539],[117.64579,4.42588],[117.66094,4.40515],[117.67118,4.41181]]],[[[117.63504,4.40087],[117.64094,4.41438],[117.62776,4.41144],[117.63504,4.40087]]],[[[117.53176,4.20299],[117.53183,4.21134],[117.52066,4.20726],[117.53176,4.20299]]],[[[117.52896,4.1704],[117.53307,4.17836],[117.52255,4.1723],[117.52896,4.1704]]]]},"properties":{"state":"Sabah","district":"Kalabakan","code_state":12,"code_district":27,"code_state_district":"12_27"}},
{"type":"Feature","geometry":{"type":"Polygon","coordinates":[[[110.13478,1.66665],[110.17244,1.63006],[110.18213,1.60575],[110.18991,1.59123],[110.18264,1.59047],[110.16062,1.57875],[110.14555,1.57337],[110.13784,1.57875],[110.13356,1.56737],[110.12485,1.54567],[110.11441,1.53209],[110.12263,1.52492],[110.13616,1.54741],[110.15699,1.55618],[110.16146,1.56057],[110.17156,1.54725],[110.17842,1.55414],[110.18906,1.56303],[110.19769,1.57159],[110.19885,1.49434],[110.21242,1.49571],[110.26341,1.45329],[110.27402,1.46189],[110.27514,1.46033],[110.27452,1.45419],[110.27039,1.44603],[110.27004,1.41847],[110.26328,1.41882],[110.2657,1.41111],[110.24585,1.38179],[110.15058,1.20025],[110.18669,1.18343],[110.20051,1.165],[110.20332,1.1194],[110.23572,1.11731],[110.2622,1.05109],[110.27701,1.06205],[110.28182,1.08439],[110.28846,1.17371],[110.29797,1.19789],[110.30745,1.19794],[110.30786,1.20896],[110.32307,1.21498],[110.33056,1.21432],[110.33429,1.20956],[110.3361,1.20096],[110.34544,1.19409],[110.40652,1.13785],[110.42524,1.16538],[110.43451,1.24241],[110.43242,1.2614],[110.4433,1.25731],[110.44937,1.26581],[110.4397,1.27538],[110.43675,1.27892],[110.43926,1.2935],[110.45374,1.31223],[110.47553,1.35195],[110.48209,1.35544],[110.46075,1.38162],[110.41893,1.36941],[110.41086,1.38626],[110.41454,1.41901],[110.4029,1.40887],[110.36713,1.41317],[110.32456,1.42772],[110.32639,1.43009],[110.30172,1.44373],[110.30185,1.44832],[110.31119,1.46082],[110.3208,1.46202],[110.33216,1.46244],[110.33229,1.4663],[110.34291,1.47284],[110.3665,1.47233],[110.40893,1.50981],[110.43583,1.50521],[110.44257,1.51412],[110.4533,1.5103],[110.46205,1.51599],[110.46884,1.51435],[110.47404,1.51945],[110.46637,1.54168],[110.48686,1.56978],[110.47755,1.57665],[110.46705,1.5799],[110.47051,1.58929],[110.52029,1.5962],[110.51536,1.63337],[110.48889,1.64172],[110.49493,1.6509],[110.47841,1.66007],[110.4928,1.67017],[110.49811,1.70745],[110.52605,1.72423],[110.51463,1.74248],[110.49674,1.74553],[110.50323,1.73057],[110.49518,1.72234],[110.47881,1.72114],[110.45956,1.73811],[110.45863,1.72857],[110.44324,1.72889],[110.448,1.71939],[110.42854,1.69026],[110.43101,1.67624],[110.39129,1.69405],[110.37247,1.68479],[110.37179,1.70533],[110.3527,1.71854],[110.35426,1.75848],[110.33668,1.78405],[110.34633,1.79789],[110.33489,1.80577],[110.32076,1.7598],[110.30301,1.73767],[110.31354,1.73237],[110.31871,1.70925],[110.29038,1.68059],[110.27684,1.68045],[110.28823,1.69803],[110.284,1.70919],[110.21593,1.70235],[110.20173,1.68659],[110.19991,1.70337],[110.18679,1.70619],[110.1459,1.70094],[110.13478,1.66665]]]},"properties":{"state":"Sarawak","district":"Kuching","code_state":13,"code_district":1,"code_state_district":"13_1"}},
{"type":"Feature","geometry":{"type":"Polygon","coordinates":[[[110.19885,1.49434],[110.19769,1.57159],[110.18906,1.56303],[110.17842,1.55414],[110.17156,1.54725],[110.16146,1.56057],[110.15699,1.55618],[110.13616,1.54741],[110.12263,1.52492],[110.11441,1.53209],[110.10488,1.52334],[110.09005,1.50996],[110.08082,1.49951],[110.01318,1.50302],[109.99659,1.4625],[109.99058,1.45396],[109.98251,1.44953],[109.96595,1.44526],[109.92723,1.4282],[109.96806,1.38966],[109.96044,1.37369],[109.97654,1.30152],[109.99841,1.3001],[110.04261,1.26514],[110.06142,1.26415],[110.06108,1.20925],[110.0814,1.21615],[110.09327,1.1981],[110.11388,1.19417],[110.15058,1.20025],[110.24585,1.38179],[110.2657,1.41111],[110.26328,1.41882],[110.27004,1.41847],[110.27039,1.44603],[110.27487,1.45527],[110.27448,1.46203],[110.2716,1.45594],[110.26341,1.45329],[110.21242,1.49571],[110.19885,1.49434]]]},"properties":{"state":"Sarawak","district":"Bau","code_state":13,"code_district":2,"code_state_district":"13_2"}},
{"type":"Feature","geometry":{"type":"Polygon","coordinates":[[[110.13478,1.66665],[110.13581,1.69397],[110.1246,1.69849],[110.00516,1.69751],[109.97532,1.67393],[109.965,1.70124],[109.93069,1.68644],[109.92319,1.70524],[109.87126,1.73263],[109.8787,1.75273],[109.85035,1.77157],[109.85285,1.7868],[109.70408,1.84141],[109.68045,1.86119],[109.68455,1.87695],[109.65007,1.9142],[109.65043,1.98279],[109.66688,1.9853],[109.64606,2.01109],[109.65699,2.03915],[109.64572,2.05074],[109.6448,2.08127],[109.63074,2.04825],[109.63816,2.02766],[109.62724,1.99074],[109.59891,1.97331],[109.55478,1.96848],[109.55096,1.95448],[109.56393,1.93855],[109.53985,1.91529],[109.55818,1.87094],[109.55287,1.85451],[109.58362,1.83495],[109.58529,1.7939],[109.63157,1.80323],[109.68347,1.78346],[109.66668,1.72595],[109.66287,1.62325],[109.68654,1.61298],[109.72298,1.56446],[109.79519,1.50389],[109.80308,1.4709],[109.81525,1.46484],[109.83993,1.48939],[109.8303,1.46028],[109.83577,1.4248],[109.89329,1.41778],[109.92723,1.4282],[109.96595,1.44526],[109.98593,1.45112],[109.99119,1.45453],[109.99601,1.46138],[110.01318,1.50302],[110.08082,1.49951],[110.09005,1.50996],[110.10488,1.52334],[110.11441,1.53209],[110.12485,1.54567],[110.13356,1.56737],[110.13784,1.57875],[110.14555,1.57337],[110.16062,1.57875],[110.18264,1.59047],[110.18991,1.59123],[110.18213,1.60575],[110.17244,1.63006],[110.13478,1.66665]]]},"properties":{"state":"Sarawak","district":"Lundu","code_state":13,"code_district":3,"code_state_district":"13_3"}},
{"type":"Feature","geometry":{"type":"Polygon","coordinates":[[[110.48984,1.51114],[110.48343,1.51885],[110.47934,1.5206],[110.47318,1.51898],[110.46839,1.51419],[110.46114,1.5157],[110.4533,1.5103],[110.44257,1.51412],[110.43583,1.50521],[110.40893,1.50981],[110.3665,1.47233],[110.34291,1.47284],[110.33229,1.4663],[110.33216,1.46244],[110.3208,1.46202],[110.31119,1.46082],[110.30185,1.44832],[110.30172,1.44373],[110.32639,1.43009],[110.32456,1.42772],[110.36713,1.41317],[110.4029,1.40887],[110.41454,1.41901],[110.41086,1.38626],[110.41893,1.36941],[110.46075,1.38162],[110.48209,1.35544],[110.5011,1.36375],[110.51986,1.36364],[110.53514,1.3605],[110.53428,1.36323],[110.52409,1.37106],[110.63944,1.45295],[110.63715,1.48115],[110.65184,1.51306],[110.48984,1.51114]]]},"properties":{"state":"Sarawak","district":"Samarahan","code_state":13,"code_district":4,"code_state_district":"13_4"}},
{"type":"Feature","geometry":{"type":"Polygon","coordinates":[[[110.62999,0.89385],[110.6406,0.89932],[110.64664,0.87377],[110.66533,0.87634],[110.6817,0.86371],[110.70369,0.90326],[110.72234,0.9054],[110.74094,0.89374],[110.75976,0.92878],[110.79766,0.89781],[110.8052,0.9107],[110.79254,0.9356],[110.79686,0.94572],[110.8514,0.94962],[110.86223,0.96561],[110.867,0.98086],[110.85107,0.9986],[110.8433,1.03069],[110.86651,1.03436],[110.8512,1.04308],[110.84573,1.07633],[110.82646,1.08181],[110.8249,1.1066],[110.81115,1.11037],[110.78265,1.12678],[110.71611,1.19976],[110.68591,1.2146],[110.53599,1.36098],[110.51945,1.36367],[110.49918,1.36339],[110.47553,1.35195],[110.45374,1.31223],[110.43956,1.29429],[110.43661,1.27932],[110.4397,1.27538],[110.44937,1.26581],[110.4433,1.25731],[110.43242,1.2614],[110.43451,1.24241],[110.42524,1.16538],[110.40652,1.13785],[110.50301,1.04899],[110.51982,0.99266],[110.56896,0.97815],[110.6282,0.97668],[110.62999,0.89385]]]},"properties":{"state":"Sarawak","district":"Serian","code_state":13,"code_district":5,"code_state_district":"13_5"}},
{"type":"Feature","geometry":{"type":"Polygon","coordinates":[[[110.97404,1.49823],[110.9314,1.52371],[110.87752,1.53221],[110.78721,1.57878],[110.76239,1.5665],[110.7503,1.55064],[110.75364,1.53483],[110.7534,1.4999],[110.74708,1.48109],[110.73557,1.47178],[110.69255,1.44963],[110.63944,1.45295],[110.52393,1.3705],[110.53428,1.36323],[110.68591,1.2146],[110.71611,1.19976],[110.78265,1.12678],[110.81115,1.11037],[110.8249,1.1066],[110.82646,1.08181],[110.84573,1.07633],[110.8512,1.04308],[110.86651,1.03436],[110.8433,1.03069],[110.85107,0.9986],[110.867,0.98086],[110.86223,0.96561],[110.88741,0.98607],[110.90174,1.02876],[110.99076,1.03617],[110.97261,1.04106],[110.9743,1.05769],[110.98372,1.05872],[110.97394,1.11411],[110.93796,1.16714],[110.94241,1.18863],[110.96097,1.20388],[111.0029,1.19676],[111.02487,1.22035],[111.04294,1.2172],[111.06787,1.20622],[111.07973,1.22327],[111.09062,1.23579],[111.0844,1.24595],[111.10831,1.31228],[111.11078,1.40905],[111.07036,1.41861],[111.05756,1.42473],[111.04645,1.43242],[111.0427,1.43629],[111.03601,1.45545],[111.02766,1.4717],[111.01336,1.49142],[111.00638,1.49771],[110.97404,1.49823]]]},"properties":{"state":"Sarawak","district":"Simunjan","code_state":13,"code_district":6,"code_state_district":"13_6"}},
{"type":"Feature","geometry":{"type":"Polygon","coordinates":[[[111.50899,1.27791],[111.46786,1.38687],[111.27893,1.44386],[111.22996,1.47225],[111.19634,1.39459],[111.18188,1.38152],[111.1685,1.37615],[111.16187,1.37584],[111.12987,1.40134],[111.11078,1.40905],[111.10831,1.31228],[111.0844,1.24595],[111.09062,1.23579],[111.07973,1.22327],[111.06787,1.20622],[111.04294,1.2172],[111.02487,1.22035],[111.0029,1.19676],[110.96097,1.20388],[110.94241,1.18863],[110.93796,1.16714],[110.97394,1.11411],[110.98372,1.05872],[110.9743,1.05769],[110.97261,1.04106],[110.99076,1.03617],[111.18034,1.06445],[111.22861,1.08869],[111.24853,1.06559],[111.26629,1.07161],[111.40827,1.01337],[111.44153,1.01944],[111.46008,1.03935],[111.48206,1.03768],[111.50976,1.00848],[111.52022,0.96199],[111.54149,0.95336],[111.54737,0.98325],[111.57348,0.97899],[111.58909,1.00904],[111.65793,1.04117],[111.65432,1.0687],[111.62237,1.08397],[111.61329,1.12396],[111.5337,1.17048],[111.51746,1.18832],[111.5071,1.1983],[111.50261,1.20947],[111.49639,1.21822],[111.49625,1.23553],[111.49947,1.24605],[111.48678,1.261],[111.49971,1.27268],[111.51266,1.26025],[111.50899,1.27791]]]},"properties":{"state":"Sarawak","district":"Sri Aman","code_state":13,"code_district":7,"code_state_district":"13_7"}},
{"type":"Feature","geometry":{"type":"Polygon","coordinates":[[[111.84069,1.5734],[111.81813,1.58651],[111.80158,1.58527],[111.78714,1.57685],[111.7792,1.57769],[111.77157,1.55981],[111.75731,1.55264],[111.74793,1.50751],[111.73103,1.48601],[111.71988,1.46822],[111.71371,1.47408],[111.70705,1.45974],[111.70413,1.45715],[111.69509,1.46107],[111.67543,1.46868],[111.66942,1.45461],[111.67272,1.44264],[111.65802,1.42944],[111.63005,1.33921],[111.61731,1.34147],[111.62553,1.33016],[111.57196,1.29169],[111.51063,1.27619],[111.50899,1.27791],[111.51266,1.26025],[111.49971,1.27268],[111.48678,1.261],[111.49947,1.24605],[111.49625,1.23553],[111.49668,1.21711],[111.50203,1.21051],[111.5078,1.19732],[111.51746,1.18832],[111.5337,1.17048],[111.61329,1.12396],[111.62237,1.08397],[111.65432,1.0687],[111.66238,1.04522],[111.68581,1.02778],[111.71126,1.02442],[111.71471,1.00827],[111.76151,1.0215],[111.772,1.00174],[111.82393,0.98906],[111.86552,1.015],[111.87877,1.06675],[111.92519,1.09116],[111.93371,1.11856],[112.15236,1.1437],[112.15421,1.16925],[112.14286,1.18637],[112.16646,1.22086],[112.16076,1.24843],[112.17263,1.26019],[112.17648,1.30634],[112.21045,1.34064],[112.20753,1.35264],[112.22439,1.38029],[112.22424,1.40064],[112.19569,1.40891],[112.20165,1.4317],[112.19203,1.44348],[112.17143,1.44969],[112.14656,1.45903],[112.11887,1.46199],[112.0948,1.46043],[112.07499,1.45742],[112.06793,1.47362],[112.02702,1.48708],[112.01275,1.54191],[111.99917,1.5518],[111.98603,1.56284],[111.89802,1.56269],[111.89245,1.57467],[111.87232,1.56509],[111.85168,1.57819],[111.84069,1.5734]]]},"properties":{"state":"Sarawak","district":"Lubok Antu","code_state":13,"code_district":8,"code_state_district":"13_8"}},
{"type":"Feature","geometry":{"type":"Polygon","coordinates":[[[111.22996,1.47225],[111.27893,1.44386],[111.46786,1.38687],[111.51063,1.27619],[111.57196,1.29169],[111.62553,1.33016],[111.61731,1.34147],[111.63005,1.33921],[111.65802,1.42944],[111.67272,1.44264],[111.66942,1.45461],[111.67543,1.46868],[111.69509,1.46107],[111.70469,1.45719],[111.71371,1.47408],[111.71988,1.46822],[111.73103,1.48601],[111.74793,1.50751],[111.75731,1.55264],[111.77201,1.56032],[111.77927,1.57963],[111.77638,1.58525],[111.7716,1.58811],[111.76578,1.60512],[111.75315,1.61933],[111.73685,1.64267],[111.73927,1.65004],[111.73858,1.6531],[111.73435,1.65706],[111.72971,1.65874],[111.72212,1.65829],[111.71403,1.65311],[111.69837,1.66042],[111.68789,1.63913],[111.67201,1.63763],[111.62864,1.638],[111.62785,1.65249],[111.5956,1.65185],[111.56606,1.65204],[111.55414,1.65297],[111.54068,1.67784],[111.50751,1.68996],[111.4893,1.66386],[111.45145,1.64156],[111.44575,1.63366],[111.4397,1.62764],[111.43599,1.62641],[111.42638,1.62874],[111.42261,1.62781],[111.40559,1.64498],[111.39243,1.65133],[111.38552,1.66502],[111.3709,1.66708],[111.31031,1.64674],[111.31012,1.61585],[111.35603,1.58123],[111.34323,1.51919],[111.32463,1.53992],[111.29411,1.55277],[111.25195,1.55317],[111.18773,1.51805],[111.22996,1.47225]]]},"properties":{"state":"Sarawak","district":"Betong","code_state":13,"code_district":9,"code_state_district":"13_9"}},
{"type":"Feature","geometry":{"type":"Polygon","coordinates":[[[111.16618,1.71348],[111.19522,1.69414],[111.20604,1.68994],[111.38498,1.66533],[111.39243,1.65133],[111.40559,1.64498],[111.42261,1.62781],[111.42638,1.62874],[111.43668,1.62642],[111.44623,1.63417],[111.45145,1.64156],[111.4893,1.66386],[111.50751,1.68996],[111.54068,1.67784],[111.55474,1.65277],[111.56606,1.65204],[111.5956,1.65185],[111.62029,1.65833],[111.61616,1.67039],[111.62224,1.6788],[111.62526,1.68741],[111.62647,1.69871],[111.62478,1.70187],[111.6187,1.71997],[111.62283,1.73082],[111.62889,1.73826],[111.63054,1.74336],[111.62823,1.74939],[111.623,1.75066],[111.59496,1.77134],[111.58016,1.78022],[111.54028,1.79519],[111.54176,1.80166],[111.54032,1.80398],[111.51534,1.8061],[111.50222,1.82379],[111.50313,1.82792],[111.50961,1.82857],[111.51403,1.83327],[111.51195,1.86225],[111.4991,1.86649],[111.47899,1.8914],[111.46832,1.89865],[111.46226,1.88964],[111.45339,1.89524],[111.45253,1.90461],[111.35536,1.86364],[111.18463,1.74451],[111.16618,1.71348]]]},"properties":{"state":"Sarawak","district":"Saratok","code_state":13,"code_district":10,"code_state_district":"13_10"}},
{"type":"Feature","geometry":{"type":"Polygon","coordinates":[[[111.5024,2.21636],[111.49032,2.23265],[111.47397,2.24876],[111.47604,2.2385],[111.48161,2.23238],[111.4277,2.18736],[111.41159,2.18894],[111.40275,2.17006],[111.37498,2.18943],[111.37297,2.18329],[111.37284,2.16816],[111.37083,2.16345],[111.38132,2.14825],[111.35573,2.15301],[111.34537,2.10369],[111.3148,2.10165],[111.24781,2.13476],[111.22277,2.09224],[111.25323,2.06531],[111.21159,2.09692],[111.20532,2.08735],[111.20124,2.07171],[111.24534,2.03683],[111.26138,2.02227],[111.28319,2.04458],[111.28704,1.99769],[111.34044,1.9947],[111.37,1.97616],[111.39217,1.97603],[111.40661,1.97485],[111.41038,1.9796],[111.41248,1.97953],[111.41814,1.97421],[111.41717,1.94655],[111.42466,1.94225],[111.43617,1.94295],[111.4416,1.93972],[111.44584,1.93036],[111.44672,1.91903],[111.45175,1.91162],[111.45339,1.89524],[111.46226,1.88964],[111.46832,1.89865],[111.47899,1.8914],[111.4896,1.88562],[111.51092,1.89358],[111.51345,1.9084],[111.58667,1.96595],[111.58661,1.97625],[111.60257,1.98466],[111.61457,1.98938],[111.63166,2.0003],[111.62954,2.01307],[111.62069,2.02959],[111.61706,2.03567],[111.60287,2.05579],[111.60744,2.08415],[111.58364,2.1341],[111.58259,2.17352],[111.59432,2.17535],[111.58307,2.19199],[111.56237,2.18633],[111.53453,2.19428],[111.5024,2.21636]]]},"properties":{"state":"Sarawak","district":"Sarikei","code_state":13,"code_district":11,"code_state_district":"13_11"}},
{"type":"Feature","geometry":{"type":"Polygon","coordinates":[[[111.5842,2.31426],[111.57792,2.32041],[111.57828,2.32294],[111.58223,2.32746],[111.5619,2.32446],[111.5541,2.32891],[111.54683,2.36266],[111.52681,2.34802],[111.50939,2.35378],[111.49768,2.34646],[111.49118,2.3441],[111.48884,2.32763],[111.45996,2.29259],[111.45951,2.25974],[111.48475,2.2395],[111.5024,2.21636],[111.53453,2.19428],[111.56237,2.18633],[111.58307,2.19199],[111.59432,2.17535],[111.58259,2.17352],[111.58364,2.1341],[111.60744,2.08415],[111.60287,2.05579],[111.61706,2.03567],[111.62069,2.02959],[111.62954,2.01307],[111.63767,1.98032],[111.65583,1.97154],[111.67752,1.98829],[111.71272,1.98931],[111.75501,2.00268],[111.77068,2.03261],[111.78311,2.04206],[111.79083,2.06257],[111.78005,2.09595],[111.78673,2.15927],[111.75586,2.17337],[111.74501,2.20196],[111.71335,2.22459],[111.70063,2.2626],[111.68628,2.27888],[111.67077,2.28794],[111.63489,2.26228],[111.62374,2.26353],[111.60982,2.27613],[111.6025,2.29259],[111.58591,2.29327],[111.5842,2.31426]]]},"properties":{"state":"Sarawak","district":"Maradong","code_state":13,"code_district":12,"code_state_district":"13_12"}},
{"type":"Feature","geometry":{"type":"Polygon","coordinates":[[[111.40943,2.69687],[111.4092,2.76802],[111.37984,2.7702],[111.33393,2.80606],[111.32179,2.80156],[111.28624,2.74993],[111.28179,2.72417],[111.28221,2.6367],[111.29974,2.50761],[111.28362,2.4254],[111.3315,2.40463],[111.3352,2.37538],[111.35806,2.34175],[111.36843,2.34124],[111.38206,2.36744],[111.41826,2.36637],[111.43503,2.38237],[111.49324,2.34643],[111.49768,2.34646],[111.50939,2.35378],[111.52681,2.34802],[111.54683,2.36266],[111.5541,2.32891],[111.5619,2.32446],[111.57777,2.3289],[111.59837,2.32457],[111.6017,2.35191],[111.60817,2.37815],[111.59628,2.373],[111.58979,2.3767],[111.60383,2.38747],[111.5856,2.43048],[111.59057,2.43855],[111.5802,2.44127],[111.57298,2.44866],[111.57493,2.452],[111.583,2.45835],[111.58382,2.46473],[111.58974,2.48004],[111.56207,2.55136],[111.42729,2.66631],[111.40943,2.69687]]]},"properties":{"state":"Sarawak","district":"Daro","code_state":13,"code_district":13,"code_state_district":"13_13"}},
{"type":"Feature","geometry":{"type":"Polygon","coordinates":[[[111.95901,2.06477],[111.92149,2.07287],[111.90571,2.07626],[111.8869,2.07184],[111.86879,2.07376],[111.86356,2.06864],[111.83214,2.04413],[111.79559,2.05319],[111.78825,2.05003],[111.78311,2.04206],[111.77068,2.03261],[111.75501,2.00268],[111.71272,1.98931],[111.72705,1.98094],[111.73635,1.94295],[111.76994,1.90527],[111.7746,1.88929],[111.76428,1.86743],[111.77772,1.83082],[111.76871,1.81033],[111.75968,1.79904],[111.80807,1.7272],[111.89027,1.68297],[111.87155,1.63284],[111.89335,1.6214],[111.89245,1.57467],[111.89802,1.56269],[111.98603,1.56284],[111.99651,1.56233],[112.0632,1.58266],[112.06103,1.6131],[112.08826,1.60725],[112.16543,1.62569],[112.16304,1.66347],[112.21285,1.66068],[112.20678,1.675],[112.19847,1.67988],[112.18103,1.69512],[112.17951,1.70938],[112.18075,1.72123],[112.17494,1.72899],[112.17013,1.74074],[112.14314,1.75182],[112.09272,1.75814],[112.08415,1.78379],[112.04801,1.80251],[112.03849,1.8089],[112.03689,1.81343],[112.02156,1.82994],[112.02983,1.84066],[112.02464,1.85371],[112.03566,1.85325],[112.0389,1.84971],[112.04219,1.84959],[112.04953,1.85545],[112.04994,1.8574],[112.04692,1.86419],[112.03521,1.87681],[112.0196,1.902],[111.97738,1.91745],[111.96803,1.92527],[111.9567,1.92735],[111.95492,1.93679],[111.94826,1.94872],[111.95446,1.97055],[111.95373,1.98463],[111.96232,1.98931],[111.96705,2.01305],[111.96156,2.02988],[111.9708,2.04225],[111.95901,2.06477]]]},"properties":{"state":"Sarawak","district":"Julau","code_state":13,"code_district":14,"code_state_district":"13_14"}},
{"type":"Feature","geometry":{"type":"Polygon","coordinates":[[[111.9941,2.53333],[111.96675,2.54043],[111.84073,2.52703],[111.69222,2.45289],[111.59481,2.44228],[111.58705,2.43921],[111.5856,2.43048],[111.60383,2.38747],[111.58979,2.3767],[111.59628,2.373],[111.60817,2.37815],[111.6017,2.35191],[111.59837,2.32457],[111.5829,2.3277],[111.57787,2.32194],[111.5781,2.31956],[111.5842,2.31426],[111.58591,2.29327],[111.6025,2.29259],[111.61148,2.274],[111.62075,2.2653],[111.62751,2.26243],[111.63489,2.26228],[111.67077,2.28794],[111.68628,2.27888],[111.70063,2.2626],[111.71335,2.22459],[111.74501,2.20196],[111.75586,2.17337],[111.78673,2.15927],[111.78005,2.09595],[111.79083,2.06257],[111.78825,2.05003],[111.79559,2.05319],[111.83214,2.04413],[111.86356,2.06864],[111.8675,2.07287],[111.8706,2.07394],[111.8839,2.07166],[111.90942,2.07607],[111.98307,2.06546],[111.98679,2.07977],[112.00299,2.07861],[112.04469,2.06481],[112.07675,2.14974],[112.10978,2.18003],[112.1098,2.19004],[112.1117,2.19301],[112.10301,2.21715],[112.1134,2.21562],[112.13062,2.23317],[112.12469,2.25305],[112.13376,2.26185],[112.14311,2.26872],[112.15333,2.2778],[112.14809,2.29941],[112.1374,2.29683],[112.10709,2.32672],[112.09635,2.33847],[112.11067,2.34702],[112.11156,2.36444],[112.06622,2.39424],[112.06021,2.41031],[112.0039,2.43912],[112.00888,2.45211],[111.99232,2.46434],[111.9941,2.53333]]]},"properties":{"state":"Sarawak","district":"Sibu","code_state":13,"code_district":15,"code_state_district":"13_15"}},
{"type":"Feature","geometry":{"type":"Polygon","coordinates":[[[112.16365,2.63812],[112.05309,2.72957],[112.03583,2.7455],[112.02247,2.77086],[111.98322,2.8666],[111.97736,2.87777],[111.87624,2.86007],[111.85344,2.86831],[111.77729,2.85832],[111.80387,2.82542],[111.84064,2.76563],[111.84882,2.72725],[111.83009,2.70831],[111.85456,2.66824],[111.92617,2.65701],[111.95728,2.57488],[111.98821,2.54077],[111.99404,2.53256],[112.00381,2.54209],[112.01623,2.5291],[112.21049,2.51612],[112.20481,2.53752],[112.20668,2.54976],[112.19484,2.55606],[112.18564,2.56601],[112.16973,2.58333],[112.15783,2.61823],[112.16365,2.63812]]]},"properties":{"state":"Sarawak","district":"Dalat","code_state":13,"code_district":16,"code_state_district":"13_16"}},
{"type":"Feature","geometry":{"type":"Polygon","coordinates":[[[112.70826,3.06903],[112.59664,3.03543],[112.58567,3.02957],[112.58331,3.00828],[112.57442,3.02353],[112.5543,3.02179],[111.97809,2.87759],[112.00919,2.80174],[112.03304,2.74908],[112.04965,2.73247],[112.16365,2.63812],[112.15783,2.61823],[112.16973,2.58333],[112.18564,2.56601],[112.19483,2.55606],[112.20408,2.56236],[112.18943,2.58447],[112.26411,2.57628],[112.3436,2.60152],[112.49783,2.72859],[112.50985,2.72931],[112.50664,2.73919],[112.54337,2.74983],[112.54394,2.76682],[112.55236,2.77049],[112.55855,2.75616],[112.57511,2.75419],[112.58315,2.81017],[112.56786,2.8134],[112.56586,2.82934],[112.57921,2.84716],[112.6998,2.84969],[112.6964,2.87442],[112.71162,2.92128],[112.72101,2.92528],[112.72385,2.99374],[112.70826,3.06903]]]},"properties":{"state":"Sarawak","district":"Mukah","code_state":13,"code_district":17,"code_state_district":"13_17"}},
{"type":"Feature","geometry":{"type":"Polygon","coordinates":[[[112.17098,2.18208],[112.1098,2.19004],[112.10978,2.18003],[112.07675,2.14974],[112.04469,2.06481],[112.00299,2.07861],[111.98679,2.07977],[111.98307,2.06546],[111.95901,2.06477],[111.9708,2.04225],[111.96156,2.02988],[111.96705,2.01305],[111.96232,1.98931],[111.95373,1.98463],[111.95446,1.97055],[111.94826,1.94872],[111.95462,1.93753],[111.95573,1.92966],[111.95777,1.92626],[111.97738,1.91745],[112.0196,1.902],[112.03521,1.87681],[112.04692,1.86419],[112.05012,1.85669],[112.04134,1.84947],[112.03824,1.85007],[112.03566,1.85325],[112.02464,1.85371],[112.02983,1.84066],[112.02156,1.82994],[112.03689,1.81343],[112.03849,1.8089],[112.04801,1.80251],[112.08415,1.78379],[112.09272,1.75814],[112.14314,1.75182],[112.17013,1.74074],[112.17494,1.72899],[112.18075,1.72123],[112.17951,1.70938],[112.19475,1.6841],[112.20435,1.69493],[112.22263,1.69418],[112.2257,1.69128],[112.22888,1.68196],[112.24163,1.6743],[112.24595,1.67894],[112.24661,1.69427],[112.29918,1.72607],[112.30705,1.74611],[112.34213,1.74034],[112.35634,1.75281],[112.39417,1.7513],[112.44538,1.79108],[112.45103,1.7972],[112.44073,1.8016],[112.42731,1.80919],[112.41633,1.81232],[112.41436,1.83072],[112.39072,1.83546],[112.36856,1.85983],[112.42103,1.86059],[112.42838,1.87898],[112.44537,1.88103],[112.44883,1.90111],[112.46582,1.90643],[112.4682,1.92295],[112.46812,1.94163],[112.47389,1.95338],[112.47487,1.95925],[112.48283,1.96402],[112.47796,1.97615],[112.4704,1.99226],[112.44037,1.999],[112.42493,1.99176],[112.39613,2.01963],[112.39439,2.0375],[112.39946,2.04288],[112.39705,2.04706],[112.38026,2.05203],[112.37829,2.06328],[112.38841,2.06062],[112.39247,2.06117],[112.39992,2.07334],[112.39047,2.09512],[112.39601,2.10912],[112.40371,2.118],[112.41167,2.13005],[112.41197,2.13707],[112.40817,2.14677],[112.38418,2.15221],[112.26883,2.18267],[112.25531,2.17699],[112.22482,2.18013],[112.21558,2.17494],[112.18988,2.17674],[112.17098,2.18208]]]},"properties":{"state":"Sarawak","district":"Kanowit","code_state":13,"code_district":18,"code_state_district":"13_18"}},
{"type":"Feature","geometry":{"type":"Polygon","coordinates":[[[113.52906,3.44167],[113.51189,3.46042],[113.49598,3.47014],[113.48061,3.46913],[113.50471,3.55152],[113.49736,3.57905],[113.50213,3.58657],[113.50705,3.59912],[113.50692,3.60784],[113.47776,3.66595],[113.46771,3.68217],[113.45325,3.69375],[113.42706,3.70523],[113.42501,3.70894],[113.42529,3.7151],[113.42143,3.71663],[113.35039,3.6056],[113.29074,3.55126],[113.29731,3.52094],[113.27615,3.49197],[113.17142,3.40354],[113.13953,3.33903],[113.04824,3.26692],[113.07189,3.26623],[113.06186,3.25775],[113.07284,3.25233],[113.01678,3.17594],[112.96706,3.13779],[112.88673,3.11313],[112.87475,3.10694],[112.87702,3.09818],[112.88998,3.0534],[112.89964,3.02787],[112.91664,3.02046],[112.94243,3.02869],[112.92688,2.9701],[112.9521,2.93715],[112.92261,2.91622],[112.93272,2.91119],[112.94975,2.92134],[112.96171,2.91616],[112.97427,2.92043],[112.97808,2.92783],[112.98079,2.94783],[112.98573,2.95146],[112.98919,2.95052],[112.99115,2.95763],[113.01856,2.97416],[113.06019,2.98429],[113.09269,3.01562],[113.13706,3.03307],[113.20482,3.07936],[113.20289,3.09176],[113.18782,3.0888],[113.19265,3.16118],[113.23197,3.19047],[113.23441,3.20466],[113.28817,3.20175],[113.30321,3.2169],[113.31907,3.21648],[113.33581,3.24164],[113.35649,3.24888],[113.35404,3.27261],[113.40612,3.30285],[113.40097,3.32008],[113.41612,3.3233],[113.44875,3.36062],[113.44276,3.36581],[113.46812,3.39445],[113.52906,3.44167]]]},"properties":{"state":"Sarawak","district":"Bintulu","code_state":13,"code_district":19,"code_state_district":"13_19"}},
{"type":"Feature","geometry":{"type":"Polygon","coordinates":[[[112.88998,3.0534],[112.87702,3.09818],[112.87077,3.10704],[112.70826,3.06903],[112.72385,2.99374],[112.72101,2.92528],[112.71162,2.92128],[112.6964,2.87442],[112.7,2.84837],[112.70288,2.84309],[112.70707,2.84092],[112.71905,2.8459],[112.74443,2.81455],[112.73193,2.79953],[112.78494,2.7857],[112.77133,2.78329],[112.7739,2.77322],[112.75366,2.7737],[112.74456,2.74683],[112.7363,2.74691],[112.71929,2.74725],[112.71002,2.74691],[112.70712,2.74322],[112.7054,2.73141],[112.72396,2.70742],[112.7339,2.70325],[112.73493,2.7011],[112.73847,2.70013],[112.74379,2.69527],[112.74974,2.69432],[112.75711,2.70054],[112.79626,2.69167],[112.81972,2.68932],[112.84867,2.66724],[112.84567,2.65556],[112.80992,2.6522],[112.79231,2.63553],[112.76821,2.63716],[112.72327,2.67226],[112.71123,2.66928],[112.73065,2.64655],[112.7112,2.61771],[112.73255,2.59188],[112.72092,2.57373],[112.73141,2.55608],[112.7453,2.55362],[112.74587,2.53501],[112.71059,2.50951],[112.71417,2.50108],[112.70927,2.49119],[112.70895,2.48648],[112.71647,2.47737],[112.71742,2.47186],[112.71251,2.46672],[112.7044,2.46456],[112.69987,2.46059],[112.67758,2.40895],[112.67878,2.39817],[112.67759,2.39353],[112.6719,2.38852],[112.6478,2.38714],[112.64196,2.3848],[112.64182,2.36845],[112.66406,2.33132],[112.66176,2.31712],[112.67766,2.31408],[112.67913,2.29676],[112.78013,2.29541],[112.78958,2.29709],[112.79426,2.29611],[112.8063,2.28607],[112.80859,2.28034],[112.80807,2.27691],[112.80565,2.27401],[112.80123,2.27237],[112.78058,2.27075],[112.77773,2.26873],[112.78014,2.25739],[112.79338,2.25347],[112.79687,2.25021],[112.79301,2.24655],[112.77411,2.24298],[112.76736,2.23437],[112.7361,2.24113],[112.7192,2.23796],[112.69415,2.25022],[112.67946,2.24788],[112.70286,2.23413],[112.68785,2.21482],[112.67726,2.20831],[112.63438,2.20555],[112.62322,2.20333],[112.63033,2.18841],[112.6826,2.17714],[112.81846,2.14851],[112.83471,2.15814],[112.8361,2.17923],[112.86746,2.16689],[112.87891,2.17534],[112.88747,2.17535],[112.89062,2.17676],[112.89147,2.18022],[112.88717,2.18893],[112.8878,2.19631],[112.90898,2.23811],[112.90142,2.24921],[112.8933,2.2569],[112.90203,2.26655],[112.91387,2.27227],[112.92828,2.27195],[112.97464,2.28717],[112.9879,2.28594],[112.99367,2.29017],[112.99705,2.30544],[112.99388,2.3256],[113.01225,2.34029],[113.0217,2.35113],[113.0213,2.35612],[113.01447,2.36461],[113.01236,2.3715],[113.01182,2.40293],[113.00307,2.42001],[113.00978,2.42973],[113.01401,2.44109],[113.01864,2.44664],[113.05774,2.45423],[113.07102,2.46763],[113.08962,2.45815],[113.22174,2.52631],[113.25131,2.52801],[113.27591,2.5475],[113.33312,2.56323],[113.37923,2.55951],[113.39794,2.58718],[113.40541,2.59063],[113.40984,2.58933],[113.40807,2.5724],[113.40955,2.56915],[113.41928,2.56518],[113.43478,2.56998],[113.44848,2.5452],[113.46058,2.54989],[113.46763,2.55777],[113.47642,2.55715],[113.46517,2.53436],[113.47424,2.536],[113.50658,2.56619],[113.52158,2.56074],[113.53056,2.56406],[113.53389,2.56909],[113.53678,2.58087],[113.54945,2.58257],[113.55529,2.60294],[113.59923,2.64191],[113.61788,2.61725],[113.63339,2.61747],[113.64114,2.60792],[113.65382,2.65302],[113.64603,2.67486],[113.69361,2.71664],[113.71594,2.75405],[113.70398,2.78413],[113.6855,2.79439],[113.68104,2.79038],[113.67183,2.77201],[113.66727,2.76649],[113.66362,2.76615],[113.6597,2.76901],[113.63202,2.77841],[113.62031,2.77546],[113.61313,2.76031],[113.57338,2.73469],[113.49778,2.73069],[113.49049,2.74767],[113.41581,2.71021],[113.35797,2.69994],[113.34095,2.69391],[113.3361,2.69451],[113.33192,2.70177],[113.32197,2.70863],[113.31692,2.71546],[113.31361,2.71684],[113.30767,2.71742],[113.29523,2.71029],[113.2394,2.72335],[113.23167,2.73973],[113.24328,2.75011],[113.26004,2.76395],[113.29393,2.78162],[113.27386,2.80157],[113.28627,2.83415],[113.23615,2.85755],[113.2194,2.91284],[113.19989,2.90383],[113.19825,2.91264],[113.17899,2.91582],[113.14623,2.90319],[113.14529,2.92081],[113.10655,2.921],[113.09347,2.94035],[113.06241,2.90707],[113.05298,2.91219],[113.05568,2.938],[113.04228,2.95046],[113.02665,2.93707],[113.01119,2.93832],[113.00347,2.94452],[112.98573,2.95146],[112.98079,2.94783],[112.97806,2.9399],[112.97779,2.92664],[112.97317,2.9198],[112.96171,2.91616],[112.94975,2.92134],[112.93272,2.91119],[112.92261,2.91622],[112.9521,2.93715],[112.92688,2.9701],[112.94243,3.02869],[112.91664,3.02046],[112.89964,3.02787],[112.88998,3.0534]]]},"properties":{"state":"Sarawak","district":"Tatau","code_state":13,"code_district":20,"code_state_district":"13_20"}},
{"type":"Feature","geometry":{"type":"Polygon","coordinates":[[[112.97715,1.76652],[113.0411,1.79635],[113.0834,1.84799],[113.14848,1.86551],[113.24811,1.85324],[113.26006,1.86361],[113.25952,1.88432],[113.18529,1.92556],[113.11825,2.00522],[113.1371,2.07056],[113.12928,2.1505],[113.26241,2.1433],[113.28694,2.15852],[113.28245,2.21403],[113.33625,2.22415],[113.41102,2.21943],[113.47352,2.27031],[113.52542,2.29447],[113.64853,2.29255],[113.66927,2.31248],[113.68045,2.30139],[113.71872,2.29631],[113.71981,2.31577],[113.71487,2.3263],[113.70378,2.3261],[113.69759,2.32858],[113.69103,2.33989],[113.69774,2.34771],[113.68935,2.35529],[113.68515,2.36558],[113.68505,2.3742],[113.69261,2.39966],[113.69137,2.41221],[113.65028,2.42079],[113.67202,2.44609],[113.67313,2.45254],[113.67219,2.45689],[113.66801,2.46521],[113.66495,2.468],[113.66089,2.4679],[113.65442,2.46501],[113.55329,2.40042],[113.54205,2.40496],[113.5485,2.43042],[113.54634,2.43428],[113.54198,2.43471],[113.5144,2.42664],[113.48405,2.40922],[113.45981,2.42261],[113.44849,2.39334],[113.39895,2.37138],[113.38385,2.36943],[113.37573,2.38196],[113.35807,2.38414],[113.33758,2.41763],[113.34529,2.43129],[113.3319,2.44494],[113.33597,2.46822],[113.31575,2.48079],[113.32958,2.48112],[113.3558,2.48846],[113.36204,2.50193],[113.36402,2.5137],[113.37876,2.52467],[113.38478,2.52548],[113.39698,2.52283],[113.41234,2.52614],[113.43855,2.53912],[113.44352,2.54427],[113.43478,2.56998],[113.41928,2.56518],[113.40884,2.57005],[113.40996,2.5883],[113.40814,2.59054],[113.39794,2.58718],[113.37923,2.55951],[113.33312,2.56323],[113.27591,2.5475],[113.25131,2.52801],[113.22174,2.52631],[113.08962,2.45815],[113.07102,2.46763],[113.05774,2.45423],[113.01772,2.44596],[113.0123,2.43783],[113.00978,2.42973],[113.00307,2.42001],[113.01207,2.40177],[113.01125,2.38119],[113.01321,2.36795],[113.02077,2.35714],[113.02189,2.35237],[113.01998,2.34812],[113.01225,2.34029],[112.99388,2.3256],[112.99705,2.30544],[112.99423,2.29121],[112.98897,2.28623],[112.97464,2.28717],[112.92828,2.27195],[112.9199,2.27288],[112.91155,2.27166],[112.90395,2.26799],[112.89467,2.2597],[112.89389,2.25598],[112.90142,2.24921],[112.90898,2.23811],[112.8878,2.19631],[112.88736,2.18776],[112.89165,2.17915],[112.88965,2.17588],[112.87891,2.17534],[112.86746,2.16689],[112.8361,2.17923],[112.83471,2.15814],[112.81846,2.14851],[112.6826,2.17714],[112.65124,2.18289],[112.65865,1.97514],[112.78676,1.97584],[112.79665,1.95626],[112.79192,1.94376],[112.80743,1.9361],[112.83341,1.86826],[112.8564,1.85657],[112.85247,1.8417],[112.85328,1.83295],[112.86756,1.81922],[112.88049,1.81554],[112.88292,1.79844],[112.94711,1.76792],[112.96687,1.76139],[112.97715,1.76652]]]},"properties":{"state":"Sarawak","district":"Kapit","code_state":13,"code_district":21,"code_state_district":"13_21"}},
{"type":"Feature","geometry":{"type":"Polygon","coordinates":[[[112.19203,1.44348],[112.19939,1.43839],[112.22157,1.45453],[112.269,1.46634],[112.31007,1.50176],[112.35123,1.50228],[112.38471,1.5209],[112.42262,1.52612],[112.43715,1.55038],[112.47865,1.5791],[112.61605,1.56749],[112.6346,1.57595],[112.67342,1.55998],[112.71598,1.57513],[112.73242,1.56703],[112.75411,1.57421],[112.81253,1.54006],[112.82891,1.54738],[112.84086,1.5382],[112.88076,1.58513],[112.90672,1.58359],[112.90843,1.59923],[112.92961,1.60976],[112.92634,1.6708],[112.90264,1.68372],[112.86601,1.68426],[112.91473,1.69147],[112.92254,1.70392],[112.94755,1.74141],[112.93356,1.75617],[112.95359,1.76193],[112.94711,1.76792],[112.88292,1.79844],[112.88049,1.81554],[112.86756,1.81922],[112.85445,1.8312],[112.85222,1.83939],[112.8564,1.85657],[112.83341,1.86826],[112.80743,1.9361],[112.79192,1.94376],[112.79665,1.95626],[112.78676,1.97584],[112.65865,1.97514],[112.65124,2.18289],[112.63033,2.18841],[112.62404,2.19029],[112.61638,2.18185],[112.60666,2.17927],[112.58884,2.18742],[112.57501,2.19079],[112.5332,2.17276],[112.5116,2.17241],[112.46182,2.17548],[112.40866,2.14642],[112.4122,2.13591],[112.41167,2.13005],[112.40371,2.118],[112.39601,2.10912],[112.39047,2.09512],[112.39992,2.07334],[112.39196,2.06085],[112.37829,2.06328],[112.38026,2.05203],[112.39238,2.04781],[112.39584,2.04819],[112.39742,2.04659],[112.39931,2.04232],[112.39439,2.0375],[112.39613,2.01963],[112.42493,1.99176],[112.44037,1.999],[112.4704,1.99226],[112.47796,1.97615],[112.48283,1.96402],[112.47487,1.95925],[112.47389,1.95338],[112.46812,1.94163],[112.4682,1.92295],[112.46582,1.90643],[112.44883,1.90111],[112.44537,1.88103],[112.42838,1.87898],[112.42103,1.86059],[112.36856,1.85983],[112.39072,1.83546],[112.41436,1.83072],[112.41633,1.81232],[112.42731,1.80919],[112.44073,1.8016],[112.45103,1.7972],[112.44538,1.79108],[112.39417,1.7513],[112.35634,1.75281],[112.34213,1.74034],[112.30705,1.74611],[112.29918,1.72607],[112.24661,1.69427],[112.24623,1.68011],[112.2434,1.67504],[112.23944,1.67456],[112.22967,1.68118],[112.2236,1.69377],[112.20541,1.69521],[112.19475,1.6841],[112.19847,1.67988],[112.20678,1.675],[112.21285,1.66068],[112.16304,1.66347],[112.16543,1.62569],[112.08826,1.60725],[112.06103,1.6131],[112.0632,1.58266],[111.99651,1.56233],[111.99917,1.5518],[112.01275,1.54191],[112.02702,1.48708],[112.06793,1.47362],[112.07499,1.45742],[112.0948,1.46043],[112.11887,1.46199],[112.14656,1.45903],[112.17143,1.44969],[112.19203,1.44348]]]},"properties":{"state":"Sarawak","district":"Song","code_state":13,"code_district":22,"code_state_district":"13_22"}},
{"type":"Feature","geometry":{"type":"Polygon","coordinates":[[[114.05226,1.9658],[114.35324,1.98849],[114.64573,2.04755],[114.79581,2.08581],[114.81228,2.10418],[114.78616,2.13441],[114.78173,2.19713],[114.81371,2.26801],[114.88919,2.26367],[114.90262,2.27865],[114.90905,2.25623],[114.93566,2.28152],[114.95306,2.28099],[114.96582,2.2955],[114.94518,2.32604],[114.95768,2.36655],[114.9724,2.36673],[114.99292,2.3485],[115.00775,2.36792],[115.02214,2.36959],[115.03249,2.39367],[115.04749,2.38928],[115.04519,2.40764],[115.09372,2.40913],[115.09908,2.44194],[115.13845,2.47685],[115.17727,2.47877],[115.19341,2.46995],[115.23424,2.53724],[115.21128,2.54218],[115.20673,2.56444],[115.1862,2.57888],[115.17255,2.60605],[115.14566,2.60359],[115.12972,2.58432],[115.10953,2.58092],[115.08671,2.60561],[115.08842,2.6203],[115.11803,2.64662],[115.10623,2.67473],[115.11111,2.68673],[115.09242,2.69486],[115.09999,2.71558],[115.14012,2.74205],[115.14092,2.77384],[115.15599,2.78537],[115.14022,2.80376],[115.12637,2.8004],[115.0911,2.81922],[115.0733,2.81258],[115.06045,2.80953],[115.05359,2.79591],[115.0441,2.7474],[115.01445,2.71663],[114.99105,2.70357],[114.95637,2.6802],[114.94073,2.67313],[114.93338,2.67212],[114.91099,2.67433],[114.90016,2.67902],[114.88583,2.69182],[114.8566,2.70228],[114.8385,2.70186],[114.82105,2.69362],[114.76977,2.70173],[114.76047,2.69346],[114.74185,2.70868],[114.72575,2.70625],[114.67284,2.77332],[114.66637,2.81177],[114.62867,2.83473],[114.62413,2.85147],[114.61935,2.85861],[114.60943,2.86509],[114.5991,2.86746],[114.57553,2.86608],[114.55528,2.86608],[114.54233,2.86455],[114.50141,2.90089],[114.49938,2.93679],[114.47879,2.95045],[114.44068,2.95184],[114.41904,2.98675],[114.39789,3.0552],[114.3432,3.06125],[114.3124,3.10773],[114.25499,3.15402],[114.24858,3.1595],[114.24402,3.16935],[114.24405,3.18045],[114.24606,3.18159],[114.25308,3.18094],[114.27219,3.18466],[114.32939,3.14772],[114.33132,3.16683],[114.31654,3.19591],[114.27494,3.25718],[114.2049,3.33155],[114.18033,3.34008],[114.13021,3.29728],[114.07867,3.31203],[114.0686,3.3085],[114.05774,3.30714],[114.05213,3.31215],[114.04767,3.32404],[114.0559,3.35221],[114.04809,3.35591],[114.04134,3.35169],[114.03111,3.34146],[113.99239,3.31712],[113.93341,3.23376],[113.922,3.23197],[113.9245,3.19817],[113.93911,3.17378],[113.91166,3.16532],[113.89783,3.09686],[113.87135,3.08802],[113.83907,3.04487],[113.81818,3.02742],[113.81709,3.01177],[113.81977,3.00297],[113.79897,2.98443],[113.7645,2.93382],[113.76069,2.9068],[113.74498,2.90033],[113.73255,2.87101],[113.71282,2.85862],[113.6855,2.79439],[113.70398,2.78413],[113.71594,2.75405],[113.69361,2.71664],[113.64603,2.67486],[113.65382,2.65302],[113.64114,2.60792],[113.63339,2.61747],[113.61788,2.61725],[113.59923,2.64191],[113.55529,2.60294],[113.54945,2.58257],[113.53678,2.58087],[113.53343,2.56794],[113.52852,2.56273],[113.52042,2.56086],[113.50658,2.56619],[113.47424,2.536],[113.46517,2.53436],[113.47642,2.55715],[113.46763,2.55777],[113.46058,2.54989],[113.44848,2.5452],[113.44352,2.54427],[113.43855,2.53912],[113.41234,2.52614],[113.39698,2.52283],[113.38056,2.52542],[113.36402,2.5137],[113.36204,2.50193],[113.3558,2.48846],[113.32958,2.48112],[113.31575,2.48079],[113.33597,2.46822],[113.3319,2.44494],[113.34529,2.43129],[113.33758,2.41763],[113.35807,2.38414],[113.37573,2.38196],[113.38385,2.36943],[113.39895,2.37138],[113.44849,2.39334],[113.45981,2.42261],[113.48405,2.40922],[113.5144,2.42664],[113.54433,2.43478],[113.54775,2.43273],[113.54849,2.42826],[113.54205,2.40496],[113.55329,2.40042],[113.65442,2.46501],[113.66306,2.46825],[113.66658,2.46694],[113.67281,2.45471],[113.67202,2.44609],[113.65028,2.42079],[113.69137,2.41221],[113.69261,2.39966],[113.68463,2.36997],[113.68822,2.35713],[113.69774,2.34771],[113.69103,2.33989],[113.6994,2.32737],[113.71487,2.3263],[113.71981,2.31577],[113.72447,2.2815],[113.75642,2.26307],[113.8008,2.2139],[113.87443,2.08406],[113.9506,2.01869],[114.05226,1.9658]]]},"properties":{"state":"Sarawak","district":"Belaga","code_state":13,"code_district":23,"code_state_district":"13_23"}},
{"type":"Feature","geometry":{"type":"MultiPolygon","coordinates":[[[[115.05781,3.9471],[115.12016,3.90255],[115.24503,3.77775],[115.1101,3.51417],[115.13924,3.33483],[115.29709,3.07887],[115.29542,3.03993],[115.32164,3.01175],[115.32754,2.97683],[115.37887,2.98559],[115.39264,2.97965],[115.42845,3.01604],[115.45237,3.02701],[115.48227,3.01879],[115.4992,3.03299],[115.51521,3.05564],[115.51577,3.11003],[115.53432,3.14079],[115.55202,3.14206],[115.56536,3.16308],[115.52285,3.18782],[115.51784,3.20156],[115.51659,3.22506],[115.53397,3.2296],[115.52281,3.24983],[115.53685,3.28369],[115.53263,3.3187],[115.54801,3.32781],[115.54393,3.36351],[115.57856,3.41836],[115.58429,3.44792],[115.60893,3.44698],[115.62364,3.40788],[115.65701,3.43898],[115.63748,3.45597],[115.60961,3.51035],[115.61175,3.55032],[115.60321,3.57594],[115.59102,3.57713],[115.58022,3.59547],[115.58079,3.63457],[115.57104,3.64954],[115.57137,3.68126],[115.58243,3.69757],[115.5736,3.71932],[115.5779,3.74856],[115.61174,3.82304],[115.61663,3.87469],[115.59671,3.87943],[115.59569,3.89032],[115.58097,3.88701],[115.55237,3.92216],[115.54981,3.93065],[115.5401,3.93578],[115.51941,3.93191],[115.49985,3.91816],[115.49157,3.91128],[115.48586,3.90336],[115.50271,3.89194],[115.48375,3.84419],[115.4483,3.80806],[115.42836,3.82998],[115.39193,3.82452],[115.37161,3.8103],[115.33511,3.82501],[115.30775,3.85619],[115.28636,3.85483],[115.27567,3.88722],[115.17697,3.96392],[115.16447,3.99785],[115.17272,4.02621],[115.15459,4.03603],[115.13547,4.06181],[115.13166,4.06119],[115.11773,4.07954],[115.11605,4.08033],[115.10874,4.06944],[115.09903,4.0751],[115.09641,4.07432],[115.08872,4.05056],[115.05392,3.97245],[115.05781,3.9471]]],[[[114.17149,4.55885],[114.07605,4.58773],[113.97139,4.5985],[113.9745,4.58833],[113.964,4.58055],[113.99673,4.49091],[113.99865,4.45768],[113.98572,4.40277],[113.97633,4.40058],[113.96127,4.3626],[113.97151,4.3502],[113.9679,4.33139],[113.92478,4.24887],[113.81718,4.12088],[113.80224,4.09663],[113.81021,4.08524],[113.81567,4.07327],[113.82653,4.0992],[113.92068,4.19064],[113.93544,4.18218],[113.99542,4.19804],[114.0008,4.20424],[114.04638,4.2131],[114.07811,4.23217],[114.06896,4.25131],[114.07998,4.28025],[114.09869,4.27458],[114.14372,4.29729],[114.16492,4.29434],[114.21821,4.38017],[114.16638,4.48259],[114.15893,4.51142],[114.17149,4.55885]]]]},"properties":{"state":"Sarawak","district":"Miri","code_state":13,"code_district":24,"code_state_district":"13_24"}},
{"type":"Feature","geometry":{"type":"Polygon","coordinates":[[[114.36817,3.96412],[114.42842,3.95634],[114.42996,3.93447],[114.43841,3.9372],[114.44023,3.92177],[114.45518,3.91277],[114.44149,3.90601],[114.4475,3.89877],[114.43616,3.8862],[114.46195,3.8872],[114.46819,3.86675],[114.46476,3.85489],[114.44794,3.84921],[114.44119,3.82411],[114.46218,3.82334],[114.46353,3.81006],[114.45995,3.80721],[114.46243,3.79664],[114.47318,3.79538],[114.51859,3.8091],[114.55257,3.80479],[114.5721,3.82434],[114.59146,3.82189],[114.58792,3.83518],[114.59553,3.85468],[114.60517,3.85148],[114.59987,3.86793],[114.60806,3.87241],[114.73043,3.86263],[114.86718,3.92646],[114.91383,3.90136],[114.9359,3.90695],[114.96188,3.87241],[114.97312,3.87279],[114.9739,3.88618],[115.00339,3.88725],[115.01711,3.90435],[115.02293,3.91671],[115.05781,3.9471],[115.05392,3.97245],[115.08872,4.05056],[115.09618,4.07408],[115.09863,4.07495],[115.10874,4.06943],[115.11777,4.08216],[115.10567,4.09336],[115.08599,4.11155],[115.07993,4.12164],[115.06003,4.13025],[115.04675,4.13128],[115.03686,4.12539],[115.02298,4.13292],[115.01064,4.13676],[114.9996,4.12717],[114.98803,4.12732],[114.97995,4.11177],[114.96372,4.12534],[114.94825,4.12797],[114.93074,4.14377],[114.91199,4.14366],[114.89866,4.14734],[114.86437,4.14917],[114.82956,4.16007],[114.81544,4.16095],[114.80475,4.16127],[114.80717,4.16077],[114.80919,4.15776],[114.80772,4.14908],[114.79349,4.12545],[114.77804,4.11885],[114.71106,4.03808],[114.64893,4.00602],[114.61186,4.00249],[114.62689,4.03156],[114.61449,4.04492],[114.58447,4.04989],[114.56871,4.07677],[114.55455,4.08206],[114.54364,4.12751],[114.51737,4.14687],[114.49766,4.14581],[114.45967,4.22033],[114.45105,4.27885],[114.43491,4.27527],[114.41931,4.25311],[114.40231,4.26285],[114.37145,4.26345],[114.36489,4.25535],[114.31644,4.26353],[114.33005,4.33708],[114.30563,4.35739],[114.30342,4.40903],[114.24807,4.50456],[114.21885,4.52739],[114.19224,4.52764],[114.17149,4.55885],[114.15893,4.51142],[114.16638,4.48259],[114.21821,4.38017],[114.16492,4.29434],[114.14372,4.29729],[114.09869,4.27458],[114.07998,4.28025],[114.06896,4.25131],[114.07811,4.23217],[114.24186,4.18056],[114.20861,4.13374],[114.21429,4.08855],[114.21311,4.06184],[114.24123,3.99063],[114.26214,3.95402],[114.25608,3.89746],[114.26985,3.90256],[114.27276,3.91592],[114.28081,3.91874],[114.29261,3.93158],[114.30091,3.9506],[114.29784,3.97594],[114.28635,3.98073],[114.28685,3.99604],[114.29151,3.99505],[114.29563,3.9889],[114.30925,3.99895],[114.31781,4.01512],[114.33018,3.98094],[114.34267,3.9675],[114.36817,3.96412]]]},"properties":{"state":"Sarawak","district":"Marudi","code_state":13,"code_district":25,"code_state_district":"13_25"}},
{"type":"Feature","geometry":{"type":"Polygon","coordinates":[[[115.50063,3.99557],[115.50778,3.99845],[115.47765,4.0063],[115.49828,4.06537],[115.50448,4.07638],[115.46032,4.15997],[115.41717,4.19099],[115.40548,4.1804],[115.37689,4.18948],[115.36646,4.18085],[115.28958,4.23541],[115.29124,4.24605],[115.29493,4.26142],[115.31373,4.28219],[115.32292,4.29617],[115.2937,4.32483],[115.29463,4.33726],[115.25344,4.33101],[115.23857,4.36594],[115.17381,4.36918],[115.1478,4.38355],[115.10882,4.37056],[115.09269,4.38514],[115.10503,4.41356],[115.09111,4.43383],[115.09839,4.43765],[115.09534,4.49177],[115.08007,4.50582],[115.08558,4.53216],[115.07008,4.55564],[115.07122,4.57704],[115.04118,4.61981],[115.05122,4.65078],[115.04155,4.65323],[115.03911,4.66708],[115.047,4.66785],[115.0291,4.70007],[115.03901,4.70563],[115.03268,4.713],[115.04225,4.71738],[115.03304,4.72296],[115.04335,4.73114],[115.02494,4.73515],[115.03131,4.74655],[115.0219,4.74912],[115.0543,4.78715],[115.03618,4.79667],[115.03306,4.81842],[115.06939,4.88194],[115.06191,4.88827],[115.03727,4.87629],[115.0209,4.89681],[114.98763,4.87049],[114.99265,4.85554],[114.97106,4.80803],[114.89671,4.81625],[114.85136,4.79161],[114.82915,4.74736],[114.77886,4.73208],[114.77738,4.69567],[114.79166,4.67626],[114.80231,4.67825],[114.79969,4.63708],[114.81819,4.58389],[114.8183,4.48443],[114.82859,4.43285],[114.84692,4.42107],[114.88358,4.42098],[114.86949,4.33645],[114.81427,4.2572],[114.8188,4.25065],[114.85693,4.27816],[114.79336,4.16014],[114.79783,4.15779],[114.80645,4.16186],[114.81544,4.16095],[114.82956,4.16007],[114.86437,4.14917],[114.89866,4.14734],[114.91199,4.14366],[114.93074,4.14377],[114.94825,4.12797],[114.96372,4.12534],[114.97995,4.11177],[114.98803,4.12732],[114.9996,4.12717],[115.0089,4.13611],[115.01257,4.13683],[115.03686,4.12539],[115.04954,4.13184],[115.06075,4.13],[115.07785,4.12256],[115.08039,4.12095],[115.08549,4.1123],[115.09944,4.10141],[115.10567,4.09336],[115.11605,4.08033],[115.13166,4.06119],[115.13547,4.06181],[115.15459,4.03603],[115.17272,4.02621],[115.16447,3.99785],[115.17697,3.96392],[115.27567,3.88722],[115.28636,3.85483],[115.30775,3.85619],[115.33511,3.82501],[115.37161,3.8103],[115.39193,3.82452],[115.42836,3.82998],[115.4483,3.80806],[115.48375,3.84419],[115.50271,3.89194],[115.48586,3.90336],[115.49157,3.91128],[115.49985,3.91816],[115.51765,3.92946],[115.51738,3.93187],[115.51053,3.93159],[115.49607,3.97881],[115.50063,3.99557]]]},"properties":{"state":"Sarawak","district":"Limbang","code_state":13,"code_district":26,"code_state_district":"13_26"}},
{"type":"Feature","geometry":{"type":"Polygon","coordinates":[[[115.55237,3.92216],[115.56628,3.91935],[115.58873,3.94284],[115.61742,3.93724],[115.63755,3.95784],[115.66891,4.07716],[115.6615,4.12047],[115.646,4.1264],[115.62986,4.13297],[115.63403,4.14872],[115.61354,4.17076],[115.62608,4.20371],[115.62214,4.24483],[115.65631,4.30207],[115.65197,4.33319],[115.61867,4.35324],[115.59603,4.34687],[115.59388,4.36092],[115.57171,4.3721],[115.57964,4.42254],[115.54558,4.48061],[115.56524,4.51865],[115.552,4.54379],[115.55403,4.5705],[115.53012,4.59801],[115.54871,4.63904],[115.58687,4.6798],[115.62116,4.76168],[115.64122,4.77136],[115.63883,4.84358],[115.6251,4.85973],[115.60824,4.95789],[115.58648,4.97747],[115.57874,4.98694],[115.56506,4.99183],[115.49169,4.95483],[115.43859,4.96844],[115.43875,4.97422],[115.42212,4.97681],[115.40392,4.94066],[115.38856,4.94137],[115.39571,4.93105],[115.38559,4.90906],[115.34246,4.89254],[115.32275,4.8906],[115.28828,4.91275],[115.2471,4.91476],[115.22417,4.96658],[115.19599,4.96541],[115.19419,4.92924],[115.15571,4.91303],[115.16031,4.8874],[115.15023,4.87408],[115.18567,4.86655],[115.1897,4.84111],[115.23867,4.80197],[115.22935,4.75526],[115.26026,4.72687],[115.24359,4.70009],[115.26946,4.68394],[115.25529,4.64972],[115.28644,4.63327],[115.29016,4.60747],[115.26277,4.54307],[115.27769,4.48818],[115.27534,4.44327],[115.3075,4.39585],[115.33217,4.38337],[115.36059,4.33394],[115.32292,4.29617],[115.31373,4.28219],[115.29493,4.26142],[115.29124,4.24605],[115.28958,4.23541],[115.36646,4.18085],[115.37689,4.18948],[115.40548,4.1804],[115.41717,4.19099],[115.46032,4.15997],[115.50448,4.07638],[115.49828,4.06537],[115.47765,4.0063],[115.50778,3.99845],[115.50063,3.99557],[115.49607,3.97881],[115.51053,3.93159],[115.51738,3.93147],[115.51765,3.92946],[115.51941,3.93191],[115.5401,3.93578],[115.54981,3.93065],[115.55237,3.92216]]]},"properties":{"state":"Sarawak","district":"Lawas","code_state":13,"code_district":27,"code_state_district":"13_27"}},
{"type":"Feature","geometry":{"type":"Polygon","coordinates":[[[111.80387,2.82542],[111.77509,2.85876],[111.64639,2.83667],[111.63178,2.8448],[111.63049,2.82803],[111.59449,2.79273],[111.49423,2.74385],[111.4594,2.70821],[111.40943,2.69687],[111.42729,2.66631],[111.56207,2.55136],[111.58974,2.48004],[111.58382,2.46473],[111.57302,2.4494],[111.57467,2.44589],[111.5809,2.44089],[111.58705,2.43921],[111.59481,2.44228],[111.69222,2.45289],[111.84073,2.52703],[111.96675,2.54043],[111.9941,2.53333],[111.98821,2.54077],[111.95728,2.57488],[111.92617,2.65701],[111.85456,2.66824],[111.83009,2.70831],[111.84882,2.72725],[111.84064,2.76563],[111.80387,2.82542]]]},"properties":{"state":"Sarawak","district":"Matu","code_state":13,"code_district":28,"code_state_district":"13_28"}},
{"type":"Feature","geometry":{"type":"Polygon","coordinates":[[[110.63944,1.45295],[110.69255,1.44963],[110.73557,1.47178],[110.74708,1.48109],[110.7534,1.4999],[110.75364,1.53483],[110.74746,1.55703],[110.6774,1.56788],[110.64298,1.59785],[110.60588,1.61364],[110.53911,1.61125],[110.5384,1.59986],[110.52029,1.5962],[110.51936,1.59852],[110.47028,1.58925],[110.46705,1.5799],[110.47755,1.57665],[110.48686,1.56978],[110.46637,1.54168],[110.47404,1.51945],[110.482,1.52002],[110.48624,1.51308],[110.48984,1.51114],[110.65184,1.51306],[110.63715,1.48115],[110.63944,1.45295]]]},"properties":{"state":"Sarawak","district":"Asajaya","code_state":13,"code_district":29,"code_state_district":"13_29"}},
{"type":"Feature","geometry":{"type":"Polygon","coordinates":[[[111.63767,1.98032],[111.63255,1.99854],[111.61457,1.98938],[111.60257,1.98466],[111.58661,1.97625],[111.58667,1.96595],[111.51345,1.9084],[111.51092,1.89358],[111.4896,1.88562],[111.4991,1.86649],[111.51059,1.86341],[111.51273,1.85963],[111.51418,1.83388],[111.51014,1.82884],[111.50313,1.82792],[111.50222,1.82379],[111.51251,1.8138],[111.51583,1.80576],[111.53974,1.80429],[111.54168,1.80223],[111.54028,1.79519],[111.58016,1.78022],[111.59496,1.77134],[111.623,1.75066],[111.62908,1.74855],[111.62996,1.74041],[111.62283,1.73082],[111.6187,1.71997],[111.62478,1.70187],[111.62647,1.69871],[111.62526,1.68741],[111.62201,1.67826],[111.61776,1.67394],[111.6161,1.66979],[111.6191,1.65995],[111.62785,1.65249],[111.62864,1.638],[111.67201,1.63763],[111.68789,1.63913],[111.69837,1.66042],[111.71403,1.65311],[111.72277,1.65851],[111.73041,1.65859],[111.73492,1.65669],[111.73892,1.6525],[111.73685,1.64267],[111.75315,1.61933],[111.76578,1.60512],[111.7713,1.58868],[111.77723,1.58417],[111.7792,1.57769],[111.78714,1.57685],[111.80044,1.58489],[111.8171,1.587],[111.84069,1.5734],[111.85168,1.57819],[111.87232,1.56509],[111.89245,1.57467],[111.89335,1.6214],[111.87155,1.63284],[111.89027,1.68297],[111.80807,1.7272],[111.75968,1.79904],[111.76871,1.81033],[111.77772,1.83082],[111.76428,1.86743],[111.7746,1.88929],[111.76994,1.90527],[111.73635,1.94295],[111.72705,1.98094],[111.71272,1.98931],[111.67752,1.98829],[111.65583,1.97154],[111.63767,1.98032]]]},"properties":{"state":"Sarawak","district":"Pakan","code_state":13,"code_district":30,"code_state_district":"13_30"}},
{"type":"Feature","geometry":{"type":"Polygon","coordinates":[[[112.71905,2.8459],[112.70832,2.84098],[112.70483,2.84156],[112.70132,2.84496],[112.6998,2.84969],[112.57921,2.84716],[112.56586,2.82934],[112.56786,2.8134],[112.58315,2.81017],[112.57511,2.75419],[112.55855,2.75616],[112.55236,2.77049],[112.54394,2.76682],[112.54337,2.74983],[112.50664,2.73919],[112.50985,2.72931],[112.49783,2.72859],[112.3436,2.60152],[112.26411,2.57628],[112.18943,2.58447],[112.20408,2.56236],[112.19483,2.55606],[112.2039,2.55223],[112.207,2.54898],[112.20481,2.53752],[112.21049,2.51612],[112.01623,2.5291],[112.00381,2.54209],[111.99404,2.53256],[111.99232,2.46434],[112.00888,2.45211],[112.0039,2.43912],[112.06021,2.41031],[112.06622,2.39424],[112.11156,2.36444],[112.11067,2.34702],[112.09635,2.33847],[112.10709,2.32672],[112.1374,2.29683],[112.14809,2.29941],[112.15333,2.2778],[112.14311,2.26872],[112.13376,2.26185],[112.12469,2.25305],[112.13062,2.23317],[112.1134,2.21562],[112.10301,2.21715],[112.1117,2.19301],[112.17098,2.18208],[112.18988,2.17674],[112.21558,2.17494],[112.22482,2.18013],[112.25531,2.17699],[112.26883,2.18267],[112.38418,2.15221],[112.40866,2.14642],[112.46182,2.17548],[112.5116,2.17241],[112.51731,2.16592],[112.5332,2.17276],[112.57501,2.19079],[112.58884,2.18742],[112.60467,2.17961],[112.61548,2.18148],[112.62404,2.19029],[112.62322,2.20333],[112.63438,2.20555],[112.67726,2.20831],[112.68785,2.21482],[112.70286,2.23413],[112.67946,2.24788],[112.69415,2.25022],[112.7192,2.23796],[112.7361,2.24113],[112.76736,2.23437],[112.77516,2.24349],[112.79519,2.24794],[112.79638,2.25178],[112.78014,2.25739],[112.77773,2.26873],[112.78058,2.27075],[112.80001,2.27213],[112.80741,2.27579],[112.80868,2.27917],[112.80691,2.28505],[112.79852,2.29378],[112.79074,2.29705],[112.78013,2.29541],[112.67913,2.29676],[112.67766,2.31408],[112.66176,2.31712],[112.66406,2.33132],[112.64182,2.36845],[112.64196,2.3848],[112.6478,2.38714],[112.67074,2.38831],[112.67516,2.39014],[112.67874,2.39698],[112.67758,2.40895],[112.69987,2.46059],[112.70335,2.46397],[112.71145,2.46617],[112.717,2.47069],[112.71704,2.47628],[112.71046,2.48319],[112.70873,2.48773],[112.71417,2.50108],[112.71059,2.50951],[112.74587,2.53501],[112.7453,2.55362],[112.73141,2.55608],[112.72092,2.57373],[112.73255,2.59188],[112.7112,2.61771],[112.73065,2.64655],[112.71123,2.66928],[112.72327,2.67226],[112.76821,2.63716],[112.79231,2.63553],[112.80992,2.6522],[112.84567,2.65556],[112.84867,2.66724],[112.81972,2.68932],[112.79626,2.69167],[112.75711,2.70054],[112.75071,2.69484],[112.74747,2.69412],[112.74273,2.69582],[112.73294,2.70383],[112.72396,2.70742],[112.7054,2.73141],[112.70814,2.74538],[112.71222,2.74795],[112.71929,2.74725],[112.7363,2.74691],[112.74456,2.74683],[112.75366,2.7737],[112.7739,2.77322],[112.77133,2.78329],[112.78494,2.7857],[112.73193,2.79953],[112.74443,2.81455],[112.71905,2.8459]]]},"properties":{"state":"Sarawak","district":"Selangau","code_state":13,"code_district":31,"code_state_district":"13_31"}},
{"type":"Feature","geometry":{"type":"Polygon","coordinates":[[[110.3361,1.20096],[110.3328,1.21291],[110.32502,1.21496],[110.30786,1.20896],[110.30745,1.19794],[110.29797,1.19789],[110.28846,1.17371],[110.28182,1.08439],[110.27701,1.06205],[110.27293,0.99796],[110.29536,0.99696],[110.30133,1.00746],[110.31935,0.99527],[110.33152,1.01172],[110.3434,0.98812],[110.38714,0.99613],[110.39785,0.95303],[110.42994,0.94324],[110.4241,0.92816],[110.4335,0.91302],[110.48378,0.8768],[110.56649,0.85539],[110.61969,0.87028],[110.62999,0.89385],[110.6282,0.97668],[110.56896,0.97815],[110.51982,0.99266],[110.50301,1.04899],[110.34544,1.19409],[110.3361,1.20096]]]},"properties":{"state":"Sarawak","district":"Tebedu","code_state":13,"code_district":32,"code_state_district":"13_32"}},
{"type":"Feature","geometry":{"type":"Polygon","coordinates":[[[111.10443,1.70168],[111.06797,1.72134],[111.06511,1.71079],[111.05562,1.67807],[111.03831,1.677],[111.01238,1.64592],[110.98998,1.57036],[110.99351,1.53873],[110.94716,1.5151],[110.97404,1.49823],[111.00036,1.49847],[111.00866,1.49628],[111.02971,1.46819],[111.04305,1.43571],[111.05582,1.42577],[111.07357,1.41755],[111.09974,1.41077],[111.11051,1.4095],[111.12241,1.40526],[111.13285,1.39927],[111.16082,1.37645],[111.165,1.37523],[111.16964,1.37649],[111.18393,1.38277],[111.19634,1.39459],[111.22996,1.47225],[111.18773,1.51805],[111.25195,1.55317],[111.29411,1.55277],[111.32463,1.53992],[111.34323,1.51919],[111.35603,1.58123],[111.31012,1.61585],[111.31031,1.64674],[111.3709,1.66708],[111.20536,1.69009],[111.19462,1.6945],[111.16654,1.71371],[111.15166,1.69416],[111.14636,1.6799],[111.10443,1.70168]]]},"properties":{"state":"Sarawak","district":"Pusa","code_state":13,"code_district":33,"code_state_district":"13_33"}},
{"type":"Feature","geometry":{"type":"Polygon","coordinates":[[[111.10443,1.70168],[111.14636,1.6799],[111.15024,1.69166],[111.16618,1.71348],[111.18463,1.74451],[111.35536,1.86364],[111.45253,1.90461],[111.45175,1.91162],[111.44655,1.91961],[111.44553,1.93152],[111.44089,1.94068],[111.43435,1.94317],[111.42545,1.94203],[111.41717,1.94655],[111.41593,1.95997],[111.41771,1.97524],[111.41149,1.97996],[111.40661,1.97485],[111.39217,1.97603],[111.37,1.97616],[111.34044,1.9947],[111.28704,1.99769],[111.28319,2.04458],[111.26138,2.02227],[111.24534,2.03683],[111.20105,2.07192],[111.17224,1.99806],[111.16824,1.95048],[111.10482,1.82772],[111.1008,1.77954],[111.06794,1.72131],[111.10443,1.70168]]]},"properties":{"state":"Sarawak","district":"Kabong","code_state":13,"code_district":34,"code_state_district":"13_34"}},
{"type":"Feature","geometry":{"type":"Polygon","coordinates":[[[111.3315,2.40463],[111.2836,2.42541],[111.25294,2.44844],[111.19005,2.39786],[111.17476,2.35585],[111.17511,2.23012],[111.15121,2.19155],[111.14957,2.16729],[111.18554,2.13871],[111.25369,2.15096],[111.2947,2.14066],[111.32891,2.1182],[111.33908,2.15177],[111.34687,2.16155],[111.3722,2.16938],[111.37333,2.18607],[111.37498,2.18943],[111.40275,2.17006],[111.41159,2.18894],[111.4277,2.18736],[111.48161,2.23238],[111.47604,2.2385],[111.47397,2.24876],[111.45951,2.25974],[111.45996,2.29259],[111.48884,2.32763],[111.49118,2.3441],[111.49324,2.34643],[111.43503,2.38237],[111.41826,2.36637],[111.38206,2.36744],[111.36843,2.34124],[111.35806,2.34175],[111.3352,2.37538],[111.3315,2.40463]]]},"properties":{"state":"Sarawak","district":"Tanjung Manis","code_state":13,"code_district":35,"code_state_district":"13_35"}},
{"type":"Feature","geometry":{"type":"Polygon","coordinates":[[[112.98919,2.95052],[113.00347,2.94452],[113.01119,2.93832],[113.02665,2.93707],[113.04228,2.95046],[113.05568,2.938],[113.05298,2.91219],[113.06241,2.90707],[113.09347,2.94035],[113.10655,2.921],[113.14529,2.92081],[113.14623,2.90319],[113.17899,2.91582],[113.19825,2.91264],[113.19989,2.90383],[113.2194,2.91284],[113.23615,2.85755],[113.28627,2.83415],[113.27386,2.80157],[113.29393,2.78162],[113.26004,2.76395],[113.24328,2.75011],[113.23167,2.73973],[113.2394,2.72335],[113.29523,2.71029],[113.30099,2.71218],[113.30877,2.7178],[113.31478,2.71647],[113.32197,2.70863],[113.33192,2.70177],[113.33713,2.69407],[113.34217,2.69412],[113.35797,2.69994],[113.41581,2.71021],[113.49049,2.74767],[113.49778,2.73069],[113.57338,2.73469],[113.61313,2.76031],[113.62031,2.77546],[113.63202,2.77841],[113.6597,2.76901],[113.66478,2.76599],[113.66826,2.76709],[113.68104,2.79038],[113.6855,2.79439],[113.71282,2.85862],[113.73255,2.87101],[113.74498,2.90033],[113.76069,2.9068],[113.7645,2.93382],[113.79897,2.98443],[113.81977,3.00297],[113.81709,3.01177],[113.81818,3.02742],[113.83907,3.04487],[113.87135,3.08802],[113.89783,3.09686],[113.91166,3.16532],[113.93911,3.17378],[113.9245,3.19817],[113.922,3.23197],[113.93341,3.23376],[113.99239,3.31712],[114.03111,3.34146],[114.04134,3.35169],[114.05348,3.37173],[114.06905,3.38669],[114.04808,3.40958],[114.04345,3.41896],[114.0402,3.42079],[114.0338,3.41923],[114.02163,3.40897],[114.01748,3.40384],[114.01451,3.39652],[113.99984,3.38827],[113.99273,3.3906],[113.99925,3.42847],[113.98012,3.44875],[114.01333,3.47348],[114.0145,3.48773],[113.98918,3.55495],[113.98387,3.58587],[113.97994,3.59526],[113.97678,3.59782],[113.97185,3.59727],[113.9624,3.60797],[113.95692,3.60074],[113.95337,3.59241],[113.95208,3.58188],[113.95347,3.56881],[113.96052,3.55255],[113.95576,3.52369],[113.94308,3.53829],[113.93854,3.52888],[113.91922,3.5342],[113.90675,3.52325],[113.90482,3.50189],[113.89155,3.50027],[113.88304,3.47735],[113.88017,3.44476],[113.79139,3.32156],[113.75711,3.32078],[113.76206,3.35817],[113.7456,3.37913],[113.73028,3.37912],[113.72239,3.35694],[113.70512,3.34532],[113.69288,3.34782],[113.68152,3.35885],[113.66544,3.3865],[113.67247,3.40079],[113.67763,3.40622],[113.68339,3.41861],[113.68328,3.4261],[113.67688,3.43179],[113.65092,3.44391],[113.62539,3.44618],[113.59149,3.46473],[113.55906,3.46221],[113.53099,3.44152],[113.52906,3.44167],[113.46812,3.39445],[113.44276,3.36581],[113.44875,3.36062],[113.41612,3.3233],[113.40097,3.32008],[113.40612,3.30285],[113.35404,3.27261],[113.35649,3.24888],[113.33581,3.24164],[113.31907,3.21648],[113.30321,3.2169],[113.28817,3.20175],[113.23441,3.20466],[113.23197,3.19047],[113.19265,3.16118],[113.18782,3.0888],[113.20289,3.09176],[113.20482,3.07936],[113.13706,3.03307],[113.09269,3.01562],[113.06019,2.98429],[113.01856,2.97416],[112.99115,2.95763],[112.98919,2.95052]]]},"properties":{"state":"Sarawak","district":"Sebauh","code_state":13,"code_district":36,"code_state_district":"13_36"}},
{"type":"Feature","geometry":{"type":"Polygon","coordinates":[[[112.90672,1.58359],[112.93224,1.5677],[112.95637,1.57429],[112.97413,1.56318],[112.99928,1.578],[113.06392,1.55263],[113.07013,1.52932],[113.05517,1.52634],[113.04509,1.51513],[113.05013,1.50053],[113.03181,1.49133],[113.04004,1.47358],[112.98347,1.45084],[112.97504,1.41069],[113.01592,1.40555],[113.04421,1.42412],[113.08532,1.42822],[113.10595,1.44529],[113.14378,1.38944],[113.18646,1.37706],[113.21961,1.38146],[113.23295,1.39435],[113.2492,1.38254],[113.26147,1.38819],[113.30935,1.37127],[113.32677,1.37561],[113.35714,1.35767],[113.36893,1.32461],[113.39847,1.31804],[113.42114,1.28547],[113.45433,1.28633],[113.46707,1.30424],[113.49998,1.31824],[113.53805,1.32257],[113.58323,1.30817],[113.59644,1.25702],[113.62581,1.25187],[113.61886,1.22999],[113.63039,1.21983],[113.66522,1.21872],[113.70024,1.26858],[113.75569,1.2769],[113.81656,1.31474],[113.82873,1.33381],[113.8303,1.35427],[113.81522,1.36699],[113.82326,1.37441],[113.93636,1.41749],[113.9465,1.43684],[113.97505,1.44968],[113.99634,1.44411],[114.0959,1.46688],[114.11535,1.45508],[114.14254,1.46644],[114.1592,1.44186],[114.20214,1.42115],[114.20528,1.40999],[114.22297,1.41775],[114.2401,1.44978],[114.29982,1.45828],[114.33799,1.48703],[114.37946,1.49324],[114.38473,1.51664],[114.40759,1.52282],[114.45475,1.48536],[114.50934,1.4632],[114.526,1.44289],[114.56944,1.43162],[114.61474,1.51337],[114.60256,1.53876],[114.61157,1.57942],[114.64225,1.58221],[114.67261,1.6126],[114.71455,1.68588],[114.7082,1.79237],[114.6901,1.80826],[114.72373,1.83126],[114.71933,1.8566],[114.75236,1.86379],[114.7874,1.849],[114.82774,1.89447],[114.85181,1.89533],[114.87854,1.91471],[114.84977,1.94788],[114.84946,1.96432],[114.88677,2.03074],[114.85101,2.04481],[114.81001,2.02426],[114.79533,2.06106],[114.80715,2.07098],[114.79278,2.08503],[114.69924,2.06111],[114.54428,2.02711],[114.3864,1.99519],[114.05226,1.9658],[113.9506,2.01869],[113.87443,2.08406],[113.80767,2.20182],[113.77648,2.24197],[113.75642,2.26307],[113.72447,2.2815],[113.71872,2.29631],[113.68045,2.30139],[113.66927,2.31248],[113.64853,2.29255],[113.52542,2.29447],[113.47352,2.27031],[113.41102,2.21943],[113.33625,2.22415],[113.28245,2.21403],[113.28694,2.15852],[113.26241,2.1433],[113.12928,2.1505],[113.1371,2.07056],[113.11825,2.00522],[113.18529,1.92556],[113.25952,1.88432],[113.26006,1.86361],[113.24811,1.85324],[113.14848,1.86551],[113.0834,1.84799],[113.0411,1.79635],[112.97715,1.76652],[112.96687,1.76139],[112.93356,1.75617],[112.94755,1.74141],[112.92254,1.70392],[112.91473,1.69147],[112.86601,1.68426],[112.90264,1.68372],[112.92634,1.6708],[112.92961,1.60976],[112.90843,1.59923],[112.90672,1.58359]]]},"properties":{"state":"Sarawak","district":"Bukit Mabong","code_state":13,"code_district":37,"code_state_district":"13_37"}},
{"type":"Feature","geometry":{"type":"Polygon","coordinates":[[[113.81021,4.08524],[113.80226,4.09662],[113.80018,4.08768],[113.77779,4.0494],[113.70127,3.9594],[113.70834,3.97173],[113.5646,3.84462],[113.4358,3.75804],[113.42245,3.73617],[113.42819,3.72559],[113.42136,3.70592],[113.42046,3.70344],[113.4236,3.70062],[113.42843,3.7078],[113.43239,3.70854],[113.43144,3.70572],[113.43413,3.70397],[113.43358,3.69697],[113.47468,3.66884],[113.48992,3.62489],[113.50031,3.60662],[113.50713,3.60214],[113.50275,3.58796],[113.49736,3.57905],[113.50471,3.55152],[113.48061,3.46913],[113.49598,3.47014],[113.51189,3.46042],[113.53099,3.44152],[113.55906,3.46221],[113.59149,3.46473],[113.62539,3.44618],[113.64954,3.44429],[113.67562,3.43246],[113.68257,3.42739],[113.68376,3.42011],[113.67836,3.40753],[113.67247,3.40079],[113.66544,3.3865],[113.68152,3.35885],[113.69288,3.34782],[113.70512,3.34532],[113.72239,3.35694],[113.73028,3.37912],[113.7456,3.37913],[113.76206,3.35817],[113.75711,3.32078],[113.79139,3.32156],[113.88017,3.44476],[113.88304,3.47735],[113.89155,3.50027],[113.90482,3.50189],[113.90675,3.52325],[113.91922,3.5342],[113.93854,3.52888],[113.94308,3.53829],[113.95576,3.52369],[113.96054,3.55107],[113.95942,3.55696],[113.95279,3.57173],[113.9523,3.58644],[113.95478,3.59678],[113.96508,3.61341],[113.99574,3.64586],[114.00015,3.68521],[114.01393,3.68652],[114.02719,3.7137],[113.997,3.73435],[113.98832,3.73499],[113.98051,3.73866],[113.97908,3.74113],[113.98059,3.74742],[114.01678,3.7933],[113.99638,3.81015],[113.99142,3.81541],[113.98164,3.83877],[113.98255,3.84475],[113.98576,3.85155],[113.99486,3.85931],[114.01332,3.8683],[114.02854,3.87679],[114.02056,3.90128],[114.03114,3.92386],[114.03308,3.94075],[113.98579,4.04537],[113.98939,4.09939],[113.96114,4.14773],[113.98607,4.16993],[113.99294,4.18428],[113.99164,4.18888],[113.99542,4.19804],[113.93544,4.18218],[113.92068,4.19064],[113.82653,4.0992],[113.81567,4.07327],[113.81021,4.08524]]]},"properties":{"state":"Sarawak","district":"Subis","code_state":13,"code_district":38,"code_state_district":"13_38"}},
{"type":"Feature","geometry":{"type":"Polygon","coordinates":[[[114.29261,3.93158],[114.28081,3.91874],[114.27276,3.91592],[114.26985,3.90256],[114.25608,3.89746],[114.26214,3.95402],[114.24123,3.99063],[114.21311,4.06184],[114.21429,4.08855],[114.20861,4.13374],[114.24186,4.18056],[114.07811,4.23217],[114.04638,4.2131],[114.0008,4.20424],[113.99164,4.18888],[113.99294,4.18428],[113.98607,4.16993],[113.96114,4.14773],[113.98939,4.09939],[113.98579,4.04537],[114.03308,3.94075],[114.03114,3.92386],[114.02056,3.90128],[114.02854,3.87679],[114.01332,3.8683],[113.99128,3.85661],[113.98488,3.85038],[113.98162,3.8403],[113.98728,3.82324],[113.99224,3.81421],[113.99638,3.81015],[114.01678,3.7933],[113.98059,3.74742],[113.97952,3.73972],[113.98967,3.73455],[113.997,3.73435],[114.02719,3.7137],[114.01393,3.68652],[114.00015,3.68521],[113.99574,3.64586],[113.96508,3.61341],[113.9624,3.60797],[113.97185,3.59727],[113.9779,3.59752],[113.98181,3.59181],[113.98918,3.55495],[114.0145,3.48773],[114.01333,3.47348],[113.98012,3.44875],[113.99925,3.42847],[113.99273,3.3906],[113.99984,3.38827],[114.01451,3.39652],[114.02069,3.40805],[114.0316,3.41767],[114.03745,3.42067],[114.04252,3.41994],[114.04808,3.40958],[114.06905,3.38669],[114.05348,3.37173],[114.04809,3.35591],[114.0559,3.35221],[114.04767,3.32404],[114.05147,3.31328],[114.05675,3.30742],[114.06755,3.30826],[114.07867,3.31203],[114.13021,3.29728],[114.18033,3.34008],[114.2049,3.33155],[114.27494,3.25718],[114.31654,3.19591],[114.33132,3.16683],[114.32939,3.14772],[114.27219,3.18466],[114.25308,3.18094],[114.24449,3.18113],[114.24361,3.17153],[114.24793,3.16035],[114.25499,3.15402],[114.3124,3.10773],[114.3432,3.06125],[114.39789,3.0552],[114.41904,2.98675],[114.44068,2.95184],[114.47879,2.95045],[114.49938,2.93679],[114.50141,2.90089],[114.53445,2.87226],[114.55774,2.90161],[114.56219,2.92447],[114.53516,2.98898],[114.54025,3.00779],[114.53044,3.02771],[114.53971,3.04865],[114.66478,3.05334],[114.69248,3.02819],[114.68921,3.04183],[114.70215,3.05703],[114.70333,3.07821],[114.71561,3.08061],[114.71567,3.09975],[114.64119,3.12799],[114.61121,3.18025],[114.62105,3.19885],[114.57515,3.24452],[114.57066,3.2757],[114.47889,3.33467],[114.48302,3.35355],[114.42959,3.40139],[114.4032,3.45335],[114.30982,3.4806],[114.2705,3.52728],[114.25332,3.58872],[114.2929,3.56437],[114.31273,3.56358],[114.36628,3.64245],[114.36156,3.76227],[114.41031,3.86256],[114.41247,3.9549],[114.36817,3.96412],[114.34267,3.9675],[114.33018,3.98094],[114.31781,4.01512],[114.30925,3.99895],[114.29563,3.9889],[114.29003,3.99621],[114.28646,3.99525],[114.28635,3.98073],[114.29784,3.97594],[114.30091,3.9506],[114.29261,3.93158]]]},"properties":{"state":"Sarawak","district":"Beluru","code_state":13,"code_district":39,"code_state_district":"13_39"}},
{"type":"Feature","geometry":{"type":"Polygon","coordinates":[[[114.41247,3.9549],[114.41031,3.86256],[114.36156,3.76227],[114.36628,3.64245],[114.31273,3.56358],[114.2929,3.56437],[114.25332,3.58872],[114.2705,3.52728],[114.30982,3.4806],[114.4032,3.45335],[114.42959,3.40139],[114.48302,3.35355],[114.47889,3.33467],[114.57066,3.2757],[114.57515,3.24452],[114.62105,3.19885],[114.61121,3.18025],[114.64119,3.12799],[114.71567,3.09975],[114.71561,3.08061],[114.70333,3.07821],[114.70215,3.05703],[114.68921,3.04183],[114.69248,3.02819],[114.66478,3.05334],[114.53971,3.04865],[114.53044,3.02771],[114.54025,3.00779],[114.53516,2.98898],[114.56219,2.92447],[114.55774,2.90161],[114.53445,2.87226],[114.55528,2.86608],[114.57553,2.86608],[114.59802,2.86753],[114.60844,2.86551],[114.61855,2.85933],[114.62374,2.85245],[114.62867,2.83473],[114.66637,2.81177],[114.67284,2.77332],[114.72575,2.70625],[114.74185,2.70868],[114.76047,2.69346],[114.76977,2.70173],[114.82105,2.69362],[114.8385,2.70186],[114.85555,2.70244],[114.88488,2.6923],[114.8928,2.68681],[114.90016,2.67902],[114.91202,2.67402],[114.93554,2.67212],[114.94674,2.67541],[114.95819,2.68132],[114.99379,2.70526],[115.01445,2.71663],[115.0441,2.7474],[115.05359,2.79591],[115.06045,2.80953],[115.0733,2.81258],[115.1391,2.87227],[115.14014,2.90203],[115.16344,2.92717],[115.18794,2.93238],[115.21107,2.95806],[115.25027,2.96642],[115.24581,2.98131],[115.28203,3.0454],[115.29542,3.03993],[115.2971,3.07887],[115.13924,3.33483],[115.1101,3.51417],[115.24503,3.77775],[115.12016,3.90255],[115.05781,3.9471],[115.02293,3.91671],[115.01711,3.90435],[115.00339,3.88725],[114.9739,3.88618],[114.97312,3.87279],[114.96188,3.87241],[114.9359,3.90695],[114.91383,3.90136],[114.86718,3.92646],[114.73043,3.86263],[114.60806,3.87241],[114.59987,3.86793],[114.60517,3.85148],[114.59553,3.85468],[114.58792,3.83518],[114.59146,3.82189],[114.5721,3.82434],[114.55257,3.80479],[114.51859,3.8091],[114.47318,3.79538],[114.46454,3.7962],[114.46186,3.79747],[114.46251,3.80034],[114.46059,3.80057],[114.46004,3.80318],[114.46031,3.8082],[114.46353,3.81006],[114.46218,3.82334],[114.44119,3.82411],[114.44794,3.84921],[114.46476,3.85489],[114.46819,3.86675],[114.46195,3.8872],[114.43616,3.8862],[114.4475,3.89877],[114.44149,3.90601],[114.45518,3.91277],[114.44023,3.92177],[114.43841,3.9372],[114.42996,3.93447],[114.42842,3.95634],[114.41247,3.9549]]]},"properties":{"state":"Sarawak","district":"Telang Usan","code_state":13,"code_district":40,"code_state_district":"13_40"}},
{"type":"Feature","geometry":{"type":"Polygon","coordinates":[[[101.67329,3.23577],[101.65756,3.24396],[101.64032,3.23452],[101.63617,3.21903],[101.62853,3.21138],[101.61786,3.198],[101.61347,3.15534],[101.62879,3.13349],[101.64671,3.1301],[101.65176,3.11291],[101.65912,3.11719],[101.66334,3.08921],[101.64724,3.07484],[101.66073,3.05279],[101.65262,3.04972],[101.67926,3.04516],[101.71166,3.05761],[101.71545,3.05742],[101.72284,3.03708],[101.72938,3.0409],[101.73075,3.05697],[101.74838,3.0573],[101.74507,3.08908],[101.75368,3.10748],[101.73804,3.11636],[101.73538,3.13988],[101.75058,3.16406],[101.73924,3.16554],[101.73457,3.16784],[101.73182,3.17608],[101.73274,3.18123],[101.75532,3.18322],[101.75657,3.19969],[101.75106,3.20345],[101.74158,3.21746],[101.73964,3.2262],[101.73981,3.23664],[101.73033,3.23641],[101.71488,3.21596],[101.67329,3.23577]]]},"properties":{"state":"W.P. Kuala Lumpur","district":"W.P. Kuala Lumpur","code_state":14,"code_district":1,"code_state_district":"14_1"}},
{"type":"Feature","geometry":{"type":"MultiPolygon","coordinates":[[[[115.15753,5.25054],[115.21345,5.28018],[115.24114,5.24157],[115.24642,5.25716],[115.23471,5.28555],[115.25274,5.27179],[115.26942,5.2889],[115.24415,5.35084],[115.25198,5.39314],[115.19798,5.34702],[115.15753,5.25054]]],[[[115.31626,5.28159],[115.30715,5.2684],[115.32693,5.26322],[115.33002,5.27754],[115.31626,5.28159]]],[[[115.13031,5.22809],[115.12206,5.233],[115.13108,5.21736],[115.14187,5.21885],[115.13031,5.22809]]]]},"properties":{"state":"W.P. Labuan","district":"W.P. Labuan","code_state":15,"code_district":1,"code_state_district":"15_1"}},
{"type":"Feature","geometry":{"type":"Polygon","coordinates":[[[101.69829,2.96828],[101.70644,2.98313],[101.68541,2.97107],[101.66138,2.96365],[101.67317,2.94812],[101.66333,2.94389],[101.67094,2.91906],[101.65841,2.89906],[101.67319,2.876],[101.69614,2.89384],[101.70635,2.92915],[101.73129,2.92907],[101.73106,2.95313],[101.69829,2.96828]]]},"properties":{"state":"W.P. Putrajaya","district":"W.P. Putrajaya","code_state":16,"code_district":1,"code_state_district":"16_1"}}
]}